{
  "generatedAt": "2026-06-07T04:59:04.434Z",
  "cli": "hwlab-cli",
  "version": "0.2.0-client",
  "ok": true,
  "action": "case.run",
  "status": "completed",
  "caseId": "d601-f103-v2-main-marker-download-uart",
  "runId": "d601-f103-v2-main-marker-download-uart-20260607045725-fafbb2ac",
  "runDir": "/root/hwlab-v02/.state/hwlab-cli/caserun/d601-f103-v2-main-marker-download-uart-20260607045725-fafbb2ac",
  "compileOnly": true,
  "prepare": {
    "status": "prepared",
    "caseId": "d601-f103-v2-main-marker-download-uart",
    "runId": "d601-f103-v2-main-marker-download-uart-20260607045725-fafbb2ac",
    "specPath": "/root/hwlab-v02/.state/hwlab-cli/caserun/d601-f103-v2-main-marker-download-uart-20260607045725-fafbb2ac/.hwlab/hwpod-spec.yaml",
    "apiUrl": "http://74.48.78.17:19667",
    "subject": {
      "repoLocalPath": "F:\\Work\\HWLAB-CASE-F103",
      "commitId": "df7a4e6e551fa90d64bde5537cc000f89d63dd20",
      "worktreePath": "F:\\Work\\HWLAB-CASE-F103\\.worktree\\caserun-d601-f103-v2-main-marker-download-uart-20260607045725-fafbb2ac"
    }
  },
  "agent": {
    "stageStatus": "completed",
    "baseUrl": "http://74.48.78.17:19666",
    "projectId": "prj_hwpod_workbench",
    "providerProfile": "deepseek",
    "conversationId": "cnv_case_d601-f103-v2-main-marker-download-uart_d601-f103-v2-main-marker-download-uart-20260607045725-fafbb2ac",
    "sessionId": "ses_3ebec659-5df9-41f3-a6c9-2d0d439fb6ef",
    "traceId": "trc_case_d601-f103-v2-main-marker-download-uart_c6a323fa0084438d94eadcd865934c16",
    "promptPath": "/root/hwlab-v02/.state/hwlab-cli/caserun/d601-f103-v2-main-marker-download-uart-20260607045725-fafbb2ac/agent-prompt.md",
    "promptSha256": "3fe8320ed7d1a13862ec946a808b5e0518e19bf780a37da1ce047d5dbf751d8d",
    "polls": 32,
    "timedOut": false,
    "timeoutMs": 600000,
    "pollIntervalMs": 1000,
    "lastHttpStatus": 200,
    "nextPollCommand": "hwlab-cli client agent result trc_case_d601-f103-v2-main-marker-download-uart_c6a323fa0084438d94eadcd865934c16",
    "traceCommand": "hwlab-cli client agent trace trc_case_d601-f103-v2-main-marker-download-uart_c6a323fa0084438d94eadcd865934c16 --render web",
    "inspectCommand": "hwlab-cli client agent inspect --trace-id trc_case_d601-f103-v2-main-marker-download-uart_c6a323fa0084438d94eadcd865934c16",
    "sessionCommand": "hwlab-cli client agent session status ses_3ebec659-5df9-41f3-a6c9-2d0d439fb6ef",
    "traceLookup": {
      "source": "hwlab-cli.client.agent",
      "strategy": "id_plus_existing_cli",
      "note": "CaseRun records trace/session identity and reuses existing HWLAB Web-equivalent agent CLI for trace/result/inspect; it does not implement a separate trace query path.",
      "baseUrl": "http://74.48.78.17:19666",
      "traceId": "trc_case_d601-f103-v2-main-marker-download-uart_c6a323fa0084438d94eadcd865934c16",
      "sessionId": "ses_3ebec659-5df9-41f3-a6c9-2d0d439fb6ef",
      "conversationId": "cnv_case_d601-f103-v2-main-marker-download-uart_d601-f103-v2-main-marker-download-uart-20260607045725-fafbb2ac",
      "commands": {
        "result": "hwlab-cli client agent result trc_case_d601-f103-v2-main-marker-download-uart_c6a323fa0084438d94eadcd865934c16",
        "trace": "hwlab-cli client agent trace trc_case_d601-f103-v2-main-marker-download-uart_c6a323fa0084438d94eadcd865934c16 --render web",
        "traceFull": "hwlab-cli client agent trace trc_case_d601-f103-v2-main-marker-download-uart_c6a323fa0084438d94eadcd865934c16 --render web --full",
        "inspect": "hwlab-cli client agent inspect --trace-id trc_case_d601-f103-v2-main-marker-download-uart_c6a323fa0084438d94eadcd865934c16",
        "sessionStatus": "hwlab-cli client agent session status ses_3ebec659-5df9-41f3-a6c9-2d0d439fb6ef"
      }
    }
  },
  "agentTrace": {
    "traceId": "trc_case_d601-f103-v2-main-marker-download-uart_c6a323fa0084438d94eadcd865934c16",
    "status": "completed",
    "httpStatus": 200,
    "source": "hwlab-cli.client.agent.trace",
    "lookup": {
      "source": "hwlab-cli.client.agent",
      "strategy": "id_plus_existing_cli",
      "note": "CaseRun records trace/session identity and reuses existing HWLAB Web-equivalent agent CLI for trace/result/inspect; it does not implement a separate trace query path.",
      "baseUrl": "http://74.48.78.17:19666",
      "traceId": "trc_case_d601-f103-v2-main-marker-download-uart_c6a323fa0084438d94eadcd865934c16",
      "sessionId": "ses_3ebec659-5df9-41f3-a6c9-2d0d439fb6ef",
      "conversationId": "cnv_case_d601-f103-v2-main-marker-download-uart_d601-f103-v2-main-marker-download-uart-20260607045725-fafbb2ac",
      "commands": {
        "result": "hwlab-cli client agent result trc_case_d601-f103-v2-main-marker-download-uart_c6a323fa0084438d94eadcd865934c16",
        "trace": "hwlab-cli client agent trace trc_case_d601-f103-v2-main-marker-download-uart_c6a323fa0084438d94eadcd865934c16 --render web",
        "traceFull": "hwlab-cli client agent trace trc_case_d601-f103-v2-main-marker-download-uart_c6a323fa0084438d94eadcd865934c16 --render web --full",
        "inspect": "hwlab-cli client agent inspect --trace-id trc_case_d601-f103-v2-main-marker-download-uart_c6a323fa0084438d94eadcd865934c16",
        "sessionStatus": "hwlab-cli client agent session status ses_3ebec659-5df9-41f3-a6c9-2d0d439fb6ef"
      }
    },
    "sourceEventCount": 1893,
    "renderedRowCount": 51,
    "commandCount": 20,
    "hwpodCommandCount": 18,
    "hwpodBuildCommandCount": 1,
    "keilJobCandidates": [
      "20260607_125803_17cae084",
      "20260607_125812_c7ff0ce5"
    ],
    "terminalStatus": "completed",
    "commands": [
      {
        "source": "trace-row",
        "seq": 80,
        "rowId": "tool:call_00_R5uvp7S9oyap8HbTjbWZ9406",
        "header": "04:57:44 total=00:00:09 ok commandExecution",
        "command": "hwpod-ctl spec validate --spec .hwlab/hwpod-spec.yaml",
        "normalizedCommand": "hwpod-ctl spec validate --spec .hwlab/hwpod-spec.yaml",
        "bodyPreview": "hwpod-ctl spec validate --spec .hwlab/hwpod-spec.yaml stdout: { \"ok\": true, \"action\": \"hwpod-ctl.spec.validate\", \"status\": \"succeeded\", \"specPath\": \".hwlab/hwpod-spec.yaml\", \"document\": { \"apiVersion\": \"hwlab.dev/v0alpha1\", \"kind\": \"Hwpod\", \"metadata\": { \"uid\": \"D601-F103-V2\", \"name\": \"d601-f103-v2\" }, \"spec\": { \"targetDevice\": { \"board\": \"D601-F103-V2\", \"mcu\": \"STM32F103\" }, \"workspace\": { \"path\": \"F:\\\\Work\\\\HWLAB-CASE-F103\\\\.worktree\\\\caserun-d601-f103-v2-main-marker-download-uart-20260607045725-fafbb2ac\", \"toolchain\": \"keil-mdk\", \"keilProject\": \"projects/01_baseline/Projects/MDK-ARM/atk_f103.uvprojx\", \"keilTarget\": \"USART\", \"keilCliPath\": \"C:\\\\User... exitCode=0",
        "exitCode": 0
      },
      {
        "source": "trace-row",
        "seq": 83,
        "rowId": "tool:call_01_wYDHWSUMRgnXFxLLyVRL9358",
        "header": "04:57:44 total=00:00:10 ok commandExecution",
        "command": "hwpod inspect --spec .hwlab/hwpod-spec.yaml",
        "normalizedCommand": "hwpod inspect --spec .hwlab/hwpod-spec.yaml",
        "bodyPreview": "hwpod inspect --spec .hwlab/hwpod-spec.yaml stdout: { \"ok\": true, \"action\": \"hwpod-cli.invoke\", \"status\": \"completed\", \"specPath\": \".hwlab/hwpod-spec.yaml\", \"intent\": \"inspect\", \"contractVersion\": \"hwpod-node-ops-v1\", \"compilerInvocation\": { \"compiler\": \"hwpod-compiler-cli\", \"mode\": \"subprocess\", \"entrypoint\": \"tools/hwpod-compiler-cli.ts\", \"argv\": [ \"compile\", \"--spec\", \".hwlab/hwpod-spec.yaml\", \"--intent\", \"inspect\", \"--args\", \"<json>\" ], \"exitCode\": 0, \"action\": \"hwpod-compiler.compile\", \"contractVersion\": \"hwpod-node-ops-v1\", \"planId\": \"hwpod_plan_85cd85ff-7f48-49d1-a27a-c55fac0e062c\", \"source\": { \"compiler\": \"hwpod-compiler-cli\", \"specP... exitCode=0",
        "exitCode": 0
      },
      {
        "source": "trace-row",
        "seq": 314,
        "rowId": "tool:call_00_NGDVSBN4hJhMVfzrjqvo2364",
        "header": "04:57:56 total=00:00:21 ok commandExecution",
        "command": "hwpod workspace insert-after --help 2>&1 || hwpod workspace --help 2>&1 | head -60",
        "normalizedCommand": "hwpod workspace insert-after --help 2>&1 || hwpod workspace --help 2>&1 | head -60",
        "bodyPreview": "hwpod workspace insert-after --help 2>&1 || hwpod workspace --help 2>&1 | head -60 stdout: { \"ok\": true, \"action\": \"hwpod-cli.workspace.help\", \"status\": \"succeeded\", \"contractVersion\": \"hwpod-node-ops-v1\", \"command\": \"workspace\", \"subcommand\": \"insert-after\", \"usage\": [ \"hwpod workspace ls [path] --spec .hwlab/hwpod-spec.yaml\", \"hwpod workspace cat <path> --spec .hwlab/hwpod-spec.yaml\", \"hwpod workspace read <path> --spec .hwlab/hwpod-spec.yaml\", \"hwpod workspace cat --file <path> --spec .hwlab/hwpod-spec.yaml\", \"hwpod workspace cat --remote-path <path> --spec .hwlab/hwpod-spec.yaml\", \"hwpod workspace write --path <path> --content <text> --expected-sha <sha>\", \"hwpod workspace re... exitCode=0",
        "exitCode": 0
      },
      {
        "source": "trace-row",
        "seq": 532,
        "rowId": "tool:call_00_b8BkBCA3kw27PEw5Ry9E6628",
        "header": "04:58:04 total=00:00:29 ok commandExecution",
        "command": "hwpod build --spec .hwlab/hwpod-spec.yaml --timeout 120",
        "normalizedCommand": "hwpod build --spec .hwlab/hwpod-spec.yaml --timeout 120",
        "bodyPreview": "hwpod build --spec .hwlab/hwpod-spec.yaml --timeout 120 stdout: { \"ok\": true, \"action\": \"hwpod-cli.invoke\", \"status\": \"completed\", \"specPath\": \".hwlab/hwpod-spec.yaml\", \"intent\": \"debug.build\", \"contractVersion\": \"hwpod-node-ops-v1\", \"compilerInvocation\": { \"compiler\": \"hwpod-compiler-cli\", \"mode\": \"subprocess\", \"entrypoint\": \"tools/hwpod-compiler-cli.ts\", \"argv\": [ \"compile\", \"--spec\", \".hwlab/hwpod-spec.yaml\", \"--intent\", \"debug.build\", \"--args\", \"<json>\" ], \"exitCode\": 0, \"action\": \"hwpod-compiler.compile\", \"contractVersion\": \"hwpod-node-ops-v1\", \"planId\": \"hwpod_plan_fc6e13e1-4e57-48ec-8f5f-437c020f35f0\", \"source\": { \"compiler\": \"hwpod-compiler-cli\"... exitCode=0",
        "exitCode": 0
      },
      {
        "source": "trace-row",
        "seq": 796,
        "rowId": "tool:call_00_tiNGy7znRrQpue1dbscS8879",
        "header": "04:58:13 total=00:00:38 ok commandExecution",
        "command": "hwpod download --spec .hwlab/hwpod-spec.yaml --timeout 120",
        "normalizedCommand": "hwpod download --spec .hwlab/hwpod-spec.yaml --timeout 120",
        "bodyPreview": "hwpod download --spec .hwlab/hwpod-spec.yaml --timeout 120 stdout: { \"ok\": true, \"action\": \"hwpod-cli.invoke\", \"status\": \"completed\", \"specPath\": \".hwlab/hwpod-spec.yaml\", \"intent\": \"debug.download\", \"contractVersion\": \"hwpod-node-ops-v1\", \"compilerInvocation\": { \"compiler\": \"hwpod-compiler-cli\", \"mode\": \"subprocess\", \"entrypoint\": \"tools/hwpod-compiler-cli.ts\", \"argv\": [ \"compile\", \"--spec\", \".hwlab/hwpod-spec.yaml\", \"--intent\", \"debug.download\", \"--args\", \"<json>\" ], \"exitCode\": 0, \"action\": \"hwpod-compiler.compile\", \"contractVersion\": \"hwpod-node-ops-v1\", \"planId\": \"hwpod_plan_a43cdad3-93e3-4591-96e8-cc541a329162\", \"source\": { \"compiler\": \"hwpod-compile... exitCode=0",
        "exitCode": 0
      },
      {
        "source": "trace-row",
        "seq": 1387,
        "rowId": "tool:call_00_qJHUp7rguKHp942Y0RNG0525",
        "header": "04:58:29 total=00:00:54 ok commandExecution",
        "command": "hwpod uart read --spec .hwlab/hwpod-spec.yaml --port uart1 --max-bytes 4096 --timeout 30",
        "normalizedCommand": "hwpod uart read --spec .hwlab/hwpod-spec.yaml --port uart1 --max-bytes 4096 --timeout 30",
        "bodyPreview": "hwpod uart read --spec .hwlab/hwpod-spec.yaml --port uart1 --max-bytes 4096 --timeout 30 stdout: { \"ok\": false, \"action\": \"hwpod-cli.invoke\", \"status\": \"failed\", \"specPath\": \".hwlab/hwpod-spec.yaml\", \"intent\": \"io.uart.read\", \"contractVersion\": \"hwpod-node-ops-v1\", \"compilerInvocation\": { \"compiler\": \"hwpod-compiler-cli\", \"mode\": \"subprocess\", \"entrypoint\": \"tools/hwpod-compiler-cli.ts\", \"argv\": [ \"compile\", \"--spec\", \".hwlab/hwpod-spec.yaml\", \"--intent\", \"io.uart.read\", \"--args\", \"<json>\" ], \"exitCode\": 0, \"action\": \"hwpod-compiler.compile\", \"contractVersion\": \"hwpod-node-ops-v1\", \"planId\": \"hwpod_plan_ab107fa1-cade-4557-81b1-ccc38e89a10a\", \"source\": { \"compiler\": \"hwpod-compiler-cli\"... exitCode=1",
        "exitCode": 1
      },
      {
        "source": "trace-row",
        "seq": 54,
        "rowId": "tool:call_00_roFrIgZscg3Q3L7ZjDHV2057",
        "header": "04:57:41 total=00:00:06 ok commandExecution",
        "command": "test -f .hwlab/hwpod-spec.yaml && echo \"EXISTS\" || echo \"MISSING\"",
        "normalizedCommand": "test -f .hwlab/hwpod-spec.yaml && echo \"EXISTS\" || echo \"MISSING",
        "bodyPreview": "test -f .hwlab/hwpod-spec.yaml && echo \"EXISTS\" || echo \"MISSING\" stdout: EXISTS exitCode=0",
        "exitCode": 0
      },
      {
        "source": "trace-row",
        "seq": 56,
        "rowId": "tool:call_01_2Xi3ucZGR8pou9m7EMmI4090",
        "header": "04:57:42 total=00:00:07 ok commandExecution",
        "command": "command -v hwpod >/dev/null 2>&1 && echo \"hwpod: YES\" || echo \"hwpod: NO\"; command -v hwpod-ctl >/dev/null 2>&1 && echo \"hwpod-ctl: YES\" || echo \"hwpod-ctl: NO\"; command -v hwpod-compiler-cli >/dev/null 2>&1 && echo \"hwpod-compiler-cli: YES\" || echo \"hwpod-compiler-cli: NO\"",
        "normalizedCommand": "command -v hwpod >/dev/null 2>&1 && echo \"hwpod: YES\" || echo \"hwpod: NO\"; command -v hwpod-ctl >/dev/null 2>&1 && echo \"hwpod-ctl: YES\" || echo \"hwpod-ctl: NO\"; command -v hwpod-compiler-cli >/dev/null 2>&1 && echo \"hwpod-compiler-cli: YES\" || echo \"hwpod-compiler-cli: NO",
        "bodyPreview": "command -v hwpod >/dev/null 2>&1 && echo \"hwpod: YES\" || echo \"hwpod: NO\"; command -v hwpod-ctl >/dev/null 2>&1 && echo \"hwpod-ctl: YES\" || echo \"hwpod-ctl: NO\"; command -v hwpod-compiler-cli >/dev/null 2>&1 && echo \"hwpod-compiler-cli: YES\" || echo \"hwpod-compiler-cli: NO\" stdout: hwpod: YES hwpod-ctl: YES hwpod-compiler-cli: NO exitCode=0",
        "exitCode": 0
      },
      {
        "source": "trace-row",
        "seq": 113,
        "rowId": "tool:call_00_4PoXTC09EquEDWOXhu2m0525",
        "header": "04:57:47 total=00:00:12 ok commandExecution",
        "command": "hwpod node exec --spec .hwlab/hwpod-spec.yaml --cmd \"dir F:\\Work\\HWLAB-CASE-F103\\.worktree\\caserun-d601-f103-v2-main-marker-download-uart-20260607045725-fafbb2ac\\projects\\01_baseline\\User\\main.c\" --timeout 10",
        "normalizedCommand": "hwpod node exec --spec .hwlab/hwpod-spec.yaml --cmd \"dir F:\\Work\\HWLAB-CASE-F103\\.worktree\\caserun-d601-f103-v2-main-marker-download-uart-20260607045725-fafbb2ac\\projects\\01_baseline\\User\\main.c\" --timeout 10",
        "bodyPreview": "hwpod node exec --spec .hwlab/hwpod-spec.yaml --cmd \"dir F:\\Work\\HWLAB-CASE-F103\\.worktree\\caserun-d601-f103-v2-main-marker-download-uart-20260607045725-fafbb2ac\\projects\\01_baseline\\User\\main.c\" --timeout 10 stdout: { \"ok\": false, \"action\": \"hwpod-cli\", \"status\": \"failed\", \"error\": { \"code\": \"hwpod_compiler_failed\", \"message\": \"hwpod-compiler-cli failed to compile hwpod-node-ops plan\", \"details\": { \"compilerInvocation\": { \"compiler\": \"hwpod-compiler-cli\", \"mode\": \"subprocess\", \"entrypoint\": \"tools/hwpod-compiler-cli.ts\", \"argv\": [ \"compile\", \"--spec\", \".hwlab/hwpod-spec.yaml\", \"--intent\", \"node.exec\", \"--args\", \"<json>\" ], \"exitCode\": 1 }, \"stdout\": \"{\\n \\\"ok\\\": false,\\n \\\"action\\\": \\\"hwpod-compiler-cli\\\",\\n \\\"status\\\": \\\"failed\\\",\\n \\\"error\\\": {\\n \\\"code\\\": \\\"unsupported_hwpod_intent\\\",\\n \\\"message\\\":... exitCode=1",
        "exitCode": 1
      },
      {
        "source": "trace-row",
        "seq": 147,
        "rowId": "tool:call_00_DNMTYgAVftAJCpu0ZJEr4729",
        "header": "04:57:49 total=00:00:14 ok commandExecution",
        "command": "hwpod workspace ls --spec .hwlab/hwpod-spec.yaml --path projects/01_baseline/User --timeout 15",
        "normalizedCommand": "hwpod workspace ls --spec .hwlab/hwpod-spec.yaml --path projects/01_baseline/User --timeout 15",
        "bodyPreview": "hwpod workspace ls --spec .hwlab/hwpod-spec.yaml --path projects/01_baseline/User --timeout 15 stdout: { \"ok\": true, \"action\": \"hwpod-cli.invoke\", \"status\": \"completed\", \"specPath\": \".hwlab/hwpod-spec.yaml\", \"intent\": \"workspace.ls\", \"contractVersion\": \"hwpod-node-ops-v1\", \"compilerInvocation\": { \"compiler\": \"hwpod-compiler-cli\", \"mode\": \"subprocess\", \"entrypoint\": \"tools/hwpod-compiler-cli.ts\", \"argv\": [ \"compile\", \"--spec\", \".hwlab/hwpod-spec.yaml\", \"--intent\", \"workspace.ls\", \"--args\", \"<json>\" ], \"exitCode\": 0, \"action\": \"hwpod-compiler.compile\", \"contractVersion\": \"hwpod-node-ops-v1\", \"planId\": \"hwpod_plan_50b7c5d0-1022-48a1-90b9-e84a70d6278f\", \"source\": { \"compiler\": \"hwpod-compiler-cl... exitCode=0",
        "exitCode": 0
      },
      {
        "source": "trace-row",
        "seq": 186,
        "rowId": "tool:call_00_98ltSSAUqgmojtsU9Rju4109",
        "header": "04:57:51 total=00:00:16 ok commandExecution",
        "command": "hwpod workspace cat --spec .hwlab/hwpod-spec.yaml --path projects/01_baseline/User/main.c --timeout 15",
        "normalizedCommand": "hwpod workspace cat --spec .hwlab/hwpod-spec.yaml --path projects/01_baseline/User/main.c --timeout 15",
        "bodyPreview": "hwpod workspace cat --spec .hwlab/hwpod-spec.yaml --path projects/01_baseline/User/main.c --timeout 15 stdout: { \"ok\": true, \"action\": \"hwpod-cli.invoke\", \"status\": \"completed\", \"specPath\": \".hwlab/hwpod-spec.yaml\", \"intent\": \"workspace.cat\", \"contractVersion\": \"hwpod-node-ops-v1\", \"compilerInvocation\": { \"compiler\": \"hwpod-compiler-cli\", \"mode\": \"subprocess\", \"entrypoint\": \"tools/hwpod-compiler-cli.ts\", \"argv\": [ \"compile\", \"--spec\", \".hwlab/hwpod-spec.yaml\", \"--intent\", \"workspace.cat\", \"--args\", \"<json>\" ], \"exitCode\": 0, \"action\": \"hwpod-compiler.compile\", \"contractVersion\": \"hwpod-node-ops-v1\", \"planId\": \"hwpod_plan_a4b2227b-6f7e-409a-8542-836036466d16\", \"source\": { \"compiler\": \"hwpod-compiler-... exitCode=0",
        "exitCode": 0
      },
      {
        "source": "trace-row",
        "seq": 268,
        "rowId": "tool:call_00_7DwTzSj0DyAQyXIxZ7YK2441",
        "header": "04:57:54 total=00:00:19 ok commandExecution",
        "command": "hwpod workspace insert-after --spec .hwlab/hwpod-spec.yaml --path projects/01_baseline/User/main.c --target \" usart_init(115200);\" --text \" printf(\\\"[D601-F103] d601-f103-v2-main-marker-download-uart-20260607045725-fafbb2ac\\\\r\\\\n\\\");\" --timeout 15",
        "normalizedCommand": "hwpod workspace insert-after --spec .hwlab/hwpod-spec.yaml --path projects/01_baseline/User/main.c --target \" usart_init(115200);\" --text \" printf(\\\"[D601-F103] d601-f103-v2-main-marker-download-uart-20260607045725-fafbb2ac\\\\r\\\\n\\\");\" --timeout 15",
        "bodyPreview": "hwpod workspace insert-after --spec .hwlab/hwpod-spec.yaml --path projects/01_baseline/User/main.c --target \" usart_init(115200);\" --text \" printf(\\\"[D601-F103] d601-f103-v2-main-marker-download-uart-20260607045725-fafbb2ac\\\\r\\\\n\\\");\" --timeout 15 stdout: { \"ok\": false, \"action\": \"hwpod-cli\", \"status\": \"failed\", \"error\": { \"code\": \"required_option_missing\", \"message\": \"anchor is required\", \"details\": { \"name\": \"anchor\" } }, \"observedAt\": \"2026-06-07T04:57:54.180Z\" } exitCode=1",
        "exitCode": 1
      },
      {
        "source": "trace-row",
        "seq": 364,
        "rowId": "tool:call_00_He27wQVtvZ5ADocmalgT7817",
        "header": "04:57:58 total=00:00:23 ok commandExecution",
        "command": "hwpod workspace insert-after --spec .hwlab/hwpod-spec.yaml --path projects/01_baseline/User/main.c --anchor \" usart_init(115200);\" --line \" printf(\\\"[D601-F103] d601-f103-v2-main-marker-download-uart-20260607045725-fafbb2ac\\\\r\\\\n\\\");\" --timeout 15",
        "normalizedCommand": "hwpod workspace insert-after --spec .hwlab/hwpod-spec.yaml --path projects/01_baseline/User/main.c --anchor \" usart_init(115200);\" --line \" printf(\\\"[D601-F103] d601-f103-v2-main-marker-download-uart-20260607045725-fafbb2ac\\\\r\\\\n\\\");\" --timeout 15",
        "bodyPreview": "hwpod workspace insert-after --spec .hwlab/hwpod-spec.yaml --path projects/01_baseline/User/main.c --anchor \" usart_init(115200);\" --line \" printf(\\\"[D601-F103] d601-f103-v2-main-marker-download-uart-20260607045725-fafbb2ac\\\\r\\\\n\\\");\" --timeout 15 stdout: { \"ok\": true, \"action\": \"hwpod-cli.invoke\", \"status\": \"completed\", \"specPath\": \".hwlab/hwpod-spec.yaml\", \"intent\": \"workspace.insert-after\", \"contractVersion\": \"hwpod-node-ops-v1\", \"compilerInvocation\": { \"compiler\": \"hwpod-compiler-cli\", \"mode\": \"subprocess\", \"entrypoint\": \"tools/hwpod-compiler-cli.ts\", \"argv\": [ \"compile\", \"--spec\", \".hwlab/hwpod-spec.yaml\", \"--intent\", \"workspace.insert-after\", \"--args\", \"<json>\" ], \"exitCode\": 0, \"action\": \"hwpod-compiler.compile\", \"contractVersion\": \"hwpod-node-ops-v1\", \"planId\": \"hwpod_plan_b5947d1a-f6f9-4a39-9c76-6ac49588ebd2\", \"source\": { \"compiler\"... exitCode=0",
        "exitCode": 0
      },
      {
        "source": "trace-row",
        "seq": 418,
        "rowId": "tool:call_00_wCnh9ShSHZo76ZgWYikM6217",
        "header": "04:58:01 total=00:00:26 ok commandExecution",
        "command": "hwpod workspace cat --spec .hwlab/hwpod-spec.yaml --path projects/01_baseline/User/main.c --timeout 15",
        "normalizedCommand": "hwpod workspace cat --spec .hwlab/hwpod-spec.yaml --path projects/01_baseline/User/main.c --timeout 15",
        "bodyPreview": "hwpod workspace cat --spec .hwlab/hwpod-spec.yaml --path projects/01_baseline/User/main.c --timeout 15 stdout: { \"ok\": true, \"action\": \"hwpod-cli.invoke\", \"status\": \"completed\", \"specPath\": \".hwlab/hwpod-spec.yaml\", \"intent\": \"workspace.cat\", \"contractVersion\": \"hwpod-node-ops-v1\", \"compilerInvocation\": { \"compiler\": \"hwpod-compiler-cli\", \"mode\": \"subprocess\", \"entrypoint\": \"tools/hwpod-compiler-cli.ts\", \"argv\": [ \"compile\", \"--spec\", \".hwlab/hwpod-spec.yaml\", \"--intent\", \"workspace.cat\", \"--args\", \"<json>\" ], \"exitCode\": 0, \"action\": \"hwpod-compiler.compile\", \"contractVersion\": \"hwpod-node-ops-v1\", \"planId\": \"hwpod_plan_c0422488-987b-42da-aefd-c9419fa3aae7\", \"source\": { \"compiler\": \"hwpod-compiler-... exitCode=0",
        "exitCode": 0
      },
      {
        "source": "trace-row",
        "seq": 594,
        "rowId": "tool:call_00_PP2PYhuG8UtUm6tU6lP58330",
        "header": "04:58:07 total=00:00:32 ok commandExecution",
        "command": "hwpod job status 20260607_125803_17cae084 --spec .hwlab/hwpod-spec.yaml --timeout 30",
        "normalizedCommand": "hwpod job status 20260607_125803_17cae084 --spec .hwlab/hwpod-spec.yaml --timeout 30",
        "bodyPreview": "hwpod job status 20260607_125803_17cae084 --spec .hwlab/hwpod-spec.yaml --timeout 30 stdout: { \"ok\": true, \"action\": \"hwpod-cli.invoke\", \"status\": \"completed\", \"specPath\": \".hwlab/hwpod-spec.yaml\", \"intent\": \"debug.job-status\", \"contractVersion\": \"hwpod-node-ops-v1\", \"compilerInvocation\": { \"compiler\": \"hwpod-compiler-cli\", \"mode\": \"subprocess\", \"entrypoint\": \"tools/hwpod-compiler-cli.ts\", \"argv\": [ \"compile\", \"--spec\", \".hwlab/hwpod-spec.yaml\", \"--intent\", \"debug.job-status\", \"--args\", \"<json>\" ], \"exitCode\": 0, \"action\": \"hwpod-compiler.compile\", \"contractVersion\": \"hwpod-node-ops-v1\", \"planId\": \"hwpod_plan_490c23dd-02fd-4a26-a2f6-6124411b67a8\", \"source\": { \"compiler\": \"hwpod-com... exitCode=0",
        "exitCode": 0
      },
      {
        "source": "trace-row",
        "seq": 724,
        "rowId": "tool:call_00_GXLIjSIMI4ZB8LLdYOeX9269",
        "header": "04:58:10 total=00:00:35 ok commandExecution",
        "command": "hwpod job status 20260607_125803_17cae084 --spec .hwlab/hwpod-spec.yaml --timeout 30",
        "normalizedCommand": "hwpod job status 20260607_125803_17cae084 --spec .hwlab/hwpod-spec.yaml --timeout 30",
        "bodyPreview": "hwpod job status 20260607_125803_17cae084 --spec .hwlab/hwpod-spec.yaml --timeout 30 stdout: { \"ok\": true, \"action\": \"hwpod-cli.invoke\", \"status\": \"completed\", \"specPath\": \".hwlab/hwpod-spec.yaml\", \"intent\": \"debug.job-status\", \"contractVersion\": \"hwpod-node-ops-v1\", \"compilerInvocation\": { \"compiler\": \"hwpod-compiler-cli\", \"mode\": \"subprocess\", \"entrypoint\": \"tools/hwpod-compiler-cli.ts\", \"argv\": [ \"compile\", \"--spec\", \".hwlab/hwpod-spec.yaml\", \"--intent\", \"debug.job-status\", \"--args\", \"<json>\" ], \"exitCode\": 0, \"action\": \"hwpod-compiler.compile\", \"contractVersion\": \"hwpod-node-ops-v1\", \"planId\": \"hwpod_plan_f345b7ee-cc79-4d88-b97f-635d8759c9c7\", \"source\": { \"compiler\": \"hwpod-com... exitCode=0",
        "exitCode": 0
      },
      {
        "source": "trace-row",
        "seq": 871,
        "rowId": "tool:call_00_45PdalRYNmx40FG0N1Yb5866",
        "header": "04:58:16 total=00:00:41 ok commandExecution",
        "command": "hwpod job status 20260607_125812_c7ff0ce5 --spec .hwlab/hwpod-spec.yaml --timeout 30",
        "normalizedCommand": "hwpod job status 20260607_125812_c7ff0ce5 --spec .hwlab/hwpod-spec.yaml --timeout 30",
        "bodyPreview": "hwpod job status 20260607_125812_c7ff0ce5 --spec .hwlab/hwpod-spec.yaml --timeout 30 stdout: { \"ok\": true, \"action\": \"hwpod-cli.invoke\", \"status\": \"completed\", \"specPath\": \".hwlab/hwpod-spec.yaml\", \"intent\": \"debug.job-status\", \"contractVersion\": \"hwpod-node-ops-v1\", \"compilerInvocation\": { \"compiler\": \"hwpod-compiler-cli\", \"mode\": \"subprocess\", \"entrypoint\": \"tools/hwpod-compiler-cli.ts\", \"argv\": [ \"compile\", \"--spec\", \".hwlab/hwpod-spec.yaml\", \"--intent\", \"debug.job-status\", \"--args\", \"<json>\" ], \"exitCode\": 0, \"action\": \"hwpod-compiler.compile\", \"contractVersion\": \"hwpod-node-ops-v1\", \"planId\": \"hwpod_plan_9f762dbf-395b-4e5c-a5b6-04fa4fe0eaa5\", \"source\": { \"compiler\": \"hwpod-com... exitCode=0",
        "exitCode": 0
      },
      {
        "source": "trace-row",
        "seq": 950,
        "rowId": "tool:call_00_toivQtGFxA40cDfGMyIW7191",
        "header": "04:58:18 total=00:00:43 ok commandExecution",
        "command": "hwpod job status 20260607_125812_c7ff0ce5 --spec .hwlab/hwpod-spec.yaml --timeout 30",
        "normalizedCommand": "hwpod job status 20260607_125812_c7ff0ce5 --spec .hwlab/hwpod-spec.yaml --timeout 30",
        "bodyPreview": "hwpod job status 20260607_125812_c7ff0ce5 --spec .hwlab/hwpod-spec.yaml --timeout 30 stdout: { \"ok\": true, \"action\": \"hwpod-cli.invoke\", \"status\": \"completed\", \"specPath\": \".hwlab/hwpod-spec.yaml\", \"intent\": \"debug.job-status\", \"contractVersion\": \"hwpod-node-ops-v1\", \"compilerInvocation\": { \"compiler\": \"hwpod-compiler-cli\", \"mode\": \"subprocess\", \"entrypoint\": \"tools/hwpod-compiler-cli.ts\", \"argv\": [ \"compile\", \"--spec\", \".hwlab/hwpod-spec.yaml\", \"--intent\", \"debug.job-status\", \"--args\", \"<json>\" ], \"exitCode\": 0, \"action\": \"hwpod-compiler.compile\", \"contractVersion\": \"hwpod-node-ops-v1\", \"planId\": \"hwpod_plan_6a26acff-504d-4d5f-8467-d389c0cc6891\", \"source\": { \"compiler\": \"hwpod-com... exitCode=0",
        "exitCode": 0
      },
      {
        "source": "trace-row",
        "seq": 1114,
        "rowId": "tool:call_00_lyGzlj4RhWJ5WDFbNHEK8175",
        "header": "04:58:22 total=00:00:47 ok commandExecution",
        "command": "hwpod job status 20260607_125812_c7ff0ce5 --spec .hwlab/hwpod-spec.yaml --timeout 30",
        "normalizedCommand": "hwpod job status 20260607_125812_c7ff0ce5 --spec .hwlab/hwpod-spec.yaml --timeout 30",
        "bodyPreview": "hwpod job status 20260607_125812_c7ff0ce5 --spec .hwlab/hwpod-spec.yaml --timeout 30 stdout: { \"ok\": true, \"action\": \"hwpod-cli.invoke\", \"status\": \"completed\", \"specPath\": \".hwlab/hwpod-spec.yaml\", \"intent\": \"debug.job-status\", \"contractVersion\": \"hwpod-node-ops-v1\", \"compilerInvocation\": { \"compiler\": \"hwpod-compiler-cli\", \"mode\": \"subprocess\", \"entrypoint\": \"tools/hwpod-compiler-cli.ts\", \"argv\": [ \"compile\", \"--spec\", \".hwlab/hwpod-spec.yaml\", \"--intent\", \"debug.job-status\", \"--args\", \"<json>\" ], \"exitCode\": 0, \"action\": \"hwpod-compiler.compile\", \"contractVersion\": \"hwpod-node-ops-v1\", \"planId\": \"hwpod_plan_69a17933-1cca-4e21-b6af-ebdb01107d41\", \"source\": { \"compiler\": \"hwpod-com... exitCode=0",
        "exitCode": 0
      },
      {
        "source": "trace-row",
        "seq": 1203,
        "rowId": "tool:call_00_QolFXWIjLKFBhfuBM3792689",
        "header": "04:58:25 total=00:00:50 ok commandExecution",
        "command": "hwpod job status 20260607_125812_c7ff0ce5 --spec .hwlab/hwpod-spec.yaml --timeout 30",
        "normalizedCommand": "hwpod job status 20260607_125812_c7ff0ce5 --spec .hwlab/hwpod-spec.yaml --timeout 30",
        "bodyPreview": "hwpod job status 20260607_125812_c7ff0ce5 --spec .hwlab/hwpod-spec.yaml --timeout 30 stdout: { \"ok\": true, \"action\": \"hwpod-cli.invoke\", \"status\": \"completed\", \"specPath\": \".hwlab/hwpod-spec.yaml\", \"intent\": \"debug.job-status\", \"contractVersion\": \"hwpod-node-ops-v1\", \"compilerInvocation\": { \"compiler\": \"hwpod-compiler-cli\", \"mode\": \"subprocess\", \"entrypoint\": \"tools/hwpod-compiler-cli.ts\", \"argv\": [ \"compile\", \"--spec\", \".hwlab/hwpod-spec.yaml\", \"--intent\", \"debug.job-status\", \"--args\", \"<json>\" ], \"exitCode\": 0, \"action\": \"hwpod-compiler.compile\", \"contractVersion\": \"hwpod-node-ops-v1\", \"planId\": \"hwpod_plan_6986925d-89be-49ea-ba7d-661772ae12e8\", \"source\": { \"compiler\": \"hwpod-com... exitCode=0",
        "exitCode": 0
      }
    ]
  },
  "traceLookup": {
    "source": "hwlab-cli.client.agent",
    "strategy": "id_plus_existing_cli",
    "note": "CaseRun records trace/session identity and reuses existing HWLAB Web-equivalent agent CLI for trace/result/inspect; it does not implement a separate trace query path.",
    "baseUrl": "http://74.48.78.17:19666",
    "traceId": "trc_case_d601-f103-v2-main-marker-download-uart_c6a323fa0084438d94eadcd865934c16",
    "sessionId": "ses_3ebec659-5df9-41f3-a6c9-2d0d439fb6ef",
    "conversationId": "cnv_case_d601-f103-v2-main-marker-download-uart_d601-f103-v2-main-marker-download-uart-20260607045725-fafbb2ac",
    "commands": {
      "result": "hwlab-cli client agent result trc_case_d601-f103-v2-main-marker-download-uart_c6a323fa0084438d94eadcd865934c16",
      "trace": "hwlab-cli client agent trace trc_case_d601-f103-v2-main-marker-download-uart_c6a323fa0084438d94eadcd865934c16 --render web",
      "traceFull": "hwlab-cli client agent trace trc_case_d601-f103-v2-main-marker-download-uart_c6a323fa0084438d94eadcd865934c16 --render web --full",
      "inspect": "hwlab-cli client agent inspect --trace-id trc_case_d601-f103-v2-main-marker-download-uart_c6a323fa0084438d94eadcd865934c16",
      "sessionStatus": "hwlab-cli client agent session status ses_3ebec659-5df9-41f3-a6c9-2d0d439fb6ef"
    }
  },
  "agentDiff": {
    "statusShort": "M projects/01_baseline/User/main.c",
    "diffStat": "projects/01_baseline/User/main.c | 1 +\n 1 file changed, 1 insertion(+)",
    "diffPatchPath": "/root/hwlab-v02/.state/hwlab-cli/caserun/d601-f103-v2-main-marker-download-uart-20260607045725-fafbb2ac/agent-diff.patch",
    "diffPatchSha256": "f566693a88947ccf74a865e20fbb713b515b4700d1456cbef8870d974ef8259c",
    "sourceRootStatusShort": "M projects/01_baseline/Projects/MDK-ARM/atk_f103.uvprojx",
    "sourceRootBaseline": {
      "label": "before-prepare",
      "statusShort": "M projects/01_baseline/Projects/MDK-ARM/atk_f103.uvprojx",
      "diffStat": ".../01_baseline/Projects/MDK-ARM/atk_f103.uvprojx   | 21 ++++++++++++++-------\n 1 file changed, 14 insertions(+), 7 deletions(-)",
      "diffSha256": "a847e886c801a597d96f40017f41c70262b024d5b6208bcc7ae343824c3c8d99",
      "diffBytes": 2029,
      "commands": {
        "status": {
          "label": "source-root-status",
          "httpStatus": 200,
          "exitCode": 0,
          "stdoutBytes": 56,
          "stderr": ""
        },
        "diffStat": {
          "label": "source-root-diff-stat",
          "httpStatus": 200,
          "exitCode": 0,
          "stdoutBytes": 128,
          "stderr": "warning: in the working copy of 'projects/01_baseline/Projects/MDK-ARM/atk_f103.uvprojx', LF will be replaced by CRLF the next time Git touches it"
        },
        "diffPatch": {
          "label": "source-root-diff-patch",
          "httpStatus": 200,
          "exitCode": 0,
          "stdoutBytes": 2029,
          "stderr": "warning: in the working copy of 'projects/01_baseline/Projects/MDK-ARM/atk_f103.uvprojx', LF will be replaced by CRLF the next time Git touches it"
        }
      }
    },
    "sourceRootAfterPrepare": {
      "label": "after-prepare",
      "statusShort": "M projects/01_baseline/Projects/MDK-ARM/atk_f103.uvprojx",
      "diffStat": ".../01_baseline/Projects/MDK-ARM/atk_f103.uvprojx   | 21 ++++++++++++++-------\n 1 file changed, 14 insertions(+), 7 deletions(-)",
      "diffSha256": "a847e886c801a597d96f40017f41c70262b024d5b6208bcc7ae343824c3c8d99",
      "diffBytes": 2029,
      "commands": {
        "status": {
          "label": "source-root-status",
          "httpStatus": 200,
          "exitCode": 0,
          "stdoutBytes": 56,
          "stderr": ""
        },
        "diffStat": {
          "label": "source-root-diff-stat",
          "httpStatus": 200,
          "exitCode": 0,
          "stdoutBytes": 128,
          "stderr": "warning: in the working copy of 'projects/01_baseline/Projects/MDK-ARM/atk_f103.uvprojx', LF will be replaced by CRLF the next time Git touches it"
        },
        "diffPatch": {
          "label": "source-root-diff-patch",
          "httpStatus": 200,
          "exitCode": 0,
          "stdoutBytes": 2029,
          "stderr": "warning: in the working copy of 'projects/01_baseline/Projects/MDK-ARM/atk_f103.uvprojx', LF will be replaced by CRLF the next time Git touches it"
        }
      }
    },
    "sourceRootAfterAgent": {
      "label": "after-agent",
      "statusShort": "M projects/01_baseline/Projects/MDK-ARM/atk_f103.uvprojx",
      "diffStat": ".../01_baseline/Projects/MDK-ARM/atk_f103.uvprojx   | 21 ++++++++++++++-------\n 1 file changed, 14 insertions(+), 7 deletions(-)",
      "diffSha256": "a847e886c801a597d96f40017f41c70262b024d5b6208bcc7ae343824c3c8d99",
      "diffBytes": 2029,
      "commands": {
        "status": {
          "label": "source-root-status",
          "httpStatus": 200,
          "exitCode": 0,
          "stdoutBytes": 56,
          "stderr": ""
        },
        "diffStat": {
          "label": "source-root-diff-stat",
          "httpStatus": 200,
          "exitCode": 0,
          "stdoutBytes": 128,
          "stderr": "warning: in the working copy of 'projects/01_baseline/Projects/MDK-ARM/atk_f103.uvprojx', LF will be replaced by CRLF the next time Git touches it"
        },
        "diffPatch": {
          "label": "source-root-diff-patch",
          "httpStatus": 200,
          "exitCode": 0,
          "stdoutBytes": 2029,
          "stderr": "warning: in the working copy of 'projects/01_baseline/Projects/MDK-ARM/atk_f103.uvprojx', LF will be replaced by CRLF the next time Git touches it"
        }
      }
    },
    "sourceRootChangedAfterPrepare": false,
    "sourceRootChangedAfterAgent": false,
    "requests": [
      {
        "label": "status",
        "httpStatus": 200,
        "exitCode": 0,
        "stdoutBytes": 34,
        "stderr": ""
      },
      {
        "label": "diff-stat",
        "httpStatus": 200,
        "exitCode": 0,
        "stdoutBytes": 70,
        "stderr": ""
      },
      {
        "label": "diff-patch",
        "httpStatus": 200,
        "exitCode": 0,
        "stdoutBytes": 459,
        "stderr": ""
      },
      {
        "label": "source-root-baseline",
        "statusShort": "M projects/01_baseline/Projects/MDK-ARM/atk_f103.uvprojx",
        "diffSha256": "a847e886c801a597d96f40017f41c70262b024d5b6208bcc7ae343824c3c8d99"
      },
      {
        "label": "source-root-after-prepare",
        "statusShort": "M projects/01_baseline/Projects/MDK-ARM/atk_f103.uvprojx",
        "diffSha256": "a847e886c801a597d96f40017f41c70262b024d5b6208bcc7ae343824c3c8d99"
      },
      {
        "label": "source-root-after-agent",
        "statusShort": "M projects/01_baseline/Projects/MDK-ARM/atk_f103.uvprojx",
        "diffSha256": "a847e886c801a597d96f40017f41c70262b024d5b6208bcc7ae343824c3c8d99"
      }
    ]
  },
  "build": {
    "status": "recorded",
    "autoEvaluation": false,
    "traceLookup": {
      "source": "hwlab-cli.client.agent",
      "strategy": "id_plus_existing_cli",
      "note": "CaseRun records trace/session identity and reuses existing HWLAB Web-equivalent agent CLI for trace/result/inspect; it does not implement a separate trace query path.",
      "baseUrl": "http://74.48.78.17:19666",
      "traceId": "trc_case_d601-f103-v2-main-marker-download-uart_c6a323fa0084438d94eadcd865934c16",
      "sessionId": "ses_3ebec659-5df9-41f3-a6c9-2d0d439fb6ef",
      "conversationId": "cnv_case_d601-f103-v2-main-marker-download-uart_d601-f103-v2-main-marker-download-uart-20260607045725-fafbb2ac",
      "commands": {
        "result": "hwlab-cli client agent result trc_case_d601-f103-v2-main-marker-download-uart_c6a323fa0084438d94eadcd865934c16",
        "trace": "hwlab-cli client agent trace trc_case_d601-f103-v2-main-marker-download-uart_c6a323fa0084438d94eadcd865934c16 --render web",
        "traceFull": "hwlab-cli client agent trace trc_case_d601-f103-v2-main-marker-download-uart_c6a323fa0084438d94eadcd865934c16 --render web --full",
        "inspect": "hwlab-cli client agent inspect --trace-id trc_case_d601-f103-v2-main-marker-download-uart_c6a323fa0084438d94eadcd865934c16",
        "sessionStatus": "hwlab-cli client agent session status ses_3ebec659-5df9-41f3-a6c9-2d0d439fb6ef"
      }
    },
    "agentTraceCommandCount": 20,
    "agentTraceHwpodCommandCount": 18,
    "agentStage": {
      "source": "agent-trace-commands",
      "autoEvaluation": false,
      "commands": [
        {
          "kind": "spec-validate",
          "seq": 80,
          "exitCode": 0,
          "command": "hwpod-ctl spec validate --spec .hwlab/hwpod-spec.yaml",
          "detail": "hwpod-ctl spec validate --spec .hwlab/hwpod-spec.yaml stdout: { \"ok\": true, \"action\": \"hwpod-ctl.spec.validate\", \"status\": \"succeeded\", \"specPath\": \".hwlab/hwpod-spec.yaml\", \"document\": { \"apiVersion\": \"hwlab.dev/v0alpha1\", \"kind\": \"Hwpod\", \"metadata\": { \"uid\": \"D601-F103-V2\", \"name\": \"d601-f103-v2\" }, \"spec\": { \"targetDevice\": { \"board\": \"D601-F103-V2\", \"mcu\": \"STM32F103\" }, \"workspace\": { \"path\": \"F:\\\\Work\\\\HWLAB-CASE-F103\\\\.worktree\\\\caserun-d601-f103-v2-main-marker-download-uart-20260607045725-fafbb2ac\", \"toolchain\": \"keil-mdk\", \"keilProject\": \"projects/01_baseline/Projects/MDK-ARM/atk_f103.uvprojx\", \"keilTarget\": \"USART\", \"keilCliPath\": \"C:\\\\User... exitCode=0"
        },
        {
          "kind": "inspect",
          "seq": 83,
          "exitCode": 0,
          "command": "hwpod inspect --spec .hwlab/hwpod-spec.yaml",
          "detail": "hwpod inspect --spec .hwlab/hwpod-spec.yaml stdout: { \"ok\": true, \"action\": \"hwpod-cli.invoke\", \"status\": \"completed\", \"specPath\": \".hwlab/hwpod-spec.yaml\", \"intent\": \"inspect\", \"contractVersion\": \"hwpod-node-ops-v1\", \"compilerInvocation\": { \"compiler\": \"hwpod-compiler-cli\", \"mode\": \"subprocess\", \"entrypoint\": \"tools/hwpod-compiler-cli.ts\", \"argv\": [ \"compile\", \"--spec\", \".hwlab/hwpod-spec.yaml\", \"--intent\", \"inspect\", \"--args\", \"<json>\" ], \"exitCode\": 0, \"action\": \"hwpod-compiler.compile\", \"contractVersion\": \"hwpod-node-ops-v1\", \"planId\": \"hwpod_plan_85cd85ff-7f48-49d1-a27a-c55fac0e062c\", \"source\": { \"compiler\": \"hwpod-compiler-cli\", \"specP... exitCode=0"
        },
        {
          "kind": "workspace-edit",
          "seq": 364,
          "exitCode": 0,
          "command": "hwpod workspace insert-after --spec .hwlab/hwpod-spec.yaml --path projects/01_baseline/User/main.c --anchor \" usart_init(115200);\" --line \" printf(\\\"[D601-F103] d601-f103-v2-main-marker-download-uart-20260607045725-fafbb2ac\\\\r\\\\n\\\");\" --timeout 15",
          "detail": "hwpod workspace insert-after --spec .hwlab/hwpod-spec.yaml --path projects/01_baseline/User/main.c --anchor \" usart_init(115200);\" --line \" printf(\\\"[D601-F103] d601-f103-v2-main-marker-download-uart-20260607045725-fafbb2ac\\\\r\\\\n\\\");\" --timeout 15 stdout: { \"ok\": true, \"action\": \"hwpod-cli.invoke\", \"status\": \"completed\", \"specPath\": \".hwlab/hwpod-spec.yaml\", \"intent\": \"workspace.insert-after\", \"contractVersion\": \"hwpod-node-ops-v1\", \"compilerInvocation\": { \"compiler\": \"hwpod-compiler-cli\", \"mode\": \"subprocess\", \"entrypoint\": \"tools/hwpod-compiler-cli.ts\", \"argv\": [ \"compile\", \"--spec\", \".hwlab/hwpod-spec.yaml\", \"--intent\", \"workspace.insert-after\", \"--args\", \"<json>\" ], \"exitCode\": 0, \"action\": \"hwpod-compiler.compile\", \"contractVersion\": \"hwpod-node-ops-v1\", \"planId\": \"hwpod_plan_b5947d1a-f6f9-4a39-9c76-6ac49588ebd2\", \"source\": { \"compiler\"... exitCode=0"
        },
        {
          "kind": "build",
          "seq": 532,
          "exitCode": 0,
          "command": "hwpod build --spec .hwlab/hwpod-spec.yaml --timeout 120",
          "detail": "hwpod build --spec .hwlab/hwpod-spec.yaml --timeout 120 stdout: { \"ok\": true, \"action\": \"hwpod-cli.invoke\", \"status\": \"completed\", \"specPath\": \".hwlab/hwpod-spec.yaml\", \"intent\": \"debug.build\", \"contractVersion\": \"hwpod-node-ops-v1\", \"compilerInvocation\": { \"compiler\": \"hwpod-compiler-cli\", \"mode\": \"subprocess\", \"entrypoint\": \"tools/hwpod-compiler-cli.ts\", \"argv\": [ \"compile\", \"--spec\", \".hwlab/hwpod-spec.yaml\", \"--intent\", \"debug.build\", \"--args\", \"<json>\" ], \"exitCode\": 0, \"action\": \"hwpod-compiler.compile\", \"contractVersion\": \"hwpod-node-ops-v1\", \"planId\": \"hwpod_plan_fc6e13e1-4e57-48ec-8f5f-437c020f35f0\", \"source\": { \"compiler\": \"hwpod-compiler-cli\"... exitCode=0"
        },
        {
          "kind": "download",
          "seq": 796,
          "exitCode": 0,
          "command": "hwpod download --spec .hwlab/hwpod-spec.yaml --timeout 120",
          "detail": "hwpod download --spec .hwlab/hwpod-spec.yaml --timeout 120 stdout: { \"ok\": true, \"action\": \"hwpod-cli.invoke\", \"status\": \"completed\", \"specPath\": \".hwlab/hwpod-spec.yaml\", \"intent\": \"debug.download\", \"contractVersion\": \"hwpod-node-ops-v1\", \"compilerInvocation\": { \"compiler\": \"hwpod-compiler-cli\", \"mode\": \"subprocess\", \"entrypoint\": \"tools/hwpod-compiler-cli.ts\", \"argv\": [ \"compile\", \"--spec\", \".hwlab/hwpod-spec.yaml\", \"--intent\", \"debug.download\", \"--args\", \"<json>\" ], \"exitCode\": 0, \"action\": \"hwpod-compiler.compile\", \"contractVersion\": \"hwpod-node-ops-v1\", \"planId\": \"hwpod_plan_a43cdad3-93e3-4591-96e8-cc541a329162\", \"source\": { \"compiler\": \"hwpod-compile... exitCode=0"
        },
        {
          "kind": "uart-read",
          "seq": 1387,
          "exitCode": 1,
          "command": "hwpod uart read --spec .hwlab/hwpod-spec.yaml --port uart1 --max-bytes 4096 --timeout 30",
          "detail": "hwpod uart read --spec .hwlab/hwpod-spec.yaml --port uart1 --max-bytes 4096 --timeout 30 stdout: { \"ok\": false, \"action\": \"hwpod-cli.invoke\", \"status\": \"failed\", \"specPath\": \".hwlab/hwpod-spec.yaml\", \"intent\": \"io.uart.read\", \"contractVersion\": \"hwpod-node-ops-v1\", \"compilerInvocation\": { \"compiler\": \"hwpod-compiler-cli\", \"mode\": \"subprocess\", \"entrypoint\": \"tools/hwpod-compiler-cli.ts\", \"argv\": [ \"compile\", \"--spec\", \".hwlab/hwpod-spec.yaml\", \"--intent\", \"io.uart.read\", \"--args\", \"<json>\" ], \"exitCode\": 0, \"action\": \"hwpod-compiler.compile\", \"contractVersion\": \"hwpod-node-ops-v1\", \"planId\": \"hwpod_plan_ab107fa1-cade-4557-81b1-ccc38e89a10a\", \"source\": { \"compiler\": \"hwpod-compiler-cli\"... exitCode=1"
        },
        {
          "kind": "workspace-edit",
          "seq": 314,
          "exitCode": 0,
          "command": "hwpod workspace insert-after --help 2>&1 || hwpod workspace --help 2>&1 | head -60",
          "detail": "hwpod workspace insert-after --help 2>&1 || hwpod workspace --help 2>&1 | head -60 stdout: { \"ok\": true, \"action\": \"hwpod-cli.workspace.help\", \"status\": \"succeeded\", \"contractVersion\": \"hwpod-node-ops-v1\", \"command\": \"workspace\", \"subcommand\": \"insert-after\", \"usage\": [ \"hwpod workspace ls [path] --spec .hwlab/hwpod-spec.yaml\", \"hwpod workspace cat <path> --spec .hwlab/hwpod-spec.yaml\", \"hwpod workspace read <path> --spec .hwlab/hwpod-spec.yaml\", \"hwpod workspace cat --file <path> --spec .hwlab/hwpod-spec.yaml\", \"hwpod workspace cat --remote-path <path> --spec .hwlab/hwpod-spec.yaml\", \"hwpod workspace write --path <path> --content <text> --expected-sha <sha>\", \"hwpod workspace re... exitCode=0"
        },
        {
          "kind": "hwpod-other",
          "seq": 113,
          "exitCode": 1,
          "command": "hwpod node exec --spec .hwlab/hwpod-spec.yaml --cmd \"dir F:\\Work\\HWLAB-CASE-F103\\.worktree\\caserun-d601-f103-v2-main-marker-download-uart-20260607045725-fafbb2ac\\projects\\01_baseline\\User\\main.c\" --timeout 10",
          "detail": "hwpod node exec --spec .hwlab/hwpod-spec.yaml --cmd \"dir F:\\Work\\HWLAB-CASE-F103\\.worktree\\caserun-d601-f103-v2-main-marker-download-uart-20260607045725-fafbb2ac\\projects\\01_baseline\\User\\main.c\" --timeout 10 stdout: { \"ok\": false, \"action\": \"hwpod-cli\", \"status\": \"failed\", \"error\": { \"code\": \"hwpod_compiler_failed\", \"message\": \"hwpod-compiler-cli failed to compile hwpod-node-ops plan\", \"details\": { \"compilerInvocation\": { \"compiler\": \"hwpod-compiler-cli\", \"mode\": \"subprocess\", \"entrypoint\": \"tools/hwpod-compiler-cli.ts\", \"argv\": [ \"compile\", \"--spec\", \".hwlab/hwpod-spec.yaml\", \"--intent\", \"node.exec\", \"--args\", \"<json>\" ], \"exitCode\": 1 }, \"stdout\": \"{\\n \\\"ok\\\": false,\\n \\\"action\\\": \\\"hwpod-compiler-cli\\\",\\n \\\"status\\\": \\\"failed\\\",\\n \\\"error\\\": {\\n \\\"code\\\": \\\"unsupported_hwpod_intent\\\",\\n \\\"message\\\":... exitCode=1"
        },
        {
          "kind": "hwpod-other",
          "seq": 147,
          "exitCode": 0,
          "command": "hwpod workspace ls --spec .hwlab/hwpod-spec.yaml --path projects/01_baseline/User --timeout 15",
          "detail": "hwpod workspace ls --spec .hwlab/hwpod-spec.yaml --path projects/01_baseline/User --timeout 15 stdout: { \"ok\": true, \"action\": \"hwpod-cli.invoke\", \"status\": \"completed\", \"specPath\": \".hwlab/hwpod-spec.yaml\", \"intent\": \"workspace.ls\", \"contractVersion\": \"hwpod-node-ops-v1\", \"compilerInvocation\": { \"compiler\": \"hwpod-compiler-cli\", \"mode\": \"subprocess\", \"entrypoint\": \"tools/hwpod-compiler-cli.ts\", \"argv\": [ \"compile\", \"--spec\", \".hwlab/hwpod-spec.yaml\", \"--intent\", \"workspace.ls\", \"--args\", \"<json>\" ], \"exitCode\": 0, \"action\": \"hwpod-compiler.compile\", \"contractVersion\": \"hwpod-node-ops-v1\", \"planId\": \"hwpod_plan_50b7c5d0-1022-48a1-90b9-e84a70d6278f\", \"source\": { \"compiler\": \"hwpod-compiler-cl... exitCode=0"
        },
        {
          "kind": "hwpod-other",
          "seq": 186,
          "exitCode": 0,
          "command": "hwpod workspace cat --spec .hwlab/hwpod-spec.yaml --path projects/01_baseline/User/main.c --timeout 15",
          "detail": "hwpod workspace cat --spec .hwlab/hwpod-spec.yaml --path projects/01_baseline/User/main.c --timeout 15 stdout: { \"ok\": true, \"action\": \"hwpod-cli.invoke\", \"status\": \"completed\", \"specPath\": \".hwlab/hwpod-spec.yaml\", \"intent\": \"workspace.cat\", \"contractVersion\": \"hwpod-node-ops-v1\", \"compilerInvocation\": { \"compiler\": \"hwpod-compiler-cli\", \"mode\": \"subprocess\", \"entrypoint\": \"tools/hwpod-compiler-cli.ts\", \"argv\": [ \"compile\", \"--spec\", \".hwlab/hwpod-spec.yaml\", \"--intent\", \"workspace.cat\", \"--args\", \"<json>\" ], \"exitCode\": 0, \"action\": \"hwpod-compiler.compile\", \"contractVersion\": \"hwpod-node-ops-v1\", \"planId\": \"hwpod_plan_a4b2227b-6f7e-409a-8542-836036466d16\", \"source\": { \"compiler\": \"hwpod-compiler-... exitCode=0"
        },
        {
          "kind": "workspace-edit",
          "seq": 268,
          "exitCode": 1,
          "command": "hwpod workspace insert-after --spec .hwlab/hwpod-spec.yaml --path projects/01_baseline/User/main.c --target \" usart_init(115200);\" --text \" printf(\\\"[D601-F103] d601-f103-v2-main-marker-download-uart-20260607045725-fafbb2ac\\\\r\\\\n\\\");\" --timeout 15",
          "detail": "hwpod workspace insert-after --spec .hwlab/hwpod-spec.yaml --path projects/01_baseline/User/main.c --target \" usart_init(115200);\" --text \" printf(\\\"[D601-F103] d601-f103-v2-main-marker-download-uart-20260607045725-fafbb2ac\\\\r\\\\n\\\");\" --timeout 15 stdout: { \"ok\": false, \"action\": \"hwpod-cli\", \"status\": \"failed\", \"error\": { \"code\": \"required_option_missing\", \"message\": \"anchor is required\", \"details\": { \"name\": \"anchor\" } }, \"observedAt\": \"2026-06-07T04:57:54.180Z\" } exitCode=1"
        },
        {
          "kind": "hwpod-other",
          "seq": 418,
          "exitCode": 0,
          "command": "hwpod workspace cat --spec .hwlab/hwpod-spec.yaml --path projects/01_baseline/User/main.c --timeout 15",
          "detail": "hwpod workspace cat --spec .hwlab/hwpod-spec.yaml --path projects/01_baseline/User/main.c --timeout 15 stdout: { \"ok\": true, \"action\": \"hwpod-cli.invoke\", \"status\": \"completed\", \"specPath\": \".hwlab/hwpod-spec.yaml\", \"intent\": \"workspace.cat\", \"contractVersion\": \"hwpod-node-ops-v1\", \"compilerInvocation\": { \"compiler\": \"hwpod-compiler-cli\", \"mode\": \"subprocess\", \"entrypoint\": \"tools/hwpod-compiler-cli.ts\", \"argv\": [ \"compile\", \"--spec\", \".hwlab/hwpod-spec.yaml\", \"--intent\", \"workspace.cat\", \"--args\", \"<json>\" ], \"exitCode\": 0, \"action\": \"hwpod-compiler.compile\", \"contractVersion\": \"hwpod-node-ops-v1\", \"planId\": \"hwpod_plan_c0422488-987b-42da-aefd-c9419fa3aae7\", \"source\": { \"compiler\": \"hwpod-compiler-... exitCode=0"
        },
        {
          "kind": "hwpod-other",
          "seq": 594,
          "exitCode": 0,
          "command": "hwpod job status 20260607_125803_17cae084 --spec .hwlab/hwpod-spec.yaml --timeout 30",
          "detail": "hwpod job status 20260607_125803_17cae084 --spec .hwlab/hwpod-spec.yaml --timeout 30 stdout: { \"ok\": true, \"action\": \"hwpod-cli.invoke\", \"status\": \"completed\", \"specPath\": \".hwlab/hwpod-spec.yaml\", \"intent\": \"debug.job-status\", \"contractVersion\": \"hwpod-node-ops-v1\", \"compilerInvocation\": { \"compiler\": \"hwpod-compiler-cli\", \"mode\": \"subprocess\", \"entrypoint\": \"tools/hwpod-compiler-cli.ts\", \"argv\": [ \"compile\", \"--spec\", \".hwlab/hwpod-spec.yaml\", \"--intent\", \"debug.job-status\", \"--args\", \"<json>\" ], \"exitCode\": 0, \"action\": \"hwpod-compiler.compile\", \"contractVersion\": \"hwpod-node-ops-v1\", \"planId\": \"hwpod_plan_490c23dd-02fd-4a26-a2f6-6124411b67a8\", \"source\": { \"compiler\": \"hwpod-com... exitCode=0"
        },
        {
          "kind": "hwpod-other",
          "seq": 724,
          "exitCode": 0,
          "command": "hwpod job status 20260607_125803_17cae084 --spec .hwlab/hwpod-spec.yaml --timeout 30",
          "detail": "hwpod job status 20260607_125803_17cae084 --spec .hwlab/hwpod-spec.yaml --timeout 30 stdout: { \"ok\": true, \"action\": \"hwpod-cli.invoke\", \"status\": \"completed\", \"specPath\": \".hwlab/hwpod-spec.yaml\", \"intent\": \"debug.job-status\", \"contractVersion\": \"hwpod-node-ops-v1\", \"compilerInvocation\": { \"compiler\": \"hwpod-compiler-cli\", \"mode\": \"subprocess\", \"entrypoint\": \"tools/hwpod-compiler-cli.ts\", \"argv\": [ \"compile\", \"--spec\", \".hwlab/hwpod-spec.yaml\", \"--intent\", \"debug.job-status\", \"--args\", \"<json>\" ], \"exitCode\": 0, \"action\": \"hwpod-compiler.compile\", \"contractVersion\": \"hwpod-node-ops-v1\", \"planId\": \"hwpod_plan_f345b7ee-cc79-4d88-b97f-635d8759c9c7\", \"source\": { \"compiler\": \"hwpod-com... exitCode=0"
        },
        {
          "kind": "hwpod-other",
          "seq": 871,
          "exitCode": 0,
          "command": "hwpod job status 20260607_125812_c7ff0ce5 --spec .hwlab/hwpod-spec.yaml --timeout 30",
          "detail": "hwpod job status 20260607_125812_c7ff0ce5 --spec .hwlab/hwpod-spec.yaml --timeout 30 stdout: { \"ok\": true, \"action\": \"hwpod-cli.invoke\", \"status\": \"completed\", \"specPath\": \".hwlab/hwpod-spec.yaml\", \"intent\": \"debug.job-status\", \"contractVersion\": \"hwpod-node-ops-v1\", \"compilerInvocation\": { \"compiler\": \"hwpod-compiler-cli\", \"mode\": \"subprocess\", \"entrypoint\": \"tools/hwpod-compiler-cli.ts\", \"argv\": [ \"compile\", \"--spec\", \".hwlab/hwpod-spec.yaml\", \"--intent\", \"debug.job-status\", \"--args\", \"<json>\" ], \"exitCode\": 0, \"action\": \"hwpod-compiler.compile\", \"contractVersion\": \"hwpod-node-ops-v1\", \"planId\": \"hwpod_plan_9f762dbf-395b-4e5c-a5b6-04fa4fe0eaa5\", \"source\": { \"compiler\": \"hwpod-com... exitCode=0"
        },
        {
          "kind": "hwpod-other",
          "seq": 950,
          "exitCode": 0,
          "command": "hwpod job status 20260607_125812_c7ff0ce5 --spec .hwlab/hwpod-spec.yaml --timeout 30",
          "detail": "hwpod job status 20260607_125812_c7ff0ce5 --spec .hwlab/hwpod-spec.yaml --timeout 30 stdout: { \"ok\": true, \"action\": \"hwpod-cli.invoke\", \"status\": \"completed\", \"specPath\": \".hwlab/hwpod-spec.yaml\", \"intent\": \"debug.job-status\", \"contractVersion\": \"hwpod-node-ops-v1\", \"compilerInvocation\": { \"compiler\": \"hwpod-compiler-cli\", \"mode\": \"subprocess\", \"entrypoint\": \"tools/hwpod-compiler-cli.ts\", \"argv\": [ \"compile\", \"--spec\", \".hwlab/hwpod-spec.yaml\", \"--intent\", \"debug.job-status\", \"--args\", \"<json>\" ], \"exitCode\": 0, \"action\": \"hwpod-compiler.compile\", \"contractVersion\": \"hwpod-node-ops-v1\", \"planId\": \"hwpod_plan_6a26acff-504d-4d5f-8467-d389c0cc6891\", \"source\": { \"compiler\": \"hwpod-com... exitCode=0"
        },
        {
          "kind": "hwpod-other",
          "seq": 1114,
          "exitCode": 0,
          "command": "hwpod job status 20260607_125812_c7ff0ce5 --spec .hwlab/hwpod-spec.yaml --timeout 30",
          "detail": "hwpod job status 20260607_125812_c7ff0ce5 --spec .hwlab/hwpod-spec.yaml --timeout 30 stdout: { \"ok\": true, \"action\": \"hwpod-cli.invoke\", \"status\": \"completed\", \"specPath\": \".hwlab/hwpod-spec.yaml\", \"intent\": \"debug.job-status\", \"contractVersion\": \"hwpod-node-ops-v1\", \"compilerInvocation\": { \"compiler\": \"hwpod-compiler-cli\", \"mode\": \"subprocess\", \"entrypoint\": \"tools/hwpod-compiler-cli.ts\", \"argv\": [ \"compile\", \"--spec\", \".hwlab/hwpod-spec.yaml\", \"--intent\", \"debug.job-status\", \"--args\", \"<json>\" ], \"exitCode\": 0, \"action\": \"hwpod-compiler.compile\", \"contractVersion\": \"hwpod-node-ops-v1\", \"planId\": \"hwpod_plan_69a17933-1cca-4e21-b6af-ebdb01107d41\", \"source\": { \"compiler\": \"hwpod-com... exitCode=0"
        },
        {
          "kind": "hwpod-other",
          "seq": 1203,
          "exitCode": 0,
          "command": "hwpod job status 20260607_125812_c7ff0ce5 --spec .hwlab/hwpod-spec.yaml --timeout 30",
          "detail": "hwpod job status 20260607_125812_c7ff0ce5 --spec .hwlab/hwpod-spec.yaml --timeout 30 stdout: { \"ok\": true, \"action\": \"hwpod-cli.invoke\", \"status\": \"completed\", \"specPath\": \".hwlab/hwpod-spec.yaml\", \"intent\": \"debug.job-status\", \"contractVersion\": \"hwpod-node-ops-v1\", \"compilerInvocation\": { \"compiler\": \"hwpod-compiler-cli\", \"mode\": \"subprocess\", \"entrypoint\": \"tools/hwpod-compiler-cli.ts\", \"argv\": [ \"compile\", \"--spec\", \".hwlab/hwpod-spec.yaml\", \"--intent\", \"debug.job-status\", \"--args\", \"<json>\" ], \"exitCode\": 0, \"action\": \"hwpod-compiler.compile\", \"contractVersion\": \"hwpod-node-ops-v1\", \"planId\": \"hwpod_plan_6986925d-89be-49ea-ba7d-661772ae12e8\", \"source\": { \"compiler\": \"hwpod-com... exitCode=0"
        }
      ],
      "kinds": [
        "spec-validate",
        "inspect",
        "workspace-edit",
        "build",
        "download",
        "uart-read",
        "hwpod-other"
      ]
    },
    "hwpodExitCode": 0,
    "hwpodSource": "case-run-runner-post-agent-compile-check",
    "jobId": "20260607_125847_77685c29",
    "keilStatus": "completed",
    "artifacts": [
      "F:\\Work\\HWLAB-CASE-F103\\.worktree\\caserun-d601-f103-v2-main-marker-download-uart-20260607045725-fafbb2ac\\projects\\01_baseline\\Output\\atk_f103.hex",
      "F:\\Work\\HWLAB-CASE-F103\\.worktree\\caserun-d601-f103-v2-main-marker-download-uart-20260607045725-fafbb2ac\\projects\\01_baseline\\Output\\atk_f103.axf"
    ]
  },
  "collect": {
    "caseRepo": "/root/hwlab-case-registry",
    "caseRepoRunDir": "/root/hwlab-case-registry/runs/d601-f103-v2-main-marker-download-uart/d601-f103-v2-main-marker-download-uart-20260607045725-fafbb2ac",
    "caseRepoFiles": [
      "runs/d601-f103-v2-main-marker-download-uart/d601-f103-v2-main-marker-download-uart-20260607045725-fafbb2ac/evidence.json",
      "runs/d601-f103-v2-main-marker-download-uart/d601-f103-v2-main-marker-download-uart-20260607045725-fafbb2ac/summary.md",
      "runs/d601-f103-v2-main-marker-download-uart/d601-f103-v2-main-marker-download-uart-20260607045725-fafbb2ac/agent-messages.json",
      "runs/d601-f103-v2-main-marker-download-uart/d601-f103-v2-main-marker-download-uart-20260607045725-fafbb2ac/agent-trace.md",
      "runs/d601-f103-v2-main-marker-download-uart/d601-f103-v2-main-marker-download-uart-20260607045725-fafbb2ac/agent-transcript.md",
      "runs/d601-f103-v2-main-marker-download-uart/d601-f103-v2-main-marker-download-uart-20260607045725-fafbb2ac/final-response.md",
      "runs/d601-f103-v2-main-marker-download-uart/d601-f103-v2-main-marker-download-uart-20260607045725-fafbb2ac/run.json",
      "runs/d601-f103-v2-main-marker-download-uart/d601-f103-v2-main-marker-download-uart-20260607045725-fafbb2ac/result.json",
      "runs/d601-f103-v2-main-marker-download-uart/d601-f103-v2-main-marker-download-uart-20260607045725-fafbb2ac/agent-trace.json",
      "runs/d601-f103-v2-main-marker-download-uart/d601-f103-v2-main-marker-download-uart-20260607045725-fafbb2ac/agent-prompt.md",
      "runs/d601-f103-v2-main-marker-download-uart/d601-f103-v2-main-marker-download-uart-20260607045725-fafbb2ac/agent-diff.patch",
      "runs/d601-f103-v2-main-marker-download-uart/d601-f103-v2-main-marker-download-uart-20260607045725-fafbb2ac/.hwlab/hwpod-spec.yaml",
      "runs/d601-f103-v2-main-marker-download-uart/d601-f103-v2-main-marker-download-uart-20260607045725-fafbb2ac/worker.stdout.log",
      "runs/d601-f103-v2-main-marker-download-uart/d601-f103-v2-main-marker-download-uart-20260607045725-fafbb2ac/worker.stderr.log",
      "runs/d601-f103-v2-main-marker-download-uart/d601-f103-v2-main-marker-download-uart-20260607045725-fafbb2ac/artifact-manifest.json"
    ],
    "artifactManifestPath": "/root/hwlab-case-registry/runs/d601-f103-v2-main-marker-download-uart/d601-f103-v2-main-marker-download-uart-20260607045725-fafbb2ac/artifact-manifest.json",
    "artifactCount": 15,
    "skippedFiles": [],
    "registrySync": {
      "status": "pushed",
      "path": "runs/d601-f103-v2-main-marker-download-uart/d601-f103-v2-main-marker-download-uart-20260607045725-fafbb2ac",
      "commitMessage": "data: archive caserun d601-f103-v2-main-marker-download-uart-20260607045725-fafbb2ac",
      "commitSha": "7f21598",
      "commitStdout": "[main 7f21598] data: archive caserun d601-f103-v2-main-marker-download-uart-20260607045725-fafbb2ac\n 3 files changed, 1285 insertions(+), 12 deletions(-)\n",
      "pushStderr": "To github.com:pikasTech/hwlab-case-registry.git\n   a9fbb94..7f21598  HEAD -> main\n"
    },
    "trace": {
      "traceId": "trc_case_d601-f103-v2-main-marker-download-uart_c6a323fa0084438d94eadcd865934c16",
      "sessionId": "ses_3ebec659-5df9-41f3-a6c9-2d0d439fb6ef",
      "conversationId": "cnv_case_d601-f103-v2-main-marker-download-uart_d601-f103-v2-main-marker-download-uart-20260607045725-fafbb2ac",
      "providerProfile": "deepseek",
      "projectId": "prj_hwpod_workbench",
      "source": "hwlab-cli.client.agent.trace",
      "lookup": {
        "source": "hwlab-cli.client.agent",
        "strategy": "id_plus_existing_cli",
        "note": "CaseRun records trace/session identity and reuses existing HWLAB Web-equivalent agent CLI for trace/result/inspect; it does not implement a separate trace query path.",
        "baseUrl": "http://74.48.78.17:19666",
        "traceId": "trc_case_d601-f103-v2-main-marker-download-uart_c6a323fa0084438d94eadcd865934c16",
        "sessionId": "ses_3ebec659-5df9-41f3-a6c9-2d0d439fb6ef",
        "conversationId": "cnv_case_d601-f103-v2-main-marker-download-uart_d601-f103-v2-main-marker-download-uart-20260607045725-fafbb2ac",
        "commands": {
          "result": "hwlab-cli client agent result trc_case_d601-f103-v2-main-marker-download-uart_c6a323fa0084438d94eadcd865934c16",
          "trace": "hwlab-cli client agent trace trc_case_d601-f103-v2-main-marker-download-uart_c6a323fa0084438d94eadcd865934c16 --render web",
          "traceFull": "hwlab-cli client agent trace trc_case_d601-f103-v2-main-marker-download-uart_c6a323fa0084438d94eadcd865934c16 --render web --full",
          "inspect": "hwlab-cli client agent inspect --trace-id trc_case_d601-f103-v2-main-marker-download-uart_c6a323fa0084438d94eadcd865934c16",
          "sessionStatus": "hwlab-cli client agent session status ses_3ebec659-5df9-41f3-a6c9-2d0d439fb6ef"
        }
      },
      "status": "completed",
      "terminalStatus": "completed",
      "commandCount": 20,
      "hwpodCommandCount": 18,
      "hwpodBuildCommandCount": 1
    },
    "traceLookup": {
      "source": "hwlab-cli.client.agent",
      "strategy": "id_plus_existing_cli",
      "note": "CaseRun records trace/session identity and reuses existing HWLAB Web-equivalent agent CLI for trace/result/inspect; it does not implement a separate trace query path.",
      "baseUrl": "http://74.48.78.17:19666",
      "traceId": "trc_case_d601-f103-v2-main-marker-download-uart_c6a323fa0084438d94eadcd865934c16",
      "sessionId": "ses_3ebec659-5df9-41f3-a6c9-2d0d439fb6ef",
      "conversationId": "cnv_case_d601-f103-v2-main-marker-download-uart_d601-f103-v2-main-marker-download-uart-20260607045725-fafbb2ac",
      "commands": {
        "result": "hwlab-cli client agent result trc_case_d601-f103-v2-main-marker-download-uart_c6a323fa0084438d94eadcd865934c16",
        "trace": "hwlab-cli client agent trace trc_case_d601-f103-v2-main-marker-download-uart_c6a323fa0084438d94eadcd865934c16 --render web",
        "traceFull": "hwlab-cli client agent trace trc_case_d601-f103-v2-main-marker-download-uart_c6a323fa0084438d94eadcd865934c16 --render web --full",
        "inspect": "hwlab-cli client agent inspect --trace-id trc_case_d601-f103-v2-main-marker-download-uart_c6a323fa0084438d94eadcd865934c16",
        "sessionStatus": "hwlab-cli client agent session status ses_3ebec659-5df9-41f3-a6c9-2d0d439fb6ef"
      }
    },
    "agentStage": {
      "source": "agent-trace-commands",
      "autoEvaluation": false,
      "commands": [
        {
          "kind": "spec-validate",
          "seq": 80,
          "exitCode": 0,
          "command": "hwpod-ctl spec validate --spec .hwlab/hwpod-spec.yaml",
          "detail": "hwpod-ctl spec validate --spec .hwlab/hwpod-spec.yaml stdout: { \"ok\": true, \"action\": \"hwpod-ctl.spec.validate\", \"status\": \"succeeded\", \"specPath\": \".hwlab/hwpod-spec.yaml\", \"document\": { \"apiVersion\": \"hwlab.dev/v0alpha1\", \"kind\": \"Hwpod\", \"metadata\": { \"uid\": \"D601-F103-V2\", \"name\": \"d601-f103-v2\" }, \"spec\": { \"targetDevice\": { \"board\": \"D601-F103-V2\", \"mcu\": \"STM32F103\" }, \"workspace\": { \"path\": \"F:\\\\Work\\\\HWLAB-CASE-F103\\\\.worktree\\\\caserun-d601-f103-v2-main-marker-download-uart-20260607045725-fafbb2ac\", \"toolchain\": \"keil-mdk\", \"keilProject\": \"projects/01_baseline/Projects/MDK-ARM/atk_f103.uvprojx\", \"keilTarget\": \"USART\", \"keilCliPath\": \"C:\\\\User... exitCode=0"
        },
        {
          "kind": "inspect",
          "seq": 83,
          "exitCode": 0,
          "command": "hwpod inspect --spec .hwlab/hwpod-spec.yaml",
          "detail": "hwpod inspect --spec .hwlab/hwpod-spec.yaml stdout: { \"ok\": true, \"action\": \"hwpod-cli.invoke\", \"status\": \"completed\", \"specPath\": \".hwlab/hwpod-spec.yaml\", \"intent\": \"inspect\", \"contractVersion\": \"hwpod-node-ops-v1\", \"compilerInvocation\": { \"compiler\": \"hwpod-compiler-cli\", \"mode\": \"subprocess\", \"entrypoint\": \"tools/hwpod-compiler-cli.ts\", \"argv\": [ \"compile\", \"--spec\", \".hwlab/hwpod-spec.yaml\", \"--intent\", \"inspect\", \"--args\", \"<json>\" ], \"exitCode\": 0, \"action\": \"hwpod-compiler.compile\", \"contractVersion\": \"hwpod-node-ops-v1\", \"planId\": \"hwpod_plan_85cd85ff-7f48-49d1-a27a-c55fac0e062c\", \"source\": { \"compiler\": \"hwpod-compiler-cli\", \"specP... exitCode=0"
        },
        {
          "kind": "workspace-edit",
          "seq": 364,
          "exitCode": 0,
          "command": "hwpod workspace insert-after --spec .hwlab/hwpod-spec.yaml --path projects/01_baseline/User/main.c --anchor \" usart_init(115200);\" --line \" printf(\\\"[D601-F103] d601-f103-v2-main-marker-download-uart-20260607045725-fafbb2ac\\\\r\\\\n\\\");\" --timeout 15",
          "detail": "hwpod workspace insert-after --spec .hwlab/hwpod-spec.yaml --path projects/01_baseline/User/main.c --anchor \" usart_init(115200);\" --line \" printf(\\\"[D601-F103] d601-f103-v2-main-marker-download-uart-20260607045725-fafbb2ac\\\\r\\\\n\\\");\" --timeout 15 stdout: { \"ok\": true, \"action\": \"hwpod-cli.invoke\", \"status\": \"completed\", \"specPath\": \".hwlab/hwpod-spec.yaml\", \"intent\": \"workspace.insert-after\", \"contractVersion\": \"hwpod-node-ops-v1\", \"compilerInvocation\": { \"compiler\": \"hwpod-compiler-cli\", \"mode\": \"subprocess\", \"entrypoint\": \"tools/hwpod-compiler-cli.ts\", \"argv\": [ \"compile\", \"--spec\", \".hwlab/hwpod-spec.yaml\", \"--intent\", \"workspace.insert-after\", \"--args\", \"<json>\" ], \"exitCode\": 0, \"action\": \"hwpod-compiler.compile\", \"contractVersion\": \"hwpod-node-ops-v1\", \"planId\": \"hwpod_plan_b5947d1a-f6f9-4a39-9c76-6ac49588ebd2\", \"source\": { \"compiler\"... exitCode=0"
        },
        {
          "kind": "build",
          "seq": 532,
          "exitCode": 0,
          "command": "hwpod build --spec .hwlab/hwpod-spec.yaml --timeout 120",
          "detail": "hwpod build --spec .hwlab/hwpod-spec.yaml --timeout 120 stdout: { \"ok\": true, \"action\": \"hwpod-cli.invoke\", \"status\": \"completed\", \"specPath\": \".hwlab/hwpod-spec.yaml\", \"intent\": \"debug.build\", \"contractVersion\": \"hwpod-node-ops-v1\", \"compilerInvocation\": { \"compiler\": \"hwpod-compiler-cli\", \"mode\": \"subprocess\", \"entrypoint\": \"tools/hwpod-compiler-cli.ts\", \"argv\": [ \"compile\", \"--spec\", \".hwlab/hwpod-spec.yaml\", \"--intent\", \"debug.build\", \"--args\", \"<json>\" ], \"exitCode\": 0, \"action\": \"hwpod-compiler.compile\", \"contractVersion\": \"hwpod-node-ops-v1\", \"planId\": \"hwpod_plan_fc6e13e1-4e57-48ec-8f5f-437c020f35f0\", \"source\": { \"compiler\": \"hwpod-compiler-cli\"... exitCode=0"
        },
        {
          "kind": "download",
          "seq": 796,
          "exitCode": 0,
          "command": "hwpod download --spec .hwlab/hwpod-spec.yaml --timeout 120",
          "detail": "hwpod download --spec .hwlab/hwpod-spec.yaml --timeout 120 stdout: { \"ok\": true, \"action\": \"hwpod-cli.invoke\", \"status\": \"completed\", \"specPath\": \".hwlab/hwpod-spec.yaml\", \"intent\": \"debug.download\", \"contractVersion\": \"hwpod-node-ops-v1\", \"compilerInvocation\": { \"compiler\": \"hwpod-compiler-cli\", \"mode\": \"subprocess\", \"entrypoint\": \"tools/hwpod-compiler-cli.ts\", \"argv\": [ \"compile\", \"--spec\", \".hwlab/hwpod-spec.yaml\", \"--intent\", \"debug.download\", \"--args\", \"<json>\" ], \"exitCode\": 0, \"action\": \"hwpod-compiler.compile\", \"contractVersion\": \"hwpod-node-ops-v1\", \"planId\": \"hwpod_plan_a43cdad3-93e3-4591-96e8-cc541a329162\", \"source\": { \"compiler\": \"hwpod-compile... exitCode=0"
        },
        {
          "kind": "uart-read",
          "seq": 1387,
          "exitCode": 1,
          "command": "hwpod uart read --spec .hwlab/hwpod-spec.yaml --port uart1 --max-bytes 4096 --timeout 30",
          "detail": "hwpod uart read --spec .hwlab/hwpod-spec.yaml --port uart1 --max-bytes 4096 --timeout 30 stdout: { \"ok\": false, \"action\": \"hwpod-cli.invoke\", \"status\": \"failed\", \"specPath\": \".hwlab/hwpod-spec.yaml\", \"intent\": \"io.uart.read\", \"contractVersion\": \"hwpod-node-ops-v1\", \"compilerInvocation\": { \"compiler\": \"hwpod-compiler-cli\", \"mode\": \"subprocess\", \"entrypoint\": \"tools/hwpod-compiler-cli.ts\", \"argv\": [ \"compile\", \"--spec\", \".hwlab/hwpod-spec.yaml\", \"--intent\", \"io.uart.read\", \"--args\", \"<json>\" ], \"exitCode\": 0, \"action\": \"hwpod-compiler.compile\", \"contractVersion\": \"hwpod-node-ops-v1\", \"planId\": \"hwpod_plan_ab107fa1-cade-4557-81b1-ccc38e89a10a\", \"source\": { \"compiler\": \"hwpod-compiler-cli\"... exitCode=1"
        },
        {
          "kind": "workspace-edit",
          "seq": 314,
          "exitCode": 0,
          "command": "hwpod workspace insert-after --help 2>&1 || hwpod workspace --help 2>&1 | head -60",
          "detail": "hwpod workspace insert-after --help 2>&1 || hwpod workspace --help 2>&1 | head -60 stdout: { \"ok\": true, \"action\": \"hwpod-cli.workspace.help\", \"status\": \"succeeded\", \"contractVersion\": \"hwpod-node-ops-v1\", \"command\": \"workspace\", \"subcommand\": \"insert-after\", \"usage\": [ \"hwpod workspace ls [path] --spec .hwlab/hwpod-spec.yaml\", \"hwpod workspace cat <path> --spec .hwlab/hwpod-spec.yaml\", \"hwpod workspace read <path> --spec .hwlab/hwpod-spec.yaml\", \"hwpod workspace cat --file <path> --spec .hwlab/hwpod-spec.yaml\", \"hwpod workspace cat --remote-path <path> --spec .hwlab/hwpod-spec.yaml\", \"hwpod workspace write --path <path> --content <text> --expected-sha <sha>\", \"hwpod workspace re... exitCode=0"
        },
        {
          "kind": "hwpod-other",
          "seq": 113,
          "exitCode": 1,
          "command": "hwpod node exec --spec .hwlab/hwpod-spec.yaml --cmd \"dir F:\\Work\\HWLAB-CASE-F103\\.worktree\\caserun-d601-f103-v2-main-marker-download-uart-20260607045725-fafbb2ac\\projects\\01_baseline\\User\\main.c\" --timeout 10",
          "detail": "hwpod node exec --spec .hwlab/hwpod-spec.yaml --cmd \"dir F:\\Work\\HWLAB-CASE-F103\\.worktree\\caserun-d601-f103-v2-main-marker-download-uart-20260607045725-fafbb2ac\\projects\\01_baseline\\User\\main.c\" --timeout 10 stdout: { \"ok\": false, \"action\": \"hwpod-cli\", \"status\": \"failed\", \"error\": { \"code\": \"hwpod_compiler_failed\", \"message\": \"hwpod-compiler-cli failed to compile hwpod-node-ops plan\", \"details\": { \"compilerInvocation\": { \"compiler\": \"hwpod-compiler-cli\", \"mode\": \"subprocess\", \"entrypoint\": \"tools/hwpod-compiler-cli.ts\", \"argv\": [ \"compile\", \"--spec\", \".hwlab/hwpod-spec.yaml\", \"--intent\", \"node.exec\", \"--args\", \"<json>\" ], \"exitCode\": 1 }, \"stdout\": \"{\\n \\\"ok\\\": false,\\n \\\"action\\\": \\\"hwpod-compiler-cli\\\",\\n \\\"status\\\": \\\"failed\\\",\\n \\\"error\\\": {\\n \\\"code\\\": \\\"unsupported_hwpod_intent\\\",\\n \\\"message\\\":... exitCode=1"
        },
        {
          "kind": "hwpod-other",
          "seq": 147,
          "exitCode": 0,
          "command": "hwpod workspace ls --spec .hwlab/hwpod-spec.yaml --path projects/01_baseline/User --timeout 15",
          "detail": "hwpod workspace ls --spec .hwlab/hwpod-spec.yaml --path projects/01_baseline/User --timeout 15 stdout: { \"ok\": true, \"action\": \"hwpod-cli.invoke\", \"status\": \"completed\", \"specPath\": \".hwlab/hwpod-spec.yaml\", \"intent\": \"workspace.ls\", \"contractVersion\": \"hwpod-node-ops-v1\", \"compilerInvocation\": { \"compiler\": \"hwpod-compiler-cli\", \"mode\": \"subprocess\", \"entrypoint\": \"tools/hwpod-compiler-cli.ts\", \"argv\": [ \"compile\", \"--spec\", \".hwlab/hwpod-spec.yaml\", \"--intent\", \"workspace.ls\", \"--args\", \"<json>\" ], \"exitCode\": 0, \"action\": \"hwpod-compiler.compile\", \"contractVersion\": \"hwpod-node-ops-v1\", \"planId\": \"hwpod_plan_50b7c5d0-1022-48a1-90b9-e84a70d6278f\", \"source\": { \"compiler\": \"hwpod-compiler-cl... exitCode=0"
        },
        {
          "kind": "hwpod-other",
          "seq": 186,
          "exitCode": 0,
          "command": "hwpod workspace cat --spec .hwlab/hwpod-spec.yaml --path projects/01_baseline/User/main.c --timeout 15",
          "detail": "hwpod workspace cat --spec .hwlab/hwpod-spec.yaml --path projects/01_baseline/User/main.c --timeout 15 stdout: { \"ok\": true, \"action\": \"hwpod-cli.invoke\", \"status\": \"completed\", \"specPath\": \".hwlab/hwpod-spec.yaml\", \"intent\": \"workspace.cat\", \"contractVersion\": \"hwpod-node-ops-v1\", \"compilerInvocation\": { \"compiler\": \"hwpod-compiler-cli\", \"mode\": \"subprocess\", \"entrypoint\": \"tools/hwpod-compiler-cli.ts\", \"argv\": [ \"compile\", \"--spec\", \".hwlab/hwpod-spec.yaml\", \"--intent\", \"workspace.cat\", \"--args\", \"<json>\" ], \"exitCode\": 0, \"action\": \"hwpod-compiler.compile\", \"contractVersion\": \"hwpod-node-ops-v1\", \"planId\": \"hwpod_plan_a4b2227b-6f7e-409a-8542-836036466d16\", \"source\": { \"compiler\": \"hwpod-compiler-... exitCode=0"
        },
        {
          "kind": "workspace-edit",
          "seq": 268,
          "exitCode": 1,
          "command": "hwpod workspace insert-after --spec .hwlab/hwpod-spec.yaml --path projects/01_baseline/User/main.c --target \" usart_init(115200);\" --text \" printf(\\\"[D601-F103] d601-f103-v2-main-marker-download-uart-20260607045725-fafbb2ac\\\\r\\\\n\\\");\" --timeout 15",
          "detail": "hwpod workspace insert-after --spec .hwlab/hwpod-spec.yaml --path projects/01_baseline/User/main.c --target \" usart_init(115200);\" --text \" printf(\\\"[D601-F103] d601-f103-v2-main-marker-download-uart-20260607045725-fafbb2ac\\\\r\\\\n\\\");\" --timeout 15 stdout: { \"ok\": false, \"action\": \"hwpod-cli\", \"status\": \"failed\", \"error\": { \"code\": \"required_option_missing\", \"message\": \"anchor is required\", \"details\": { \"name\": \"anchor\" } }, \"observedAt\": \"2026-06-07T04:57:54.180Z\" } exitCode=1"
        },
        {
          "kind": "hwpod-other",
          "seq": 418,
          "exitCode": 0,
          "command": "hwpod workspace cat --spec .hwlab/hwpod-spec.yaml --path projects/01_baseline/User/main.c --timeout 15",
          "detail": "hwpod workspace cat --spec .hwlab/hwpod-spec.yaml --path projects/01_baseline/User/main.c --timeout 15 stdout: { \"ok\": true, \"action\": \"hwpod-cli.invoke\", \"status\": \"completed\", \"specPath\": \".hwlab/hwpod-spec.yaml\", \"intent\": \"workspace.cat\", \"contractVersion\": \"hwpod-node-ops-v1\", \"compilerInvocation\": { \"compiler\": \"hwpod-compiler-cli\", \"mode\": \"subprocess\", \"entrypoint\": \"tools/hwpod-compiler-cli.ts\", \"argv\": [ \"compile\", \"--spec\", \".hwlab/hwpod-spec.yaml\", \"--intent\", \"workspace.cat\", \"--args\", \"<json>\" ], \"exitCode\": 0, \"action\": \"hwpod-compiler.compile\", \"contractVersion\": \"hwpod-node-ops-v1\", \"planId\": \"hwpod_plan_c0422488-987b-42da-aefd-c9419fa3aae7\", \"source\": { \"compiler\": \"hwpod-compiler-... exitCode=0"
        },
        {
          "kind": "hwpod-other",
          "seq": 594,
          "exitCode": 0,
          "command": "hwpod job status 20260607_125803_17cae084 --spec .hwlab/hwpod-spec.yaml --timeout 30",
          "detail": "hwpod job status 20260607_125803_17cae084 --spec .hwlab/hwpod-spec.yaml --timeout 30 stdout: { \"ok\": true, \"action\": \"hwpod-cli.invoke\", \"status\": \"completed\", \"specPath\": \".hwlab/hwpod-spec.yaml\", \"intent\": \"debug.job-status\", \"contractVersion\": \"hwpod-node-ops-v1\", \"compilerInvocation\": { \"compiler\": \"hwpod-compiler-cli\", \"mode\": \"subprocess\", \"entrypoint\": \"tools/hwpod-compiler-cli.ts\", \"argv\": [ \"compile\", \"--spec\", \".hwlab/hwpod-spec.yaml\", \"--intent\", \"debug.job-status\", \"--args\", \"<json>\" ], \"exitCode\": 0, \"action\": \"hwpod-compiler.compile\", \"contractVersion\": \"hwpod-node-ops-v1\", \"planId\": \"hwpod_plan_490c23dd-02fd-4a26-a2f6-6124411b67a8\", \"source\": { \"compiler\": \"hwpod-com... exitCode=0"
        },
        {
          "kind": "hwpod-other",
          "seq": 724,
          "exitCode": 0,
          "command": "hwpod job status 20260607_125803_17cae084 --spec .hwlab/hwpod-spec.yaml --timeout 30",
          "detail": "hwpod job status 20260607_125803_17cae084 --spec .hwlab/hwpod-spec.yaml --timeout 30 stdout: { \"ok\": true, \"action\": \"hwpod-cli.invoke\", \"status\": \"completed\", \"specPath\": \".hwlab/hwpod-spec.yaml\", \"intent\": \"debug.job-status\", \"contractVersion\": \"hwpod-node-ops-v1\", \"compilerInvocation\": { \"compiler\": \"hwpod-compiler-cli\", \"mode\": \"subprocess\", \"entrypoint\": \"tools/hwpod-compiler-cli.ts\", \"argv\": [ \"compile\", \"--spec\", \".hwlab/hwpod-spec.yaml\", \"--intent\", \"debug.job-status\", \"--args\", \"<json>\" ], \"exitCode\": 0, \"action\": \"hwpod-compiler.compile\", \"contractVersion\": \"hwpod-node-ops-v1\", \"planId\": \"hwpod_plan_f345b7ee-cc79-4d88-b97f-635d8759c9c7\", \"source\": { \"compiler\": \"hwpod-com... exitCode=0"
        },
        {
          "kind": "hwpod-other",
          "seq": 871,
          "exitCode": 0,
          "command": "hwpod job status 20260607_125812_c7ff0ce5 --spec .hwlab/hwpod-spec.yaml --timeout 30",
          "detail": "hwpod job status 20260607_125812_c7ff0ce5 --spec .hwlab/hwpod-spec.yaml --timeout 30 stdout: { \"ok\": true, \"action\": \"hwpod-cli.invoke\", \"status\": \"completed\", \"specPath\": \".hwlab/hwpod-spec.yaml\", \"intent\": \"debug.job-status\", \"contractVersion\": \"hwpod-node-ops-v1\", \"compilerInvocation\": { \"compiler\": \"hwpod-compiler-cli\", \"mode\": \"subprocess\", \"entrypoint\": \"tools/hwpod-compiler-cli.ts\", \"argv\": [ \"compile\", \"--spec\", \".hwlab/hwpod-spec.yaml\", \"--intent\", \"debug.job-status\", \"--args\", \"<json>\" ], \"exitCode\": 0, \"action\": \"hwpod-compiler.compile\", \"contractVersion\": \"hwpod-node-ops-v1\", \"planId\": \"hwpod_plan_9f762dbf-395b-4e5c-a5b6-04fa4fe0eaa5\", \"source\": { \"compiler\": \"hwpod-com... exitCode=0"
        },
        {
          "kind": "hwpod-other",
          "seq": 950,
          "exitCode": 0,
          "command": "hwpod job status 20260607_125812_c7ff0ce5 --spec .hwlab/hwpod-spec.yaml --timeout 30",
          "detail": "hwpod job status 20260607_125812_c7ff0ce5 --spec .hwlab/hwpod-spec.yaml --timeout 30 stdout: { \"ok\": true, \"action\": \"hwpod-cli.invoke\", \"status\": \"completed\", \"specPath\": \".hwlab/hwpod-spec.yaml\", \"intent\": \"debug.job-status\", \"contractVersion\": \"hwpod-node-ops-v1\", \"compilerInvocation\": { \"compiler\": \"hwpod-compiler-cli\", \"mode\": \"subprocess\", \"entrypoint\": \"tools/hwpod-compiler-cli.ts\", \"argv\": [ \"compile\", \"--spec\", \".hwlab/hwpod-spec.yaml\", \"--intent\", \"debug.job-status\", \"--args\", \"<json>\" ], \"exitCode\": 0, \"action\": \"hwpod-compiler.compile\", \"contractVersion\": \"hwpod-node-ops-v1\", \"planId\": \"hwpod_plan_6a26acff-504d-4d5f-8467-d389c0cc6891\", \"source\": { \"compiler\": \"hwpod-com... exitCode=0"
        },
        {
          "kind": "hwpod-other",
          "seq": 1114,
          "exitCode": 0,
          "command": "hwpod job status 20260607_125812_c7ff0ce5 --spec .hwlab/hwpod-spec.yaml --timeout 30",
          "detail": "hwpod job status 20260607_125812_c7ff0ce5 --spec .hwlab/hwpod-spec.yaml --timeout 30 stdout: { \"ok\": true, \"action\": \"hwpod-cli.invoke\", \"status\": \"completed\", \"specPath\": \".hwlab/hwpod-spec.yaml\", \"intent\": \"debug.job-status\", \"contractVersion\": \"hwpod-node-ops-v1\", \"compilerInvocation\": { \"compiler\": \"hwpod-compiler-cli\", \"mode\": \"subprocess\", \"entrypoint\": \"tools/hwpod-compiler-cli.ts\", \"argv\": [ \"compile\", \"--spec\", \".hwlab/hwpod-spec.yaml\", \"--intent\", \"debug.job-status\", \"--args\", \"<json>\" ], \"exitCode\": 0, \"action\": \"hwpod-compiler.compile\", \"contractVersion\": \"hwpod-node-ops-v1\", \"planId\": \"hwpod_plan_69a17933-1cca-4e21-b6af-ebdb01107d41\", \"source\": { \"compiler\": \"hwpod-com... exitCode=0"
        },
        {
          "kind": "hwpod-other",
          "seq": 1203,
          "exitCode": 0,
          "command": "hwpod job status 20260607_125812_c7ff0ce5 --spec .hwlab/hwpod-spec.yaml --timeout 30",
          "detail": "hwpod job status 20260607_125812_c7ff0ce5 --spec .hwlab/hwpod-spec.yaml --timeout 30 stdout: { \"ok\": true, \"action\": \"hwpod-cli.invoke\", \"status\": \"completed\", \"specPath\": \".hwlab/hwpod-spec.yaml\", \"intent\": \"debug.job-status\", \"contractVersion\": \"hwpod-node-ops-v1\", \"compilerInvocation\": { \"compiler\": \"hwpod-compiler-cli\", \"mode\": \"subprocess\", \"entrypoint\": \"tools/hwpod-compiler-cli.ts\", \"argv\": [ \"compile\", \"--spec\", \".hwlab/hwpod-spec.yaml\", \"--intent\", \"debug.job-status\", \"--args\", \"<json>\" ], \"exitCode\": 0, \"action\": \"hwpod-compiler.compile\", \"contractVersion\": \"hwpod-node-ops-v1\", \"planId\": \"hwpod_plan_6986925d-89be-49ea-ba7d-661772ae12e8\", \"source\": { \"compiler\": \"hwpod-com... exitCode=0"
        }
      ],
      "kinds": [
        "spec-validate",
        "inspect",
        "workspace-edit",
        "build",
        "download",
        "uart-read",
        "hwpod-other"
      ]
    },
    "status": "recorded",
    "autoEvaluation": false
  },
  "evidence": {
    "contractVersion": "hwpod-case-run-evidence-v1",
    "caseId": "d601-f103-v2-main-marker-download-uart",
    "runId": "d601-f103-v2-main-marker-download-uart-20260607045725-fafbb2ac",
    "compileOnly": true,
    "autoEvaluation": false,
    "status": "recorded",
    "observedAt": "2026-06-07T04:58:52.949Z",
    "apiUrl": "http://74.48.78.17:19667",
    "subject": {
      "repoLocalPath": "F:\\Work\\HWLAB-CASE-F103",
      "commitId": "df7a4e6e551fa90d64bde5537cc000f89d63dd20",
      "subdir": "projects/01_baseline",
      "worktreePath": "F:\\Work\\HWLAB-CASE-F103\\.worktree\\caserun-d601-f103-v2-main-marker-download-uart-20260607045725-fafbb2ac",
      "workspacePath": "F:\\Work\\HWLAB-CASE-F103\\.worktree\\caserun-d601-f103-v2-main-marker-download-uart-20260607045725-fafbb2ac",
      "setup": {
        "httpStatus": 200,
        "planId": "case_subject_743729ec-0eee-4402-a0a2-ded1fee579b9",
        "nodeId": "node-d601-f103-v2",
        "exitCode": 0,
        "stdout": "HEAD is now at df7a4e6 chore: initialize D601 HWLAB subject repo\ndf7a4e6e551fa90d64bde5537cc000f89d63dd20\ncaseRunKeilSidecars {\"copied\":1,\"copiedFiles\":[{\"ext\":\".uvoptx\",\"source\":\"projects\\\\01_baseline\\\\Projects\\\\MDK-ARM\\\\atk_f103.uvoptx\",\"destination\":\".worktree\\\\caserun-d601-f103-v2-main-marker-download-uart-20260607045725-fafbb2ac\\\\projects\\\\01_baseline\\\\Projects\\\\MDK-ARM\\\\atk_f103.uvoptx\"}],\"missing\":[\"projects\\\\01_baseline\\\\Projects\\\\MDK-ARM\\\\atk_f103.uvopt\"],\"sourceBase\":\"projects\\\\01_baseline\\\\Projects\\\\MDK-ARM\\\\atk_f103\",\"destinationBase\":\".worktree\\\\caserun-d601-f103-v2-main-marker-download-uart-20260607045725-fafbb2ac\\\\projects\\\\01_baseline\\\\Projects\\\\MDK-ARM\\\\atk_f103\"}",
        "stderr": "Preparing worktree (detached HEAD df7a4e6)",
        "keilSidecars": {
          "copied": 1,
          "copiedFiles": [
            {
              "ext": ".uvoptx",
              "source": "projects\\01_baseline\\Projects\\MDK-ARM\\atk_f103.uvoptx",
              "destination": ".worktree\\caserun-d601-f103-v2-main-marker-download-uart-20260607045725-fafbb2ac\\projects\\01_baseline\\Projects\\MDK-ARM\\atk_f103.uvoptx"
            }
          ],
          "missing": [
            "projects\\01_baseline\\Projects\\MDK-ARM\\atk_f103.uvopt"
          ],
          "sourceBase": "projects\\01_baseline\\Projects\\MDK-ARM\\atk_f103",
          "destinationBase": ".worktree\\caserun-d601-f103-v2-main-marker-download-uart-20260607045725-fafbb2ac\\projects\\01_baseline\\Projects\\MDK-ARM\\atk_f103",
          "line": "caseRunKeilSidecars {\"copied\":1,\"copiedFiles\":[{\"ext\":\".uvoptx\",\"source\":\"projects\\\\01_baseline\\\\Projects\\\\MDK-ARM\\\\atk_f103.uvoptx\",\"destination\":\".worktree\\\\caserun-d601-f103-v2-main-marker-download-uart-20260607045725-fafbb2ac\\\\projects\\\\01_baseline\\\\Projects\\\\MDK-ARM\\\\atk_f103.uvoptx\"}],\"missing\":[\"projects\\\\01_baseline\\\\Projects\\\\MDK-ARM\\\\atk_f103.uvopt\"],\"sourceBase\":\"projects\\\\01_baseline\\\\Projects\\\\MDK-ARM\\\\atk_f103\",\"destinationBase\":\".worktree\\\\caserun-d601-f103-v2-main-marker-download-uart-20260607045725-fafbb2ac\\\\projects\\\\01_baseline\\\\Projects\\\\MDK-ARM\\\\atk_f103\"}"
        }
      },
      "sourceRootBaseline": {
        "label": "before-prepare",
        "statusShort": "M projects/01_baseline/Projects/MDK-ARM/atk_f103.uvprojx",
        "diffStat": ".../01_baseline/Projects/MDK-ARM/atk_f103.uvprojx   | 21 ++++++++++++++-------\n 1 file changed, 14 insertions(+), 7 deletions(-)",
        "diffSha256": "a847e886c801a597d96f40017f41c70262b024d5b6208bcc7ae343824c3c8d99",
        "diffBytes": 2029,
        "commands": {
          "status": {
            "label": "source-root-status",
            "httpStatus": 200,
            "exitCode": 0,
            "stdoutBytes": 56,
            "stderr": ""
          },
          "diffStat": {
            "label": "source-root-diff-stat",
            "httpStatus": 200,
            "exitCode": 0,
            "stdoutBytes": 128,
            "stderr": "warning: in the working copy of 'projects/01_baseline/Projects/MDK-ARM/atk_f103.uvprojx', LF will be replaced by CRLF the next time Git touches it"
          },
          "diffPatch": {
            "label": "source-root-diff-patch",
            "httpStatus": 200,
            "exitCode": 0,
            "stdoutBytes": 2029,
            "stderr": "warning: in the working copy of 'projects/01_baseline/Projects/MDK-ARM/atk_f103.uvprojx', LF will be replaced by CRLF the next time Git touches it"
          }
        }
      },
      "sourceRootAfterPrepare": {
        "label": "after-prepare",
        "statusShort": "M projects/01_baseline/Projects/MDK-ARM/atk_f103.uvprojx",
        "diffStat": ".../01_baseline/Projects/MDK-ARM/atk_f103.uvprojx   | 21 ++++++++++++++-------\n 1 file changed, 14 insertions(+), 7 deletions(-)",
        "diffSha256": "a847e886c801a597d96f40017f41c70262b024d5b6208bcc7ae343824c3c8d99",
        "diffBytes": 2029,
        "commands": {
          "status": {
            "label": "source-root-status",
            "httpStatus": 200,
            "exitCode": 0,
            "stdoutBytes": 56,
            "stderr": ""
          },
          "diffStat": {
            "label": "source-root-diff-stat",
            "httpStatus": 200,
            "exitCode": 0,
            "stdoutBytes": 128,
            "stderr": "warning: in the working copy of 'projects/01_baseline/Projects/MDK-ARM/atk_f103.uvprojx', LF will be replaced by CRLF the next time Git touches it"
          },
          "diffPatch": {
            "label": "source-root-diff-patch",
            "httpStatus": 200,
            "exitCode": 0,
            "stdoutBytes": 2029,
            "stderr": "warning: in the working copy of 'projects/01_baseline/Projects/MDK-ARM/atk_f103.uvprojx', LF will be replaced by CRLF the next time Git touches it"
          }
        }
      }
    },
    "agentTask": {
      "workspace": "subjectWorktree",
      "providerProfile": "deepseek",
      "projectId": "prj_hwpod_workbench",
      "timeoutMs": 600000,
      "promptSha256": "3fe80c15d578fc98d0e6eff5fa2d2ad7ce3e534b9350308e4438cdfb96d03055",
      "constraints": [
        "只允许修改 projects/01_baseline/User/main.c",
        "marker 必须包含本次 runId，避免串口旧输出混淆",
        "marker 必须位于 UART/USART 初始化之后的可执行路径中，避免编译下载成功但串口不可见",
        "必须通过 HWPOD workspace/node 链路修改 subjectWorktreePath，不得从 Linux runner 直接 cd 到 Windows 路径",
        "必须尝试 hwpod build、hwpod download 和 hwpod uart read 原入口命令",
        "若修改、编译、下载或串口读取失败，继续保留 trace 和原始错误，不要绕过到非 HWPOD 路径",
        "结果只作为 raw trace/evidence 记录，不做自动评价或自动门禁"
      ]
    },
    "agent": {
      "stageStatus": "completed",
      "baseUrl": "http://74.48.78.17:19666",
      "projectId": "prj_hwpod_workbench",
      "providerProfile": "deepseek",
      "conversationId": "cnv_case_d601-f103-v2-main-marker-download-uart_d601-f103-v2-main-marker-download-uart-20260607045725-fafbb2ac",
      "sessionId": "ses_3ebec659-5df9-41f3-a6c9-2d0d439fb6ef",
      "traceId": "trc_case_d601-f103-v2-main-marker-download-uart_c6a323fa0084438d94eadcd865934c16",
      "promptPath": "/root/hwlab-v02/.state/hwlab-cli/caserun/d601-f103-v2-main-marker-download-uart-20260607045725-fafbb2ac/agent-prompt.md",
      "promptSha256": "3fe8320ed7d1a13862ec946a808b5e0518e19bf780a37da1ce047d5dbf751d8d",
      "polls": 32,
      "timedOut": false,
      "timeoutMs": 600000,
      "pollIntervalMs": 1000,
      "lastHttpStatus": 200,
      "nextPollCommand": "hwlab-cli client agent result trc_case_d601-f103-v2-main-marker-download-uart_c6a323fa0084438d94eadcd865934c16",
      "traceCommand": "hwlab-cli client agent trace trc_case_d601-f103-v2-main-marker-download-uart_c6a323fa0084438d94eadcd865934c16 --render web",
      "inspectCommand": "hwlab-cli client agent inspect --trace-id trc_case_d601-f103-v2-main-marker-download-uart_c6a323fa0084438d94eadcd865934c16",
      "sessionCommand": "hwlab-cli client agent session status ses_3ebec659-5df9-41f3-a6c9-2d0d439fb6ef",
      "traceLookup": {
        "source": "hwlab-cli.client.agent",
        "strategy": "id_plus_existing_cli",
        "note": "CaseRun records trace/session identity and reuses existing HWLAB Web-equivalent agent CLI for trace/result/inspect; it does not implement a separate trace query path.",
        "baseUrl": "http://74.48.78.17:19666",
        "traceId": "trc_case_d601-f103-v2-main-marker-download-uart_c6a323fa0084438d94eadcd865934c16",
        "sessionId": "ses_3ebec659-5df9-41f3-a6c9-2d0d439fb6ef",
        "conversationId": "cnv_case_d601-f103-v2-main-marker-download-uart_d601-f103-v2-main-marker-download-uart-20260607045725-fafbb2ac",
        "commands": {
          "result": "hwlab-cli client agent result trc_case_d601-f103-v2-main-marker-download-uart_c6a323fa0084438d94eadcd865934c16",
          "trace": "hwlab-cli client agent trace trc_case_d601-f103-v2-main-marker-download-uart_c6a323fa0084438d94eadcd865934c16 --render web",
          "traceFull": "hwlab-cli client agent trace trc_case_d601-f103-v2-main-marker-download-uart_c6a323fa0084438d94eadcd865934c16 --render web --full",
          "inspect": "hwlab-cli client agent inspect --trace-id trc_case_d601-f103-v2-main-marker-download-uart_c6a323fa0084438d94eadcd865934c16",
          "sessionStatus": "hwlab-cli client agent session status ses_3ebec659-5df9-41f3-a6c9-2d0d439fb6ef"
        }
      }
    },
    "traceLookup": {
      "source": "hwlab-cli.client.agent",
      "strategy": "id_plus_existing_cli",
      "note": "CaseRun records trace/session identity and reuses existing HWLAB Web-equivalent agent CLI for trace/result/inspect; it does not implement a separate trace query path.",
      "baseUrl": "http://74.48.78.17:19666",
      "traceId": "trc_case_d601-f103-v2-main-marker-download-uart_c6a323fa0084438d94eadcd865934c16",
      "sessionId": "ses_3ebec659-5df9-41f3-a6c9-2d0d439fb6ef",
      "conversationId": "cnv_case_d601-f103-v2-main-marker-download-uart_d601-f103-v2-main-marker-download-uart-20260607045725-fafbb2ac",
      "commands": {
        "result": "hwlab-cli client agent result trc_case_d601-f103-v2-main-marker-download-uart_c6a323fa0084438d94eadcd865934c16",
        "trace": "hwlab-cli client agent trace trc_case_d601-f103-v2-main-marker-download-uart_c6a323fa0084438d94eadcd865934c16 --render web",
        "traceFull": "hwlab-cli client agent trace trc_case_d601-f103-v2-main-marker-download-uart_c6a323fa0084438d94eadcd865934c16 --render web --full",
        "inspect": "hwlab-cli client agent inspect --trace-id trc_case_d601-f103-v2-main-marker-download-uart_c6a323fa0084438d94eadcd865934c16",
        "sessionStatus": "hwlab-cli client agent session status ses_3ebec659-5df9-41f3-a6c9-2d0d439fb6ef"
      }
    },
    "agentTrace": {
      "traceId": "trc_case_d601-f103-v2-main-marker-download-uart_c6a323fa0084438d94eadcd865934c16",
      "status": "completed",
      "httpStatus": 200,
      "source": "hwlab-cli.client.agent.trace",
      "lookup": {
        "source": "hwlab-cli.client.agent",
        "strategy": "id_plus_existing_cli",
        "note": "CaseRun records trace/session identity and reuses existing HWLAB Web-equivalent agent CLI for trace/result/inspect; it does not implement a separate trace query path.",
        "baseUrl": "http://74.48.78.17:19666",
        "traceId": "trc_case_d601-f103-v2-main-marker-download-uart_c6a323fa0084438d94eadcd865934c16",
        "sessionId": "ses_3ebec659-5df9-41f3-a6c9-2d0d439fb6ef",
        "conversationId": "cnv_case_d601-f103-v2-main-marker-download-uart_d601-f103-v2-main-marker-download-uart-20260607045725-fafbb2ac",
        "commands": {
          "result": "hwlab-cli client agent result trc_case_d601-f103-v2-main-marker-download-uart_c6a323fa0084438d94eadcd865934c16",
          "trace": "hwlab-cli client agent trace trc_case_d601-f103-v2-main-marker-download-uart_c6a323fa0084438d94eadcd865934c16 --render web",
          "traceFull": "hwlab-cli client agent trace trc_case_d601-f103-v2-main-marker-download-uart_c6a323fa0084438d94eadcd865934c16 --render web --full",
          "inspect": "hwlab-cli client agent inspect --trace-id trc_case_d601-f103-v2-main-marker-download-uart_c6a323fa0084438d94eadcd865934c16",
          "sessionStatus": "hwlab-cli client agent session status ses_3ebec659-5df9-41f3-a6c9-2d0d439fb6ef"
        }
      },
      "sourceEventCount": 1893,
      "renderedRowCount": 51,
      "commandCount": 20,
      "hwpodCommandCount": 18,
      "hwpodBuildCommandCount": 1,
      "keilJobCandidates": [
        "20260607_125803_17cae084",
        "20260607_125812_c7ff0ce5"
      ],
      "terminalStatus": "completed",
      "commands": [
        {
          "source": "trace-row",
          "seq": 80,
          "rowId": "tool:call_00_R5uvp7S9oyap8HbTjbWZ9406",
          "header": "04:57:44 total=00:00:09 ok commandExecution",
          "command": "hwpod-ctl spec validate --spec .hwlab/hwpod-spec.yaml",
          "normalizedCommand": "hwpod-ctl spec validate --spec .hwlab/hwpod-spec.yaml",
          "bodyPreview": "hwpod-ctl spec validate --spec .hwlab/hwpod-spec.yaml stdout: { \"ok\": true, \"action\": \"hwpod-ctl.spec.validate\", \"status\": \"succeeded\", \"specPath\": \".hwlab/hwpod-spec.yaml\", \"document\": { \"apiVersion\": \"hwlab.dev/v0alpha1\", \"kind\": \"Hwpod\", \"metadata\": { \"uid\": \"D601-F103-V2\", \"name\": \"d601-f103-v2\" }, \"spec\": { \"targetDevice\": { \"board\": \"D601-F103-V2\", \"mcu\": \"STM32F103\" }, \"workspace\": { \"path\": \"F:\\\\Work\\\\HWLAB-CASE-F103\\\\.worktree\\\\caserun-d601-f103-v2-main-marker-download-uart-20260607045725-fafbb2ac\", \"toolchain\": \"keil-mdk\", \"keilProject\": \"projects/01_baseline/Projects/MDK-ARM/atk_f103.uvprojx\", \"keilTarget\": \"USART\", \"keilCliPath\": \"C:\\\\User... exitCode=0",
          "exitCode": 0
        },
        {
          "source": "trace-row",
          "seq": 83,
          "rowId": "tool:call_01_wYDHWSUMRgnXFxLLyVRL9358",
          "header": "04:57:44 total=00:00:10 ok commandExecution",
          "command": "hwpod inspect --spec .hwlab/hwpod-spec.yaml",
          "normalizedCommand": "hwpod inspect --spec .hwlab/hwpod-spec.yaml",
          "bodyPreview": "hwpod inspect --spec .hwlab/hwpod-spec.yaml stdout: { \"ok\": true, \"action\": \"hwpod-cli.invoke\", \"status\": \"completed\", \"specPath\": \".hwlab/hwpod-spec.yaml\", \"intent\": \"inspect\", \"contractVersion\": \"hwpod-node-ops-v1\", \"compilerInvocation\": { \"compiler\": \"hwpod-compiler-cli\", \"mode\": \"subprocess\", \"entrypoint\": \"tools/hwpod-compiler-cli.ts\", \"argv\": [ \"compile\", \"--spec\", \".hwlab/hwpod-spec.yaml\", \"--intent\", \"inspect\", \"--args\", \"<json>\" ], \"exitCode\": 0, \"action\": \"hwpod-compiler.compile\", \"contractVersion\": \"hwpod-node-ops-v1\", \"planId\": \"hwpod_plan_85cd85ff-7f48-49d1-a27a-c55fac0e062c\", \"source\": { \"compiler\": \"hwpod-compiler-cli\", \"specP... exitCode=0",
          "exitCode": 0
        },
        {
          "source": "trace-row",
          "seq": 314,
          "rowId": "tool:call_00_NGDVSBN4hJhMVfzrjqvo2364",
          "header": "04:57:56 total=00:00:21 ok commandExecution",
          "command": "hwpod workspace insert-after --help 2>&1 || hwpod workspace --help 2>&1 | head -60",
          "normalizedCommand": "hwpod workspace insert-after --help 2>&1 || hwpod workspace --help 2>&1 | head -60",
          "bodyPreview": "hwpod workspace insert-after --help 2>&1 || hwpod workspace --help 2>&1 | head -60 stdout: { \"ok\": true, \"action\": \"hwpod-cli.workspace.help\", \"status\": \"succeeded\", \"contractVersion\": \"hwpod-node-ops-v1\", \"command\": \"workspace\", \"subcommand\": \"insert-after\", \"usage\": [ \"hwpod workspace ls [path] --spec .hwlab/hwpod-spec.yaml\", \"hwpod workspace cat <path> --spec .hwlab/hwpod-spec.yaml\", \"hwpod workspace read <path> --spec .hwlab/hwpod-spec.yaml\", \"hwpod workspace cat --file <path> --spec .hwlab/hwpod-spec.yaml\", \"hwpod workspace cat --remote-path <path> --spec .hwlab/hwpod-spec.yaml\", \"hwpod workspace write --path <path> --content <text> --expected-sha <sha>\", \"hwpod workspace re... exitCode=0",
          "exitCode": 0
        },
        {
          "source": "trace-row",
          "seq": 532,
          "rowId": "tool:call_00_b8BkBCA3kw27PEw5Ry9E6628",
          "header": "04:58:04 total=00:00:29 ok commandExecution",
          "command": "hwpod build --spec .hwlab/hwpod-spec.yaml --timeout 120",
          "normalizedCommand": "hwpod build --spec .hwlab/hwpod-spec.yaml --timeout 120",
          "bodyPreview": "hwpod build --spec .hwlab/hwpod-spec.yaml --timeout 120 stdout: { \"ok\": true, \"action\": \"hwpod-cli.invoke\", \"status\": \"completed\", \"specPath\": \".hwlab/hwpod-spec.yaml\", \"intent\": \"debug.build\", \"contractVersion\": \"hwpod-node-ops-v1\", \"compilerInvocation\": { \"compiler\": \"hwpod-compiler-cli\", \"mode\": \"subprocess\", \"entrypoint\": \"tools/hwpod-compiler-cli.ts\", \"argv\": [ \"compile\", \"--spec\", \".hwlab/hwpod-spec.yaml\", \"--intent\", \"debug.build\", \"--args\", \"<json>\" ], \"exitCode\": 0, \"action\": \"hwpod-compiler.compile\", \"contractVersion\": \"hwpod-node-ops-v1\", \"planId\": \"hwpod_plan_fc6e13e1-4e57-48ec-8f5f-437c020f35f0\", \"source\": { \"compiler\": \"hwpod-compiler-cli\"... exitCode=0",
          "exitCode": 0
        },
        {
          "source": "trace-row",
          "seq": 796,
          "rowId": "tool:call_00_tiNGy7znRrQpue1dbscS8879",
          "header": "04:58:13 total=00:00:38 ok commandExecution",
          "command": "hwpod download --spec .hwlab/hwpod-spec.yaml --timeout 120",
          "normalizedCommand": "hwpod download --spec .hwlab/hwpod-spec.yaml --timeout 120",
          "bodyPreview": "hwpod download --spec .hwlab/hwpod-spec.yaml --timeout 120 stdout: { \"ok\": true, \"action\": \"hwpod-cli.invoke\", \"status\": \"completed\", \"specPath\": \".hwlab/hwpod-spec.yaml\", \"intent\": \"debug.download\", \"contractVersion\": \"hwpod-node-ops-v1\", \"compilerInvocation\": { \"compiler\": \"hwpod-compiler-cli\", \"mode\": \"subprocess\", \"entrypoint\": \"tools/hwpod-compiler-cli.ts\", \"argv\": [ \"compile\", \"--spec\", \".hwlab/hwpod-spec.yaml\", \"--intent\", \"debug.download\", \"--args\", \"<json>\" ], \"exitCode\": 0, \"action\": \"hwpod-compiler.compile\", \"contractVersion\": \"hwpod-node-ops-v1\", \"planId\": \"hwpod_plan_a43cdad3-93e3-4591-96e8-cc541a329162\", \"source\": { \"compiler\": \"hwpod-compile... exitCode=0",
          "exitCode": 0
        },
        {
          "source": "trace-row",
          "seq": 1387,
          "rowId": "tool:call_00_qJHUp7rguKHp942Y0RNG0525",
          "header": "04:58:29 total=00:00:54 ok commandExecution",
          "command": "hwpod uart read --spec .hwlab/hwpod-spec.yaml --port uart1 --max-bytes 4096 --timeout 30",
          "normalizedCommand": "hwpod uart read --spec .hwlab/hwpod-spec.yaml --port uart1 --max-bytes 4096 --timeout 30",
          "bodyPreview": "hwpod uart read --spec .hwlab/hwpod-spec.yaml --port uart1 --max-bytes 4096 --timeout 30 stdout: { \"ok\": false, \"action\": \"hwpod-cli.invoke\", \"status\": \"failed\", \"specPath\": \".hwlab/hwpod-spec.yaml\", \"intent\": \"io.uart.read\", \"contractVersion\": \"hwpod-node-ops-v1\", \"compilerInvocation\": { \"compiler\": \"hwpod-compiler-cli\", \"mode\": \"subprocess\", \"entrypoint\": \"tools/hwpod-compiler-cli.ts\", \"argv\": [ \"compile\", \"--spec\", \".hwlab/hwpod-spec.yaml\", \"--intent\", \"io.uart.read\", \"--args\", \"<json>\" ], \"exitCode\": 0, \"action\": \"hwpod-compiler.compile\", \"contractVersion\": \"hwpod-node-ops-v1\", \"planId\": \"hwpod_plan_ab107fa1-cade-4557-81b1-ccc38e89a10a\", \"source\": { \"compiler\": \"hwpod-compiler-cli\"... exitCode=1",
          "exitCode": 1
        },
        {
          "source": "trace-row",
          "seq": 54,
          "rowId": "tool:call_00_roFrIgZscg3Q3L7ZjDHV2057",
          "header": "04:57:41 total=00:00:06 ok commandExecution",
          "command": "test -f .hwlab/hwpod-spec.yaml && echo \"EXISTS\" || echo \"MISSING\"",
          "normalizedCommand": "test -f .hwlab/hwpod-spec.yaml && echo \"EXISTS\" || echo \"MISSING",
          "bodyPreview": "test -f .hwlab/hwpod-spec.yaml && echo \"EXISTS\" || echo \"MISSING\" stdout: EXISTS exitCode=0",
          "exitCode": 0
        },
        {
          "source": "trace-row",
          "seq": 56,
          "rowId": "tool:call_01_2Xi3ucZGR8pou9m7EMmI4090",
          "header": "04:57:42 total=00:00:07 ok commandExecution",
          "command": "command -v hwpod >/dev/null 2>&1 && echo \"hwpod: YES\" || echo \"hwpod: NO\"; command -v hwpod-ctl >/dev/null 2>&1 && echo \"hwpod-ctl: YES\" || echo \"hwpod-ctl: NO\"; command -v hwpod-compiler-cli >/dev/null 2>&1 && echo \"hwpod-compiler-cli: YES\" || echo \"hwpod-compiler-cli: NO\"",
          "normalizedCommand": "command -v hwpod >/dev/null 2>&1 && echo \"hwpod: YES\" || echo \"hwpod: NO\"; command -v hwpod-ctl >/dev/null 2>&1 && echo \"hwpod-ctl: YES\" || echo \"hwpod-ctl: NO\"; command -v hwpod-compiler-cli >/dev/null 2>&1 && echo \"hwpod-compiler-cli: YES\" || echo \"hwpod-compiler-cli: NO",
          "bodyPreview": "command -v hwpod >/dev/null 2>&1 && echo \"hwpod: YES\" || echo \"hwpod: NO\"; command -v hwpod-ctl >/dev/null 2>&1 && echo \"hwpod-ctl: YES\" || echo \"hwpod-ctl: NO\"; command -v hwpod-compiler-cli >/dev/null 2>&1 && echo \"hwpod-compiler-cli: YES\" || echo \"hwpod-compiler-cli: NO\" stdout: hwpod: YES hwpod-ctl: YES hwpod-compiler-cli: NO exitCode=0",
          "exitCode": 0
        },
        {
          "source": "trace-row",
          "seq": 113,
          "rowId": "tool:call_00_4PoXTC09EquEDWOXhu2m0525",
          "header": "04:57:47 total=00:00:12 ok commandExecution",
          "command": "hwpod node exec --spec .hwlab/hwpod-spec.yaml --cmd \"dir F:\\Work\\HWLAB-CASE-F103\\.worktree\\caserun-d601-f103-v2-main-marker-download-uart-20260607045725-fafbb2ac\\projects\\01_baseline\\User\\main.c\" --timeout 10",
          "normalizedCommand": "hwpod node exec --spec .hwlab/hwpod-spec.yaml --cmd \"dir F:\\Work\\HWLAB-CASE-F103\\.worktree\\caserun-d601-f103-v2-main-marker-download-uart-20260607045725-fafbb2ac\\projects\\01_baseline\\User\\main.c\" --timeout 10",
          "bodyPreview": "hwpod node exec --spec .hwlab/hwpod-spec.yaml --cmd \"dir F:\\Work\\HWLAB-CASE-F103\\.worktree\\caserun-d601-f103-v2-main-marker-download-uart-20260607045725-fafbb2ac\\projects\\01_baseline\\User\\main.c\" --timeout 10 stdout: { \"ok\": false, \"action\": \"hwpod-cli\", \"status\": \"failed\", \"error\": { \"code\": \"hwpod_compiler_failed\", \"message\": \"hwpod-compiler-cli failed to compile hwpod-node-ops plan\", \"details\": { \"compilerInvocation\": { \"compiler\": \"hwpod-compiler-cli\", \"mode\": \"subprocess\", \"entrypoint\": \"tools/hwpod-compiler-cli.ts\", \"argv\": [ \"compile\", \"--spec\", \".hwlab/hwpod-spec.yaml\", \"--intent\", \"node.exec\", \"--args\", \"<json>\" ], \"exitCode\": 1 }, \"stdout\": \"{\\n \\\"ok\\\": false,\\n \\\"action\\\": \\\"hwpod-compiler-cli\\\",\\n \\\"status\\\": \\\"failed\\\",\\n \\\"error\\\": {\\n \\\"code\\\": \\\"unsupported_hwpod_intent\\\",\\n \\\"message\\\":... exitCode=1",
          "exitCode": 1
        },
        {
          "source": "trace-row",
          "seq": 147,
          "rowId": "tool:call_00_DNMTYgAVftAJCpu0ZJEr4729",
          "header": "04:57:49 total=00:00:14 ok commandExecution",
          "command": "hwpod workspace ls --spec .hwlab/hwpod-spec.yaml --path projects/01_baseline/User --timeout 15",
          "normalizedCommand": "hwpod workspace ls --spec .hwlab/hwpod-spec.yaml --path projects/01_baseline/User --timeout 15",
          "bodyPreview": "hwpod workspace ls --spec .hwlab/hwpod-spec.yaml --path projects/01_baseline/User --timeout 15 stdout: { \"ok\": true, \"action\": \"hwpod-cli.invoke\", \"status\": \"completed\", \"specPath\": \".hwlab/hwpod-spec.yaml\", \"intent\": \"workspace.ls\", \"contractVersion\": \"hwpod-node-ops-v1\", \"compilerInvocation\": { \"compiler\": \"hwpod-compiler-cli\", \"mode\": \"subprocess\", \"entrypoint\": \"tools/hwpod-compiler-cli.ts\", \"argv\": [ \"compile\", \"--spec\", \".hwlab/hwpod-spec.yaml\", \"--intent\", \"workspace.ls\", \"--args\", \"<json>\" ], \"exitCode\": 0, \"action\": \"hwpod-compiler.compile\", \"contractVersion\": \"hwpod-node-ops-v1\", \"planId\": \"hwpod_plan_50b7c5d0-1022-48a1-90b9-e84a70d6278f\", \"source\": { \"compiler\": \"hwpod-compiler-cl... exitCode=0",
          "exitCode": 0
        },
        {
          "source": "trace-row",
          "seq": 186,
          "rowId": "tool:call_00_98ltSSAUqgmojtsU9Rju4109",
          "header": "04:57:51 total=00:00:16 ok commandExecution",
          "command": "hwpod workspace cat --spec .hwlab/hwpod-spec.yaml --path projects/01_baseline/User/main.c --timeout 15",
          "normalizedCommand": "hwpod workspace cat --spec .hwlab/hwpod-spec.yaml --path projects/01_baseline/User/main.c --timeout 15",
          "bodyPreview": "hwpod workspace cat --spec .hwlab/hwpod-spec.yaml --path projects/01_baseline/User/main.c --timeout 15 stdout: { \"ok\": true, \"action\": \"hwpod-cli.invoke\", \"status\": \"completed\", \"specPath\": \".hwlab/hwpod-spec.yaml\", \"intent\": \"workspace.cat\", \"contractVersion\": \"hwpod-node-ops-v1\", \"compilerInvocation\": { \"compiler\": \"hwpod-compiler-cli\", \"mode\": \"subprocess\", \"entrypoint\": \"tools/hwpod-compiler-cli.ts\", \"argv\": [ \"compile\", \"--spec\", \".hwlab/hwpod-spec.yaml\", \"--intent\", \"workspace.cat\", \"--args\", \"<json>\" ], \"exitCode\": 0, \"action\": \"hwpod-compiler.compile\", \"contractVersion\": \"hwpod-node-ops-v1\", \"planId\": \"hwpod_plan_a4b2227b-6f7e-409a-8542-836036466d16\", \"source\": { \"compiler\": \"hwpod-compiler-... exitCode=0",
          "exitCode": 0
        },
        {
          "source": "trace-row",
          "seq": 268,
          "rowId": "tool:call_00_7DwTzSj0DyAQyXIxZ7YK2441",
          "header": "04:57:54 total=00:00:19 ok commandExecution",
          "command": "hwpod workspace insert-after --spec .hwlab/hwpod-spec.yaml --path projects/01_baseline/User/main.c --target \" usart_init(115200);\" --text \" printf(\\\"[D601-F103] d601-f103-v2-main-marker-download-uart-20260607045725-fafbb2ac\\\\r\\\\n\\\");\" --timeout 15",
          "normalizedCommand": "hwpod workspace insert-after --spec .hwlab/hwpod-spec.yaml --path projects/01_baseline/User/main.c --target \" usart_init(115200);\" --text \" printf(\\\"[D601-F103] d601-f103-v2-main-marker-download-uart-20260607045725-fafbb2ac\\\\r\\\\n\\\");\" --timeout 15",
          "bodyPreview": "hwpod workspace insert-after --spec .hwlab/hwpod-spec.yaml --path projects/01_baseline/User/main.c --target \" usart_init(115200);\" --text \" printf(\\\"[D601-F103] d601-f103-v2-main-marker-download-uart-20260607045725-fafbb2ac\\\\r\\\\n\\\");\" --timeout 15 stdout: { \"ok\": false, \"action\": \"hwpod-cli\", \"status\": \"failed\", \"error\": { \"code\": \"required_option_missing\", \"message\": \"anchor is required\", \"details\": { \"name\": \"anchor\" } }, \"observedAt\": \"2026-06-07T04:57:54.180Z\" } exitCode=1",
          "exitCode": 1
        },
        {
          "source": "trace-row",
          "seq": 364,
          "rowId": "tool:call_00_He27wQVtvZ5ADocmalgT7817",
          "header": "04:57:58 total=00:00:23 ok commandExecution",
          "command": "hwpod workspace insert-after --spec .hwlab/hwpod-spec.yaml --path projects/01_baseline/User/main.c --anchor \" usart_init(115200);\" --line \" printf(\\\"[D601-F103] d601-f103-v2-main-marker-download-uart-20260607045725-fafbb2ac\\\\r\\\\n\\\");\" --timeout 15",
          "normalizedCommand": "hwpod workspace insert-after --spec .hwlab/hwpod-spec.yaml --path projects/01_baseline/User/main.c --anchor \" usart_init(115200);\" --line \" printf(\\\"[D601-F103] d601-f103-v2-main-marker-download-uart-20260607045725-fafbb2ac\\\\r\\\\n\\\");\" --timeout 15",
          "bodyPreview": "hwpod workspace insert-after --spec .hwlab/hwpod-spec.yaml --path projects/01_baseline/User/main.c --anchor \" usart_init(115200);\" --line \" printf(\\\"[D601-F103] d601-f103-v2-main-marker-download-uart-20260607045725-fafbb2ac\\\\r\\\\n\\\");\" --timeout 15 stdout: { \"ok\": true, \"action\": \"hwpod-cli.invoke\", \"status\": \"completed\", \"specPath\": \".hwlab/hwpod-spec.yaml\", \"intent\": \"workspace.insert-after\", \"contractVersion\": \"hwpod-node-ops-v1\", \"compilerInvocation\": { \"compiler\": \"hwpod-compiler-cli\", \"mode\": \"subprocess\", \"entrypoint\": \"tools/hwpod-compiler-cli.ts\", \"argv\": [ \"compile\", \"--spec\", \".hwlab/hwpod-spec.yaml\", \"--intent\", \"workspace.insert-after\", \"--args\", \"<json>\" ], \"exitCode\": 0, \"action\": \"hwpod-compiler.compile\", \"contractVersion\": \"hwpod-node-ops-v1\", \"planId\": \"hwpod_plan_b5947d1a-f6f9-4a39-9c76-6ac49588ebd2\", \"source\": { \"compiler\"... exitCode=0",
          "exitCode": 0
        },
        {
          "source": "trace-row",
          "seq": 418,
          "rowId": "tool:call_00_wCnh9ShSHZo76ZgWYikM6217",
          "header": "04:58:01 total=00:00:26 ok commandExecution",
          "command": "hwpod workspace cat --spec .hwlab/hwpod-spec.yaml --path projects/01_baseline/User/main.c --timeout 15",
          "normalizedCommand": "hwpod workspace cat --spec .hwlab/hwpod-spec.yaml --path projects/01_baseline/User/main.c --timeout 15",
          "bodyPreview": "hwpod workspace cat --spec .hwlab/hwpod-spec.yaml --path projects/01_baseline/User/main.c --timeout 15 stdout: { \"ok\": true, \"action\": \"hwpod-cli.invoke\", \"status\": \"completed\", \"specPath\": \".hwlab/hwpod-spec.yaml\", \"intent\": \"workspace.cat\", \"contractVersion\": \"hwpod-node-ops-v1\", \"compilerInvocation\": { \"compiler\": \"hwpod-compiler-cli\", \"mode\": \"subprocess\", \"entrypoint\": \"tools/hwpod-compiler-cli.ts\", \"argv\": [ \"compile\", \"--spec\", \".hwlab/hwpod-spec.yaml\", \"--intent\", \"workspace.cat\", \"--args\", \"<json>\" ], \"exitCode\": 0, \"action\": \"hwpod-compiler.compile\", \"contractVersion\": \"hwpod-node-ops-v1\", \"planId\": \"hwpod_plan_c0422488-987b-42da-aefd-c9419fa3aae7\", \"source\": { \"compiler\": \"hwpod-compiler-... exitCode=0",
          "exitCode": 0
        },
        {
          "source": "trace-row",
          "seq": 594,
          "rowId": "tool:call_00_PP2PYhuG8UtUm6tU6lP58330",
          "header": "04:58:07 total=00:00:32 ok commandExecution",
          "command": "hwpod job status 20260607_125803_17cae084 --spec .hwlab/hwpod-spec.yaml --timeout 30",
          "normalizedCommand": "hwpod job status 20260607_125803_17cae084 --spec .hwlab/hwpod-spec.yaml --timeout 30",
          "bodyPreview": "hwpod job status 20260607_125803_17cae084 --spec .hwlab/hwpod-spec.yaml --timeout 30 stdout: { \"ok\": true, \"action\": \"hwpod-cli.invoke\", \"status\": \"completed\", \"specPath\": \".hwlab/hwpod-spec.yaml\", \"intent\": \"debug.job-status\", \"contractVersion\": \"hwpod-node-ops-v1\", \"compilerInvocation\": { \"compiler\": \"hwpod-compiler-cli\", \"mode\": \"subprocess\", \"entrypoint\": \"tools/hwpod-compiler-cli.ts\", \"argv\": [ \"compile\", \"--spec\", \".hwlab/hwpod-spec.yaml\", \"--intent\", \"debug.job-status\", \"--args\", \"<json>\" ], \"exitCode\": 0, \"action\": \"hwpod-compiler.compile\", \"contractVersion\": \"hwpod-node-ops-v1\", \"planId\": \"hwpod_plan_490c23dd-02fd-4a26-a2f6-6124411b67a8\", \"source\": { \"compiler\": \"hwpod-com... exitCode=0",
          "exitCode": 0
        },
        {
          "source": "trace-row",
          "seq": 724,
          "rowId": "tool:call_00_GXLIjSIMI4ZB8LLdYOeX9269",
          "header": "04:58:10 total=00:00:35 ok commandExecution",
          "command": "hwpod job status 20260607_125803_17cae084 --spec .hwlab/hwpod-spec.yaml --timeout 30",
          "normalizedCommand": "hwpod job status 20260607_125803_17cae084 --spec .hwlab/hwpod-spec.yaml --timeout 30",
          "bodyPreview": "hwpod job status 20260607_125803_17cae084 --spec .hwlab/hwpod-spec.yaml --timeout 30 stdout: { \"ok\": true, \"action\": \"hwpod-cli.invoke\", \"status\": \"completed\", \"specPath\": \".hwlab/hwpod-spec.yaml\", \"intent\": \"debug.job-status\", \"contractVersion\": \"hwpod-node-ops-v1\", \"compilerInvocation\": { \"compiler\": \"hwpod-compiler-cli\", \"mode\": \"subprocess\", \"entrypoint\": \"tools/hwpod-compiler-cli.ts\", \"argv\": [ \"compile\", \"--spec\", \".hwlab/hwpod-spec.yaml\", \"--intent\", \"debug.job-status\", \"--args\", \"<json>\" ], \"exitCode\": 0, \"action\": \"hwpod-compiler.compile\", \"contractVersion\": \"hwpod-node-ops-v1\", \"planId\": \"hwpod_plan_f345b7ee-cc79-4d88-b97f-635d8759c9c7\", \"source\": { \"compiler\": \"hwpod-com... exitCode=0",
          "exitCode": 0
        },
        {
          "source": "trace-row",
          "seq": 871,
          "rowId": "tool:call_00_45PdalRYNmx40FG0N1Yb5866",
          "header": "04:58:16 total=00:00:41 ok commandExecution",
          "command": "hwpod job status 20260607_125812_c7ff0ce5 --spec .hwlab/hwpod-spec.yaml --timeout 30",
          "normalizedCommand": "hwpod job status 20260607_125812_c7ff0ce5 --spec .hwlab/hwpod-spec.yaml --timeout 30",
          "bodyPreview": "hwpod job status 20260607_125812_c7ff0ce5 --spec .hwlab/hwpod-spec.yaml --timeout 30 stdout: { \"ok\": true, \"action\": \"hwpod-cli.invoke\", \"status\": \"completed\", \"specPath\": \".hwlab/hwpod-spec.yaml\", \"intent\": \"debug.job-status\", \"contractVersion\": \"hwpod-node-ops-v1\", \"compilerInvocation\": { \"compiler\": \"hwpod-compiler-cli\", \"mode\": \"subprocess\", \"entrypoint\": \"tools/hwpod-compiler-cli.ts\", \"argv\": [ \"compile\", \"--spec\", \".hwlab/hwpod-spec.yaml\", \"--intent\", \"debug.job-status\", \"--args\", \"<json>\" ], \"exitCode\": 0, \"action\": \"hwpod-compiler.compile\", \"contractVersion\": \"hwpod-node-ops-v1\", \"planId\": \"hwpod_plan_9f762dbf-395b-4e5c-a5b6-04fa4fe0eaa5\", \"source\": { \"compiler\": \"hwpod-com... exitCode=0",
          "exitCode": 0
        },
        {
          "source": "trace-row",
          "seq": 950,
          "rowId": "tool:call_00_toivQtGFxA40cDfGMyIW7191",
          "header": "04:58:18 total=00:00:43 ok commandExecution",
          "command": "hwpod job status 20260607_125812_c7ff0ce5 --spec .hwlab/hwpod-spec.yaml --timeout 30",
          "normalizedCommand": "hwpod job status 20260607_125812_c7ff0ce5 --spec .hwlab/hwpod-spec.yaml --timeout 30",
          "bodyPreview": "hwpod job status 20260607_125812_c7ff0ce5 --spec .hwlab/hwpod-spec.yaml --timeout 30 stdout: { \"ok\": true, \"action\": \"hwpod-cli.invoke\", \"status\": \"completed\", \"specPath\": \".hwlab/hwpod-spec.yaml\", \"intent\": \"debug.job-status\", \"contractVersion\": \"hwpod-node-ops-v1\", \"compilerInvocation\": { \"compiler\": \"hwpod-compiler-cli\", \"mode\": \"subprocess\", \"entrypoint\": \"tools/hwpod-compiler-cli.ts\", \"argv\": [ \"compile\", \"--spec\", \".hwlab/hwpod-spec.yaml\", \"--intent\", \"debug.job-status\", \"--args\", \"<json>\" ], \"exitCode\": 0, \"action\": \"hwpod-compiler.compile\", \"contractVersion\": \"hwpod-node-ops-v1\", \"planId\": \"hwpod_plan_6a26acff-504d-4d5f-8467-d389c0cc6891\", \"source\": { \"compiler\": \"hwpod-com... exitCode=0",
          "exitCode": 0
        },
        {
          "source": "trace-row",
          "seq": 1114,
          "rowId": "tool:call_00_lyGzlj4RhWJ5WDFbNHEK8175",
          "header": "04:58:22 total=00:00:47 ok commandExecution",
          "command": "hwpod job status 20260607_125812_c7ff0ce5 --spec .hwlab/hwpod-spec.yaml --timeout 30",
          "normalizedCommand": "hwpod job status 20260607_125812_c7ff0ce5 --spec .hwlab/hwpod-spec.yaml --timeout 30",
          "bodyPreview": "hwpod job status 20260607_125812_c7ff0ce5 --spec .hwlab/hwpod-spec.yaml --timeout 30 stdout: { \"ok\": true, \"action\": \"hwpod-cli.invoke\", \"status\": \"completed\", \"specPath\": \".hwlab/hwpod-spec.yaml\", \"intent\": \"debug.job-status\", \"contractVersion\": \"hwpod-node-ops-v1\", \"compilerInvocation\": { \"compiler\": \"hwpod-compiler-cli\", \"mode\": \"subprocess\", \"entrypoint\": \"tools/hwpod-compiler-cli.ts\", \"argv\": [ \"compile\", \"--spec\", \".hwlab/hwpod-spec.yaml\", \"--intent\", \"debug.job-status\", \"--args\", \"<json>\" ], \"exitCode\": 0, \"action\": \"hwpod-compiler.compile\", \"contractVersion\": \"hwpod-node-ops-v1\", \"planId\": \"hwpod_plan_69a17933-1cca-4e21-b6af-ebdb01107d41\", \"source\": { \"compiler\": \"hwpod-com... exitCode=0",
          "exitCode": 0
        },
        {
          "source": "trace-row",
          "seq": 1203,
          "rowId": "tool:call_00_QolFXWIjLKFBhfuBM3792689",
          "header": "04:58:25 total=00:00:50 ok commandExecution",
          "command": "hwpod job status 20260607_125812_c7ff0ce5 --spec .hwlab/hwpod-spec.yaml --timeout 30",
          "normalizedCommand": "hwpod job status 20260607_125812_c7ff0ce5 --spec .hwlab/hwpod-spec.yaml --timeout 30",
          "bodyPreview": "hwpod job status 20260607_125812_c7ff0ce5 --spec .hwlab/hwpod-spec.yaml --timeout 30 stdout: { \"ok\": true, \"action\": \"hwpod-cli.invoke\", \"status\": \"completed\", \"specPath\": \".hwlab/hwpod-spec.yaml\", \"intent\": \"debug.job-status\", \"contractVersion\": \"hwpod-node-ops-v1\", \"compilerInvocation\": { \"compiler\": \"hwpod-compiler-cli\", \"mode\": \"subprocess\", \"entrypoint\": \"tools/hwpod-compiler-cli.ts\", \"argv\": [ \"compile\", \"--spec\", \".hwlab/hwpod-spec.yaml\", \"--intent\", \"debug.job-status\", \"--args\", \"<json>\" ], \"exitCode\": 0, \"action\": \"hwpod-compiler.compile\", \"contractVersion\": \"hwpod-node-ops-v1\", \"planId\": \"hwpod_plan_6986925d-89be-49ea-ba7d-661772ae12e8\", \"source\": { \"compiler\": \"hwpod-com... exitCode=0",
          "exitCode": 0
        }
      ]
    },
    "agentDiff": {
      "statusShort": "M projects/01_baseline/User/main.c",
      "diffStat": "projects/01_baseline/User/main.c | 1 +\n 1 file changed, 1 insertion(+)",
      "diffPatchPath": "/root/hwlab-v02/.state/hwlab-cli/caserun/d601-f103-v2-main-marker-download-uart-20260607045725-fafbb2ac/agent-diff.patch",
      "diffPatchSha256": "f566693a88947ccf74a865e20fbb713b515b4700d1456cbef8870d974ef8259c",
      "sourceRootStatusShort": "M projects/01_baseline/Projects/MDK-ARM/atk_f103.uvprojx",
      "sourceRootBaseline": {
        "label": "before-prepare",
        "statusShort": "M projects/01_baseline/Projects/MDK-ARM/atk_f103.uvprojx",
        "diffStat": ".../01_baseline/Projects/MDK-ARM/atk_f103.uvprojx   | 21 ++++++++++++++-------\n 1 file changed, 14 insertions(+), 7 deletions(-)",
        "diffSha256": "a847e886c801a597d96f40017f41c70262b024d5b6208bcc7ae343824c3c8d99",
        "diffBytes": 2029,
        "commands": {
          "status": {
            "label": "source-root-status",
            "httpStatus": 200,
            "exitCode": 0,
            "stdoutBytes": 56,
            "stderr": ""
          },
          "diffStat": {
            "label": "source-root-diff-stat",
            "httpStatus": 200,
            "exitCode": 0,
            "stdoutBytes": 128,
            "stderr": "warning: in the working copy of 'projects/01_baseline/Projects/MDK-ARM/atk_f103.uvprojx', LF will be replaced by CRLF the next time Git touches it"
          },
          "diffPatch": {
            "label": "source-root-diff-patch",
            "httpStatus": 200,
            "exitCode": 0,
            "stdoutBytes": 2029,
            "stderr": "warning: in the working copy of 'projects/01_baseline/Projects/MDK-ARM/atk_f103.uvprojx', LF will be replaced by CRLF the next time Git touches it"
          }
        }
      },
      "sourceRootAfterPrepare": {
        "label": "after-prepare",
        "statusShort": "M projects/01_baseline/Projects/MDK-ARM/atk_f103.uvprojx",
        "diffStat": ".../01_baseline/Projects/MDK-ARM/atk_f103.uvprojx   | 21 ++++++++++++++-------\n 1 file changed, 14 insertions(+), 7 deletions(-)",
        "diffSha256": "a847e886c801a597d96f40017f41c70262b024d5b6208bcc7ae343824c3c8d99",
        "diffBytes": 2029,
        "commands": {
          "status": {
            "label": "source-root-status",
            "httpStatus": 200,
            "exitCode": 0,
            "stdoutBytes": 56,
            "stderr": ""
          },
          "diffStat": {
            "label": "source-root-diff-stat",
            "httpStatus": 200,
            "exitCode": 0,
            "stdoutBytes": 128,
            "stderr": "warning: in the working copy of 'projects/01_baseline/Projects/MDK-ARM/atk_f103.uvprojx', LF will be replaced by CRLF the next time Git touches it"
          },
          "diffPatch": {
            "label": "source-root-diff-patch",
            "httpStatus": 200,
            "exitCode": 0,
            "stdoutBytes": 2029,
            "stderr": "warning: in the working copy of 'projects/01_baseline/Projects/MDK-ARM/atk_f103.uvprojx', LF will be replaced by CRLF the next time Git touches it"
          }
        }
      },
      "sourceRootAfterAgent": {
        "label": "after-agent",
        "statusShort": "M projects/01_baseline/Projects/MDK-ARM/atk_f103.uvprojx",
        "diffStat": ".../01_baseline/Projects/MDK-ARM/atk_f103.uvprojx   | 21 ++++++++++++++-------\n 1 file changed, 14 insertions(+), 7 deletions(-)",
        "diffSha256": "a847e886c801a597d96f40017f41c70262b024d5b6208bcc7ae343824c3c8d99",
        "diffBytes": 2029,
        "commands": {
          "status": {
            "label": "source-root-status",
            "httpStatus": 200,
            "exitCode": 0,
            "stdoutBytes": 56,
            "stderr": ""
          },
          "diffStat": {
            "label": "source-root-diff-stat",
            "httpStatus": 200,
            "exitCode": 0,
            "stdoutBytes": 128,
            "stderr": "warning: in the working copy of 'projects/01_baseline/Projects/MDK-ARM/atk_f103.uvprojx', LF will be replaced by CRLF the next time Git touches it"
          },
          "diffPatch": {
            "label": "source-root-diff-patch",
            "httpStatus": 200,
            "exitCode": 0,
            "stdoutBytes": 2029,
            "stderr": "warning: in the working copy of 'projects/01_baseline/Projects/MDK-ARM/atk_f103.uvprojx', LF will be replaced by CRLF the next time Git touches it"
          }
        }
      },
      "sourceRootChangedAfterPrepare": false,
      "sourceRootChangedAfterAgent": false,
      "requests": [
        {
          "label": "status",
          "httpStatus": 200,
          "exitCode": 0,
          "stdoutBytes": 34,
          "stderr": ""
        },
        {
          "label": "diff-stat",
          "httpStatus": 200,
          "exitCode": 0,
          "stdoutBytes": 70,
          "stderr": ""
        },
        {
          "label": "diff-patch",
          "httpStatus": 200,
          "exitCode": 0,
          "stdoutBytes": 459,
          "stderr": ""
        },
        {
          "label": "source-root-baseline",
          "statusShort": "M projects/01_baseline/Projects/MDK-ARM/atk_f103.uvprojx",
          "diffSha256": "a847e886c801a597d96f40017f41c70262b024d5b6208bcc7ae343824c3c8d99"
        },
        {
          "label": "source-root-after-prepare",
          "statusShort": "M projects/01_baseline/Projects/MDK-ARM/atk_f103.uvprojx",
          "diffSha256": "a847e886c801a597d96f40017f41c70262b024d5b6208bcc7ae343824c3c8d99"
        },
        {
          "label": "source-root-after-agent",
          "statusShort": "M projects/01_baseline/Projects/MDK-ARM/atk_f103.uvprojx",
          "diffSha256": "a847e886c801a597d96f40017f41c70262b024d5b6208bcc7ae343824c3c8d99"
        }
      ]
    },
    "hwpod": {
      "source": "case-run-runner-post-agent-compile-check",
      "command": [
        "bun",
        "hwpod-cli.ts",
        "build",
        "--spec",
        "hwpod-spec.yaml",
        "--reason",
        "case-run d601-f103-v2-main-marker-download-uart d601-f103-v2-main-marker-download-uart-20260607045725-fafbb2ac compile-only"
      ],
      "exitCode": 0,
      "stdoutJson": {
        "ok": true,
        "action": "hwpod-cli.invoke",
        "status": "completed",
        "results": [
          {
            "opId": "op_01_cmd_run",
            "op": "cmd.run",
            "ok": true,
            "status": "completed",
            "output": {
              "cwd": "F:\\Work\\HWLAB-CASE-F103\\.worktree\\caserun-d601-f103-v2-main-marker-download-uart-20260607045725-fafbb2ac",
              "command": [
                "py",
                "-3",
                "C:\\Users\\liang\\.agents\\skills\\keil\\keil-cli.py",
                "build",
                "-p",
                "F:\\Work\\HWLAB-CASE-F103\\.worktree\\caserun-d601-f103-v2-main-marker-download-uart-20260607045725-fafbb2ac\\projects\\01_baseline\\Projects\\MDK-ARM\\atk_f103.uvprojx",
                "-t",
                "USART"
              ],
              "exitCode": 0,
              "stdout": "{\r\n  \"accepted\": true,\r\n  \"command\": \"build\",\r\n  \"mode\": \"async\",\r\n  \"job_id\": \"20260607_125847_77685c29\",\r\n  \"status\": \"queued\",\r\n  \"state_file\": \"C:\\\\Users\\\\liang\\\\.agents\\\\skills\\\\keil\\\\.state\\\\jobs\\\\20260607_125847_77685c29.json\",\r\n  \"check_command\": \"py -3 keil-cli.py job-status 20260607_125847_77685c29\",\r\n  \"hex_file_preview\": \"F:\\\\Work\\\\HWLAB-CASE-F103\\\\.worktree\\\\caserun-d601-f103-v2-main-marker-download-uart-20260607045725-fafbb2ac\\\\projects\\\\01_baseline\\\\Output\\\\atk_f103.hex\",\r\n  \"axf_file_preview\": \"F:\\\\Work\\\\HWLAB-CASE-F103\\\\.worktree\\\\caserun-d601-f103-v2-main-marker-download-uart-20260607045725-fafbb2ac\\\\projects\\\\01_baseline\\\\Output\\\\atk_f103.axf\"\r\n}\r\n",
              "stderr": "",
              "ok": true,
              "commandResolution": {
                "requested": "py",
                "command": "py",
                "resolved": false,
                "source": "process-path",
                "candidates": []
              }
            }
          }
        ]
      }
    },
    "keilJob": {
      "status": "completed",
      "returnCode": 0,
      "success": true,
      "artifacts": [
        "F:\\Work\\HWLAB-CASE-F103\\.worktree\\caserun-d601-f103-v2-main-marker-download-uart-20260607045725-fafbb2ac\\projects\\01_baseline\\Output\\atk_f103.hex",
        "F:\\Work\\HWLAB-CASE-F103\\.worktree\\caserun-d601-f103-v2-main-marker-download-uart-20260607045725-fafbb2ac\\projects\\01_baseline\\Output\\atk_f103.axf"
      ],
      "raw": {
        "job_id": "20260607_125847_77685c29",
        "command": "build",
        "status": "completed",
        "created_at": "2026-06-07T12:58:47.877325",
        "started_at": "2026-06-07T12:58:48.082620",
        "finished_at": "2026-06-07T12:58:50.493034",
        "return_code": 0,
        "success": true,
        "params": {
          "project": "F:\\Work\\HWLAB-CASE-F103\\.worktree\\caserun-d601-f103-v2-main-marker-download-uart-20260607045725-fafbb2ac\\projects\\01_baseline\\Projects\\MDK-ARM\\atk_f103.uvprojx",
          "programmer": null,
          "probe": null,
          "target": "USART",
          "program_backend": null,
          "erase_mode": null
        },
        "result": {
          "return_code": 0,
          "success": true,
          "message": "Build completed successfully",
          "hex_file": "F:\\Work\\HWLAB-CASE-F103\\.worktree\\caserun-d601-f103-v2-main-marker-download-uart-20260607045725-fafbb2ac\\projects\\01_baseline\\Output\\atk_f103.hex",
          "axf_file": "F:\\Work\\HWLAB-CASE-F103\\.worktree\\caserun-d601-f103-v2-main-marker-download-uart-20260607045725-fafbb2ac\\projects\\01_baseline\\Output\\atk_f103.axf",
          "warning_count": 0,
          "target": "USART",
          "shared_output_cleanup": {
            "performed": false,
            "patterns": [],
            "removed_count": 0,
            "removed_files": []
          },
          "cleared_build_state_file": null,
          "build_state_file": "F:\\Work\\HWLAB-CASE-F103\\.worktree\\caserun-d601-f103-v2-main-marker-download-uart-20260607045725-fafbb2ac\\projects\\01_baseline\\Projects\\MDK-ARM\\output\\.keil_target_build_state.json",
          "_log_file": "C:\\Users\\liang\\.agents\\skills\\keil\\logs\\20260607\\keil_build_20260607_125848.jsonl"
        },
        "log_file": "C:\\Users\\liang\\.agents\\skills\\keil\\logs\\20260607\\keil_build_20260607_125848.jsonl",
        "runner": {
          "argv": [
            "C:\\Users\\liang\\AppData\\Local\\Microsoft\\WindowsApps\\PythonSoftwareFoundation.Python.3.13_qbz5n2kfra8p0\\python.exe",
            "C:\\Users\\liang\\.agents\\skills\\keil\\keil-cli.py",
            "__job-runner",
            "--job-id",
            "20260607_125847_77685c29",
            "--target-command",
            "build",
            "--project",
            "F:\\Work\\HWLAB-CASE-F103\\.worktree\\caserun-d601-f103-v2-main-marker-download-uart-20260607045725-fafbb2ac\\projects\\01_baseline\\Projects\\MDK-ARM\\atk_f103.uvprojx",
            "--target",
            "USART"
          ],
          "cwd": "C:\\Users\\liang\\.agents\\skills\\keil",
          "stdout_file": "C:\\Users\\liang\\.agents\\skills\\keil\\.state\\job-logs\\20260607_125847_77685c29.stdout.txt",
          "stderr_file": "C:\\Users\\liang\\.agents\\skills\\keil\\.state\\job-logs\\20260607_125847_77685c29.stderr.txt",
          "launched_at": "2026-06-07T12:58:47.880447",
          "pid": 36316
        },
        "state_file": "C:\\Users\\liang\\.agents\\skills\\keil\\.state\\jobs\\20260607_125847_77685c29.json",
        "runner_pid": 36316,
        "heartbeat_at": "2026-06-07T12:58:50.493036",
        "phase": "completed"
      },
      "jobId": "20260607_125847_77685c29",
      "polls": 2,
      "timedOut": false
    },
    "artifacts": [
      "F:\\Work\\HWLAB-CASE-F103\\.worktree\\caserun-d601-f103-v2-main-marker-download-uart-20260607045725-fafbb2ac\\projects\\01_baseline\\Output\\atk_f103.hex",
      "F:\\Work\\HWLAB-CASE-F103\\.worktree\\caserun-d601-f103-v2-main-marker-download-uart-20260607045725-fafbb2ac\\projects\\01_baseline\\Output\\atk_f103.axf"
    ],
    "decisions": {
      "autoEvaluation": false,
      "runnerPostAgentCompileCheck": "recorded",
      "reason": "flow-only run: CaseRun records agent, diff and compile evidence without auto-grading them"
    }
  }
}
