{
  "generatedAt": "2026-06-14T05:41:55.510Z",
  "cli": "hwlab-cli",
  "version": "0.2.0-client",
  "ok": true,
  "action": "case.run",
  "status": "completed",
  "caseId": "constart-71freq-ao-ioprobe-repair",
  "runId": "constart-71freq-ao-ioprobe-repair-20260614052517-641c9492",
  "runDir": "/root/hwlab-v02/.state/hwlab-cli/caserun/constart-71freq-ao-ioprobe-repair-20260614052517-641c9492",
  "compileOnly": true,
  "prepare": {
    "status": "prepared",
    "caseId": "constart-71freq-ao-ioprobe-repair",
    "runId": "constart-71freq-ao-ioprobe-repair-20260614052517-641c9492",
    "specPath": "/root/hwlab-v02/.state/hwlab-cli/caserun/constart-71freq-ao-ioprobe-repair-20260614052517-641c9492/.hwlab/hwpod-spec.yaml",
    "apiUrl": "http://74.48.78.17:19667",
    "subject": {
      "repoLocalPath": "F:\\Work\\ConStart",
      "commitId": "de223ab80ddf80e5ba092dcf2d20f9df7ec91a60",
      "subdir": "projects/71-00075-11",
      "worktreePath": "F:\\Work\\ConStart\\.worktree\\caserun-constart-71freq-ao-ioprobe-repair-20260614052517-641c9492",
      "workspacePath": "F:\\Work\\ConStart\\.worktree\\caserun-constart-71freq-ao-ioprobe-repair-20260614052517-641c9492",
      "defaultWorkspacePath": "F:\\Work\\ConStart",
      "projectRootPath": "F:\\Work\\ConStart\\.worktree\\caserun-constart-71freq-ao-ioprobe-repair-20260614052517-641c9492\\projects\\71-00075-11"
    }
  },
  "agent": {
    "stageStatus": "completed",
    "terminalStatus": "completed",
    "commandStatus": "completed",
    "agentRunStatus": "claimed",
    "baseUrl": "http://74.48.78.17:19666",
    "projectId": "prj_hwpod_workbench",
    "providerProfile": "sub2api",
    "requestedProviderProfile": "sub2api",
    "resolvedBackendProfile": "sub2api",
    "provider": "sub2api",
    "model": "sub2api",
    "backend": "agentrun-v01/sub2api",
    "infrastructureBackend": "agentrun-v01/sub2api",
    "providerTrace": {
      "transport": "agentrun-v01",
      "protocol": "agentrun-v01-jsonrpc",
      "wireApi": "agentrun-v01-command-result",
      "source": "agentrun-v01",
      "backendProfile": "sub2api",
      "model": "sub2api",
      "runId": "run_e8d2077dc1674b34b5c7884cf95c97de",
      "commandId": "cmd_d9903ae88c8843e9878b4705a71076bf",
      "terminalStatus": "completed",
      "valuesPrinted": false
    },
    "conversationId": "cnv_case_constart-71freq-ao-ioprobe-repair_constart-71freq-ao-ioprobe-repair-20260614052517-641c9492",
    "sessionId": "ses_b7677e50-06d1-4190-87d2-491ff2a13c64",
    "traceId": "trc_case_constart-71freq-ao-ioprobe-repair_9f25ef24dfd6410ab64396cf1195d51b",
    "promptPath": "/root/hwlab-v02/.state/hwlab-cli/caserun/constart-71freq-ao-ioprobe-repair-20260614052517-641c9492/agent-prompt.md",
    "promptSha256": "d131b53b4e2982325590be69887f96504186d350ba4f1c0d8f45ad607fca1759",
    "polls": 409,
    "timedOut": false,
    "timeoutMs": 1500000,
    "pollIntervalMs": 1000,
    "lastHttpStatus": 200,
    "nextPollCommand": "hwlab-cli client agent result trc_case_constart-71freq-ao-ioprobe-repair_9f25ef24dfd6410ab64396cf1195d51b",
    "traceCommand": "hwlab-cli client agent trace trc_case_constart-71freq-ao-ioprobe-repair_9f25ef24dfd6410ab64396cf1195d51b --render web",
    "inspectCommand": "hwlab-cli client agent inspect --trace-id trc_case_constart-71freq-ao-ioprobe-repair_9f25ef24dfd6410ab64396cf1195d51b",
    "sessionCommand": "hwlab-cli client agent session status ses_b7677e50-06d1-4190-87d2-491ff2a13c64",
    "traceLookup": {
      "source": "hwlab-cli.client.agent",
      "strategy": "id_plus_existing_cli",
      "note": "CaseRun records trace/session identity and reuses existing HWLAB Web-equivalent agent CLI for trace/result/inspect; it does not implement a separate trace query path.",
      "baseUrl": "http://74.48.78.17:19666",
      "traceId": "trc_case_constart-71freq-ao-ioprobe-repair_9f25ef24dfd6410ab64396cf1195d51b",
      "sessionId": "ses_b7677e50-06d1-4190-87d2-491ff2a13c64",
      "conversationId": "cnv_case_constart-71freq-ao-ioprobe-repair_constart-71freq-ao-ioprobe-repair-20260614052517-641c9492",
      "commands": {
        "result": "hwlab-cli client agent result trc_case_constart-71freq-ao-ioprobe-repair_9f25ef24dfd6410ab64396cf1195d51b",
        "trace": "hwlab-cli client agent trace trc_case_constart-71freq-ao-ioprobe-repair_9f25ef24dfd6410ab64396cf1195d51b --render web",
        "traceFull": "hwlab-cli client agent trace trc_case_constart-71freq-ao-ioprobe-repair_9f25ef24dfd6410ab64396cf1195d51b --render web --full",
        "inspect": "hwlab-cli client agent inspect --trace-id trc_case_constart-71freq-ao-ioprobe-repair_9f25ef24dfd6410ab64396cf1195d51b",
        "sessionStatus": "hwlab-cli client agent session status ses_b7677e50-06d1-4190-87d2-491ff2a13c64"
      }
    }
  },
  "agentTrace": {
    "traceId": "trc_case_constart-71freq-ao-ioprobe-repair_9f25ef24dfd6410ab64396cf1195d51b",
    "status": "completed",
    "httpStatus": 200,
    "source": "hwlab-cli.client.agent.trace",
    "lookup": {
      "source": "hwlab-cli.client.agent",
      "strategy": "id_plus_existing_cli",
      "note": "CaseRun records trace/session identity and reuses existing HWLAB Web-equivalent agent CLI for trace/result/inspect; it does not implement a separate trace query path.",
      "baseUrl": "http://74.48.78.17:19666",
      "traceId": "trc_case_constart-71freq-ao-ioprobe-repair_9f25ef24dfd6410ab64396cf1195d51b",
      "sessionId": "ses_b7677e50-06d1-4190-87d2-491ff2a13c64",
      "conversationId": "cnv_case_constart-71freq-ao-ioprobe-repair_constart-71freq-ao-ioprobe-repair-20260614052517-641c9492",
      "commands": {
        "result": "hwlab-cli client agent result trc_case_constart-71freq-ao-ioprobe-repair_9f25ef24dfd6410ab64396cf1195d51b",
        "trace": "hwlab-cli client agent trace trc_case_constart-71freq-ao-ioprobe-repair_9f25ef24dfd6410ab64396cf1195d51b --render web",
        "traceFull": "hwlab-cli client agent trace trc_case_constart-71freq-ao-ioprobe-repair_9f25ef24dfd6410ab64396cf1195d51b --render web --full",
        "inspect": "hwlab-cli client agent inspect --trace-id trc_case_constart-71freq-ao-ioprobe-repair_9f25ef24dfd6410ab64396cf1195d51b",
        "sessionStatus": "hwlab-cli client agent session status ses_b7677e50-06d1-4190-87d2-491ff2a13c64"
      }
    },
    "sourceEventCount": 317,
    "renderedRowCount": 114,
    "commandCount": 38,
    "hwpodCommandCount": 38,
    "hwpodBuildCommandCount": 2,
    "keilJobCandidates": [
      "20260614_133010_6556c51f",
      "20260614_133440_911c8f8c",
      "20260614_133529_669d9a04",
      "20260614_133114_9274c252"
    ],
    "agentBuildJobIds": [
      "20260614_133010_6556c51f",
      "20260614_133440_911c8f8c",
      "20260614_133529_669d9a04",
      "20260614_133114_9274c252"
    ],
    "terminalStatus": "completed",
    "commands": [
      {
        "source": "trace-row",
        "seq": 27,
        "rowId": "tool:call_WUTCuZYLYzIXGTbKB5V1Bhij",
        "header": "05:26:09 total=00:00:27 ok commandExecution",
        "command": "hwpod-ctl spec validate --hwpod-id constart-71freq-c --workspace-path \"F:\\Work\\ConStart\\.worktree\\caserun-constart-71freq-ao-ioprobe-repair-20260614052517-641c9492\"",
        "normalizedCommand": "hwpod-ctl spec validate --hwpod-id constart-71freq-c --workspace-path \"F:\\Work\\ConStart\\.worktree\\caserun-constart-71freq-ao-ioprobe-repair-20260614052517-641c9492",
        "bodyPreview": "hwpod-ctl spec validate --hwpod-id constart-71freq-c --workspace-path \"F:\\Work\\ConStart\\.worktree\\caserun-constart-71freq-ao-ioprobe-repair-20260614052517-641c9492\"\nstdout:\n{ \"ok\": true, \"action\": \"hwpod-ctl.spec.validate\", \"status\": \"succeeded\", \"specPath\": \"/home/agentrun/workspaces/gitbundle-bd8af3b3e5f52f99/workspace/tools/hwpod-specs/constart-71freq-c.yaml\", \"hwpodId\": \"constart-71freq-c\", \"specAuthority\": \"gitbundle-bundled-spec\", \"resolvedAuthority\": { \"hwpodId\": \"constart-71freq-c\", \"specPath\": \"/home/agentrun/workspaces/gitbundle-bd8af3b3e5f52f99/workspace/tools/hwpod-specs/constart-71freq-c.yaml\", \"specAuthority\": \"gitbundle-bundled-spec\", \"workspacePath\": \"F:\\\\Work\\\\ConStart\\\\.worktree\\\\caserun-constart-71freq-ao-ioprobe-repair-20260614052517-641c94...\nexitCode=0\ndurationMs=0\noutputBytes=4240\noutputTruncated=true\nsourceSeq=22",
        "exitCode": 0
      },
      {
        "source": "trace-row",
        "seq": 31,
        "rowId": "tool:call_DKJ0054vb94cxoHRcZL6KCMT",
        "header": "05:26:25 total=00:00:43 ok commandExecution",
        "command": "hwpod inspect --hwpod-id constart-71freq-c --workspace-path \"F:\\Work\\ConStart\\.worktree\\caserun-constart-71freq-ao-ioprobe-repair-20260614052517-641c9492\"",
        "normalizedCommand": "hwpod inspect --hwpod-id constart-71freq-c --workspace-path \"F:\\Work\\ConStart\\.worktree\\caserun-constart-71freq-ao-ioprobe-repair-20260614052517-641c9492",
        "bodyPreview": "hwpod inspect --hwpod-id constart-71freq-c --workspace-path \"F:\\Work\\ConStart\\.worktree\\caserun-constart-71freq-ao-ioprobe-repair-20260614052517-641c9492\"\nstdout:\n{ \"ok\": true, \"action\": \"hwpod-cli.invoke\", \"status\": \"completed\", \"specPath\": \"/home/agentrun/workspaces/gitbundle-bd8af3b3e5f52f99/workspace/tools/hwpod-specs/constart-71freq-c.yaml\", \"hwpodId\": \"constart-71freq-c\", \"specAuthority\": \"gitbundle-bundled-spec\", \"resolvedAuthority\": { \"hwpodId\": \"constart-71freq-c\", \"specPath\": \"/home/agentrun/workspaces/gitbundle-bd8af3b3e5f52f99/workspace/tools/hwpod-specs/constart-71freq-c.yaml\", \"specAuthority\": \"gitbundle-bundled-spec\", \"workspacePath\": \"F:\\\\Work\\\\ConStart\\\\.worktree\\\\caserun-constart-71freq-ao-ioprobe-repair-20260614052517-641c9492\", \"e...\nexitCode=0\ndurationMs=1079\noutputBytes=4070\noutputTruncated=true\nsourceSeq=26",
        "exitCode": 0
      },
      {
        "source": "trace-row",
        "seq": 65,
        "rowId": "tool:call_4CNkv0JMvMTjH6ABCjXvzpDo",
        "header": "05:29:52 total=00:04:10 ok commandExecution",
        "command": "cat <<'PATCH' | hwpod workspace apply-patch --reason \"model bad AO current calibration baseline\" --hwpod-id constart-71freq-c --workspace-path \"F:\\Work\\ConStart\\.worktree\\caserun-constart-71freq-ao-ioprobe-repair-20260614052517-641c9492\" *** Begin Patch *** Update File: projects/71-00075-11/FirmWare/APP/driver/aout.c @@ -#define AO_CAL_ZERO_UA 39U +#define AO_CAL_ZERO_UA 0U #define AO_CAL_DUTY_NUM 100000U -#define AO_CAL_DUTY_DEN 170375U +#define AO_CAL_DUTY_DEN 200000U *** End Patch PATCH",
        "normalizedCommand": "hwpod workspace apply-patch --reason \"model bad AO current calibration baseline\" --hwpod-id constart-71freq-c --workspace-path \"F:\\Work\\ConStart\\.worktree\\caserun-constart-71freq-ao-ioprobe-repair-20260614052517-641c9492\" *** Begin Patch *** Update File: projects/71-00075-11/FirmWare/APP/driver/aout.c @@ -#define AO_CAL_ZERO_UA 39U +#define AO_CAL_ZERO_UA 0U #define AO_CAL_DUTY_NUM 100000U -#define AO_CAL_DUTY_DEN 170375U +#define AO_CAL_DUTY_DEN 200000U *** End Patch PATCH",
        "bodyPreview": "cat <<'PATCH' | hwpod workspace apply-patch --reason \"model bad AO current calibration baseline\" --hwpod-id constart-71freq-c --workspace-path \"F:\\Work\\ConStart\\.worktree\\caserun-constart-71freq-ao-ioprobe-repair-20260614052517-641c9492\" *** Begin Patch *** Update File: projects/71-00075-11/FirmWare/APP/driver/aout.c @@ -#define AO_CAL_ZERO_UA 39U +#define AO_CAL_ZERO_UA 0U #define AO_CAL_DUTY_NUM 100000U -#define AO_CAL_DUTY_DEN 170375U +#define AO_CAL_DUTY_DEN 200000U *** End Patch PATCH\nstdout:\n{ \"ok\": true, \"action\": \"hwpod-cli.invoke\", \"status\": \"completed\", \"specPath\": \"/home/agentrun/workspaces/gitbundle-bd8af3b3e5f52f99/workspace/tools/hwpod-specs/constart-71freq-c.yaml\", \"hwpodId\": \"constart-71freq-c\", \"specAuthority\": \"gitbundle-bundled-spec\", \"resolvedAuthority\": { \"hwpodId\": \"constart-71freq-c\", \"specPath\": \"/home/agentrun/workspaces/gitbundle-bd8af3b3e5f52f99/workspace/tools/hwpod-specs/constart-71freq-c.yaml\", \"specAuthority\": \"gitbundle-bundled-spec\", \"workspacePath\": \"F:\\\\Work\\\\ConStart\\\\.worktree\\\\caserun-constart-71freq-ao-ioprobe-repair-20260614052517-641c9492\", \"e...\nexitCode=0\ndurationMs=1224\noutputBytes=4576\noutputTruncated=true\nsourceSeq=60",
        "exitCode": 0
      },
      {
        "source": "trace-row",
        "seq": 70,
        "rowId": "tool:call_7TljkJfavwY8pIbrB9dO2kpF",
        "header": "05:30:12 total=00:04:31 ok commandExecution",
        "command": "hwpod build --hwpod-id constart-71freq-c --workspace-path \"F:\\Work\\ConStart\\.worktree\\caserun-constart-71freq-ao-ioprobe-repair-20260614052517-641c9492\"",
        "normalizedCommand": "hwpod build --hwpod-id constart-71freq-c --workspace-path \"F:\\Work\\ConStart\\.worktree\\caserun-constart-71freq-ao-ioprobe-repair-20260614052517-641c9492",
        "bodyPreview": "hwpod build --hwpod-id constart-71freq-c --workspace-path \"F:\\Work\\ConStart\\.worktree\\caserun-constart-71freq-ao-ioprobe-repair-20260614052517-641c9492\"\nstdout:\n{ \"ok\": true, \"action\": \"hwpod-cli.invoke\", \"status\": \"completed\", \"specPath\": \"/home/agentrun/workspaces/gitbundle-bd8af3b3e5f52f99/workspace/tools/hwpod-specs/constart-71freq-c.yaml\", \"hwpodId\": \"constart-71freq-c\", \"specAuthority\": \"gitbundle-bundled-spec\", \"resolvedAuthority\": { \"hwpodId\": \"constart-71freq-c\", \"specPath\": \"/home/agentrun/workspaces/gitbundle-bd8af3b3e5f52f99/workspace/tools/hwpod-specs/constart-71freq-c.yaml\", \"specAuthority\": \"gitbundle-bundled-spec\", \"workspacePath\": \"F:\\\\Work\\\\ConStart\\\\.worktree\\\\caserun-constart-71freq-ao-ioprobe-repair-20260614052517-641c9492\", \"e...\nexitCode=0\ndurationMs=1179\noutputBytes=4231\noutputTruncated=true\nsourceSeq=65",
        "exitCode": 0
      },
      {
        "source": "trace-row",
        "seq": 86,
        "rowId": "tool:call_JGPXAm65zTy56zksc3zLSM0d",
        "header": "05:31:16 total=00:05:35 ok commandExecution",
        "command": "hwpod download --hwpod-id constart-71freq-c --workspace-path \"F:\\Work\\ConStart\\.worktree\\caserun-constart-71freq-ao-ioprobe-repair-20260614052517-641c9492\"",
        "normalizedCommand": "hwpod download --hwpod-id constart-71freq-c --workspace-path \"F:\\Work\\ConStart\\.worktree\\caserun-constart-71freq-ao-ioprobe-repair-20260614052517-641c9492",
        "bodyPreview": "hwpod download --hwpod-id constart-71freq-c --workspace-path \"F:\\Work\\ConStart\\.worktree\\caserun-constart-71freq-ao-ioprobe-repair-20260614052517-641c9492\"\nstdout:\n{ \"ok\": true, \"action\": \"hwpod-cli.invoke\", \"status\": \"completed\", \"specPath\": \"/home/agentrun/workspaces/gitbundle-bd8af3b3e5f52f99/workspace/tools/hwpod-specs/constart-71freq-c.yaml\", \"hwpodId\": \"constart-71freq-c\", \"specAuthority\": \"gitbundle-bundled-spec\", \"resolvedAuthority\": { \"hwpodId\": \"constart-71freq-c\", \"specPath\": \"/home/agentrun/workspaces/gitbundle-bd8af3b3e5f52f99/workspace/tools/hwpod-specs/constart-71freq-c.yaml\", \"specAuthority\": \"gitbundle-bundled-spec\", \"workspacePath\": \"F:\\\\Work\\\\ConStart\\\\.worktree\\\\caserun-constart-71freq-ao-ioprobe-repair-20260614052517-641c9492\", \"e...\nexitCode=0\ndurationMs=2122\noutputBytes=4234\noutputTruncated=true\nsourceSeq=81",
        "exitCode": 0
      },
      {
        "source": "trace-row",
        "seq": 40,
        "rowId": "tool:call_eby6NDBLA09SVKxfgSTT6Z1d",
        "header": "05:26:56 total=00:01:14 ok commandExecution",
        "command": "hwpod io-probe read main41.ai0.current --hwpod-id constart-71freq-c --workspace-path \"F:\\Work\\ConStart\\.worktree\\caserun-constart-71freq-ao-ioprobe-repair-20260614052517-641c9492\"",
        "normalizedCommand": "hwpod io-probe read main41.ai0.current --hwpod-id constart-71freq-c --workspace-path \"F:\\Work\\ConStart\\.worktree\\caserun-constart-71freq-ao-ioprobe-repair-20260614052517-641c9492",
        "bodyPreview": "hwpod io-probe read main41.ai0.current --hwpod-id constart-71freq-c --workspace-path \"F:\\Work\\ConStart\\.worktree\\caserun-constart-71freq-ao-ioprobe-repair-20260614052517-641c9492\"\nstdout:\n{ \"ok\": true, \"action\": \"hwpod-cli.invoke\", \"status\": \"completed\", \"specPath\": \"/home/agentrun/workspaces/gitbundle-bd8af3b3e5f52f99/workspace/tools/hwpod-specs/constart-71freq-c.yaml\", \"hwpodId\": \"constart-71freq-c\", \"specAuthority\": \"gitbundle-bundled-spec\", \"resolvedAuthority\": { \"hwpodId\": \"constart-71freq-c\", \"specPath\": \"/home/agentrun/workspaces/gitbundle-bd8af3b3e5f52f99/workspace/tools/hwpod-specs/constart-71freq-c.yaml\", \"specAuthority\": \"gitbundle-bundled-spec\", \"workspacePath\": \"F:\\\\Work\\\\ConStart\\\\.worktree\\\\caserun-constart-71freq-ao-ioprobe-repair-20260614052517-641c9492\", \"e...\nexitCode=0\ndurationMs=4604\noutputBytes=4258\noutputTruncated=true\nsourceSeq=35",
        "exitCode": 0
      },
      {
        "source": "trace-row",
        "seq": 102,
        "rowId": "tool:call_go8NAnT3RZ53xQFjrFD6oRmE",
        "header": "05:32:15 total=00:06:33 ok commandExecution",
        "command": "hwpod board-comm jrpctcp put hardware/ao/current/4000 --hwpod-id constart-71freq-c --workspace-path \"F:\\Work\\ConStart\\.worktree\\caserun-constart-71freq-ao-ioprobe-repair-20260614052517-641c9492\"",
        "normalizedCommand": "hwpod board-comm jrpctcp put hardware/ao/current/4000 --hwpod-id constart-71freq-c --workspace-path \"F:\\Work\\ConStart\\.worktree\\caserun-constart-71freq-ao-ioprobe-repair-20260614052517-641c9492",
        "bodyPreview": "hwpod board-comm jrpctcp put hardware/ao/current/4000 --hwpod-id constart-71freq-c --workspace-path \"F:\\Work\\ConStart\\.worktree\\caserun-constart-71freq-ao-ioprobe-repair-20260614052517-641c9492\"\nstdout:\n{ \"ok\": true, \"action\": \"hwpod-cli.invoke\", \"status\": \"completed\", \"specPath\": \"/home/agentrun/workspaces/gitbundle-bd8af3b3e5f52f99/workspace/tools/hwpod-specs/constart-71freq-c.yaml\", \"hwpodId\": \"constart-71freq-c\", \"specAuthority\": \"gitbundle-bundled-spec\", \"resolvedAuthority\": { \"hwpodId\": \"constart-71freq-c\", \"specPath\": \"/home/agentrun/workspaces/gitbundle-bd8af3b3e5f52f99/workspace/tools/hwpod-specs/constart-71freq-c.yaml\", \"specAuthority\": \"gitbundle-bundled-spec\", \"workspacePath\": \"F:\\\\Work\\\\ConStart\\\\.worktree\\\\caserun-constart-71freq-ao-ioprobe-repair-20260614052517-641c9492\", \"e...\nexitCode=0\ndurationMs=3621\noutputBytes=4273\noutputTruncated=true\nsourceSeq=97",
        "exitCode": 0
      },
      {
        "source": "trace-row",
        "seq": 33,
        "rowId": "tool:call_wks6CaeUitULzFn0EJuZLEWu",
        "header": "05:26:41 total=00:01:00 ok commandExecution",
        "command": "hwpod io-probe inspect main41.ai0.current --hwpod-id constart-71freq-c --workspace-path \"F:\\Work\\ConStart\\.worktree\\caserun-constart-71freq-ao-ioprobe-repair-20260614052517-641c9492\"",
        "normalizedCommand": "hwpod io-probe inspect main41.ai0.current --hwpod-id constart-71freq-c --workspace-path \"F:\\Work\\ConStart\\.worktree\\caserun-constart-71freq-ao-ioprobe-repair-20260614052517-641c9492",
        "bodyPreview": "hwpod io-probe inspect main41.ai0.current --hwpod-id constart-71freq-c --workspace-path \"F:\\Work\\ConStart\\.worktree\\caserun-constart-71freq-ao-ioprobe-repair-20260614052517-641c9492\"\nstdout:\n{ \"ok\": true, \"action\": \"hwpod-cli.io-probe.inspect\", \"status\": \"succeeded\", \"specPath\": \"/home/agentrun/workspaces/gitbundle-bd8af3b3e5f52f99/workspace/tools/hwpod-specs/constart-71freq-c.yaml\", \"hwpodId\": \"constart-71freq-c\", \"specAuthority\": \"gitbundle-bundled-spec\", \"resolvedAuthority\": { \"hwpodId\": \"constart-71freq-c\", \"specPath\": \"/home/agentrun/workspaces/gitbundle-bd8af3b3e5f52f99/workspace/tools/hwpod-specs/constart-71freq-c.yaml\", \"specAuthority\": \"gitbundle-bundled-spec\", \"workspacePath\": \"F:\\\\Work\\\\ConStart\\\\.worktree\\\\caserun-constart-71freq-ao-ioprobe-repair-20260614052517-641...\nexitCode=0\ndurationMs=0\noutputBytes=2501\nsourceSeq=28",
        "exitCode": 0
      },
      {
        "source": "trace-row",
        "seq": 44,
        "rowId": "tool:call_y3BAiOelU3ObPCrPaEX3SJFB",
        "header": "05:27:20 total=00:01:38 ok commandExecution",
        "command": "hwpod workspace --help --hwpod-id constart-71freq-c --workspace-path \"F:\\Work\\ConStart\\.worktree\\caserun-constart-71freq-ao-ioprobe-repair-20260614052517-641c9492\"",
        "normalizedCommand": "hwpod workspace --help --hwpod-id constart-71freq-c --workspace-path \"F:\\Work\\ConStart\\.worktree\\caserun-constart-71freq-ao-ioprobe-repair-20260614052517-641c9492",
        "bodyPreview": "hwpod workspace --help --hwpod-id constart-71freq-c --workspace-path \"F:\\Work\\ConStart\\.worktree\\caserun-constart-71freq-ao-ioprobe-repair-20260614052517-641c9492\"\nstdout:\n{ \"ok\": true, \"action\": \"hwpod-cli.workspace.help\", \"status\": \"succeeded\", \"contractVersion\": \"hwpod-node-ops-v1\", \"command\": \"workspace\", \"subcommand\": null, \"applyPatchExample\": \"cat > /tmp/hwpod.patch <<'PATCH'\\n*** Begin Patch\\n*** Update File: projects/01_baseline/User/main.c\\n@@\\n #include \\\"d601_lcd.h\\\"\\n+#include \\\"d601_arm2d_demo.h\\\"\\n \\n int main(void)\\n@@\\n d601_lcd_init();\\n+ d601_arm2d_demo_show();\\n*** End Patch\\nPATCH\\ncat /tmp/hwpod.patch | hwpod workspace apply-patch --reason \\\"edit subject workspace through hwpod-node\\\"\", \"applyPatchRules\": [ \"Use a multi-line Codex/UniDes...\nexitCode=0\ndurationMs=0\noutputBytes=2871\nsourceSeq=39",
        "exitCode": 0
      },
      {
        "source": "trace-row",
        "seq": 48,
        "rowId": "tool:call_LCQ562A8AoZih78Bml5kMxdl",
        "header": "05:27:39 total=00:01:57 ok commandExecution",
        "command": "hwpod cmd git rev-parse HEAD --hwpod-id constart-71freq-c --workspace-path \"F:\\Work\\ConStart\\.worktree\\caserun-constart-71freq-ao-ioprobe-repair-20260614052517-641c9492\"",
        "normalizedCommand": "hwpod cmd git rev-parse HEAD --hwpod-id constart-71freq-c --workspace-path \"F:\\Work\\ConStart\\.worktree\\caserun-constart-71freq-ao-ioprobe-repair-20260614052517-641c9492",
        "bodyPreview": "hwpod cmd git rev-parse HEAD --hwpod-id constart-71freq-c --workspace-path \"F:\\Work\\ConStart\\.worktree\\caserun-constart-71freq-ao-ioprobe-repair-20260614052517-641c9492\"\nstdout:\n{ \"ok\": true, \"action\": \"hwpod-cli.invoke\", \"status\": \"completed\", \"specPath\": \"/home/agentrun/workspaces/gitbundle-bd8af3b3e5f52f99/workspace/tools/hwpod-specs/constart-71freq-c.yaml\", \"hwpodId\": \"constart-71freq-c\", \"specAuthority\": \"gitbundle-bundled-spec\", \"resolvedAuthority\": { \"hwpodId\": \"constart-71freq-c\", \"specPath\": \"/home/agentrun/workspaces/gitbundle-bd8af3b3e5f52f99/workspace/tools/hwpod-specs/constart-71freq-c.yaml\", \"specAuthority\": \"gitbundle-bundled-spec\", \"workspacePath\": \"F:\\\\Work\\\\ConStart\\\\.worktree\\\\caserun-constart-71freq-ao-ioprobe-repair-20260614052517-641c9492\", \"e...\nexitCode=0\ndurationMs=952\noutputBytes=4247\noutputTruncated=true\nsourceSeq=43",
        "exitCode": 0
      },
      {
        "source": "trace-row",
        "seq": 54,
        "rowId": "tool:call_Dd0v6dxAQMsbBKKbvB5ABhEZ",
        "header": "05:28:31 total=00:02:49 ok commandExecution",
        "command": "hwpod cmd git -C projects/71-00075-11 rev-parse HEAD --hwpod-id constart-71freq-c --workspace-path \"F:\\Work\\ConStart\\.worktree\\caserun-constart-71freq-ao-ioprobe-repair-20260614052517-641c9492\"",
        "normalizedCommand": "hwpod cmd git -C projects/71-00075-11 rev-parse HEAD --hwpod-id constart-71freq-c --workspace-path \"F:\\Work\\ConStart\\.worktree\\caserun-constart-71freq-ao-ioprobe-repair-20260614052517-641c9492",
        "bodyPreview": "hwpod cmd git -C projects/71-00075-11 rev-parse HEAD --hwpod-id constart-71freq-c --workspace-path \"F:\\Work\\ConStart\\.worktree\\caserun-constart-71freq-ao-ioprobe-repair-20260614052517-641c9492\"\nstdout:\n{ \"ok\": true, \"action\": \"hwpod-cli.invoke\", \"status\": \"completed\", \"specPath\": \"/home/agentrun/workspaces/gitbundle-bd8af3b3e5f52f99/workspace/tools/hwpod-specs/constart-71freq-c.yaml\", \"hwpodId\": \"constart-71freq-c\", \"specAuthority\": \"gitbundle-bundled-spec\", \"resolvedAuthority\": { \"hwpodId\": \"constart-71freq-c\", \"specPath\": \"/home/agentrun/workspaces/gitbundle-bd8af3b3e5f52f99/workspace/tools/hwpod-specs/constart-71freq-c.yaml\", \"specAuthority\": \"gitbundle-bundled-spec\", \"workspacePath\": \"F:\\\\Work\\\\ConStart\\\\.worktree\\\\caserun-constart-71freq-ao-ioprobe-repair-20260614052517-641c9492\", \"e...\nexitCode=0\ndurationMs=840\noutputBytes=4271\noutputTruncated=true\nsourceSeq=49",
        "exitCode": 0
      },
      {
        "source": "trace-row",
        "seq": 56,
        "rowId": "tool:call_7yqf40ZnPRdpYvnQaZpkv55L",
        "header": "05:28:31 total=00:02:50 ok commandExecution",
        "command": "hwpod workspace cat projects/71-00075-11/FirmWare/APP/driver/aout.c --hwpod-id constart-71freq-c --workspace-path \"F:\\Work\\ConStart\\.worktree\\caserun-constart-71freq-ao-ioprobe-repair-20260614052517-641c9492\"",
        "normalizedCommand": "hwpod workspace cat projects/71-00075-11/FirmWare/APP/driver/aout.c --hwpod-id constart-71freq-c --workspace-path \"F:\\Work\\ConStart\\.worktree\\caserun-constart-71freq-ao-ioprobe-repair-20260614052517-641c9492",
        "bodyPreview": "hwpod workspace cat projects/71-00075-11/FirmWare/APP/driver/aout.c --hwpod-id constart-71freq-c --workspace-path \"F:\\Work\\ConStart\\.worktree\\caserun-constart-71freq-ao-ioprobe-repair-20260614052517-641c9492\"\nstdout:\n{ \"ok\": true, \"action\": \"hwpod-cli.invoke\", \"status\": \"completed\", \"specPath\": \"/home/agentrun/workspaces/gitbundle-bd8af3b3e5f52f99/workspace/tools/hwpod-specs/constart-71freq-c.yaml\", \"hwpodId\": \"constart-71freq-c\", \"specAuthority\": \"gitbundle-bundled-spec\", \"resolvedAuthority\": { \"hwpodId\": \"constart-71freq-c\", \"specPath\": \"/home/agentrun/workspaces/gitbundle-bd8af3b3e5f52f99/workspace/tools/hwpod-specs/constart-71freq-c.yaml\", \"specAuthority\": \"gitbundle-bundled-spec\", \"workspacePath\": \"F:\\\\Work\\\\ConStart\\\\.worktree\\\\caserun-constart-71freq-ao-ioprobe-repair-20260614052517-641c9492\", \"e...\nexitCode=0\ndurationMs=1200\noutputBytes=4287\noutputTruncated=true\nsourceSeq=51",
        "exitCode": 0
      },
      {
        "source": "trace-row",
        "seq": 58,
        "rowId": "tool:call_TFzjWCemNgrRT52bz2GsGTrn",
        "header": "05:28:32 total=00:02:50 ok commandExecution",
        "command": "hwpod workspace cat projects/71-00075-11/FirmWare/APP/user_config.h --hwpod-id constart-71freq-c --workspace-path \"F:\\Work\\ConStart\\.worktree\\caserun-constart-71freq-ao-ioprobe-repair-20260614052517-641c9492\"",
        "normalizedCommand": "hwpod workspace cat projects/71-00075-11/FirmWare/APP/user_config.h --hwpod-id constart-71freq-c --workspace-path \"F:\\Work\\ConStart\\.worktree\\caserun-constart-71freq-ao-ioprobe-repair-20260614052517-641c9492",
        "bodyPreview": "hwpod workspace cat projects/71-00075-11/FirmWare/APP/user_config.h --hwpod-id constart-71freq-c --workspace-path \"F:\\Work\\ConStart\\.worktree\\caserun-constart-71freq-ao-ioprobe-repair-20260614052517-641c9492\"\nstdout:\n{ \"ok\": true, \"action\": \"hwpod-cli.invoke\", \"status\": \"completed\", \"specPath\": \"/home/agentrun/workspaces/gitbundle-bd8af3b3e5f52f99/workspace/tools/hwpod-specs/constart-71freq-c.yaml\", \"hwpodId\": \"constart-71freq-c\", \"specAuthority\": \"gitbundle-bundled-spec\", \"resolvedAuthority\": { \"hwpodId\": \"constart-71freq-c\", \"specPath\": \"/home/agentrun/workspaces/gitbundle-bd8af3b3e5f52f99/workspace/tools/hwpod-specs/constart-71freq-c.yaml\", \"specAuthority\": \"gitbundle-bundled-spec\", \"workspacePath\": \"F:\\\\Work\\\\ConStart\\\\.worktree\\\\caserun-constart-71freq-ao-ioprobe-repair-20260614052517-641c9492\", \"e...\nexitCode=0\ndurationMs=1363\noutputBytes=4287\noutputTruncated=true\nsourceSeq=53",
        "exitCode": 0
      },
      {
        "source": "trace-row",
        "seq": 175,
        "rowId": "tool:call_5yq302TGnAb2qJK6WsrOCe0L",
        "header": "05:36:26 total=00:10:44 ok commandExecution",
        "command": "hwpod board-comm jrpctcp put hardware/ao/current/4000 --hwpod-id constart-71freq-c --workspace-path \"F:\\Work\\ConStart\\.worktree\\caserun-constart-71freq-ao-ioprobe-repair-20260614052517-641c9492\"",
        "normalizedCommand": "hwpod board-comm jrpctcp put hardware/ao/current/4000 --hwpod-id constart-71freq-c --workspace-path \"F:\\Work\\ConStart\\.worktree\\caserun-constart-71freq-ao-ioprobe-repair-20260614052517-641c9492",
        "bodyPreview": "hwpod board-comm jrpctcp put hardware/ao/current/4000 --hwpod-id constart-71freq-c --workspace-path \"F:\\Work\\ConStart\\.worktree\\caserun-constart-71freq-ao-ioprobe-repair-20260614052517-641c9492\"\nstdout:\n{ \"ok\": true, \"action\": \"hwpod-cli.invoke\", \"status\": \"completed\", \"specPath\": \"/home/agentrun/workspaces/gitbundle-bd8af3b3e5f52f99/workspace/tools/hwpod-specs/constart-71freq-c.yaml\", \"hwpodId\": \"constart-71freq-c\", \"specAuthority\": \"gitbundle-bundled-spec\", \"resolvedAuthority\": { \"hwpodId\": \"constart-71freq-c\", \"specPath\": \"/home/agentrun/workspaces/gitbundle-bd8af3b3e5f52f99/workspace/tools/hwpod-specs/constart-71freq-c.yaml\", \"specAuthority\": \"gitbundle-bundled-spec\", \"workspacePath\": \"F:\\\\Work\\\\ConStart\\\\.worktree\\\\caserun-constart-71freq-ao-ioprobe-repair-20260614052517-641c9492\", \"e...\nexitCode=0\ndurationMs=1595\noutputBytes=4273\noutputTruncated=true\nsourceSeq=170",
        "exitCode": 0
      },
      {
        "source": "trace-row",
        "seq": 184,
        "rowId": "tool:call_XQzMwaUpWuKd91gzpbEphLqR",
        "header": "05:36:51 total=00:11:09 ok commandExecution",
        "command": "hwpod io-probe read main41.ai0.current --hwpod-id constart-71freq-c --workspace-path \"F:\\Work\\ConStart\\.worktree\\caserun-constart-71freq-ao-ioprobe-repair-20260614052517-641c9492\"",
        "normalizedCommand": "hwpod io-probe read main41.ai0.current --hwpod-id constart-71freq-c --workspace-path \"F:\\Work\\ConStart\\.worktree\\caserun-constart-71freq-ao-ioprobe-repair-20260614052517-641c9492",
        "bodyPreview": "hwpod io-probe read main41.ai0.current --hwpod-id constart-71freq-c --workspace-path \"F:\\Work\\ConStart\\.worktree\\caserun-constart-71freq-ao-ioprobe-repair-20260614052517-641c9492\"\nstdout:\n{ \"ok\": true, \"action\": \"hwpod-cli.invoke\", \"status\": \"completed\", \"specPath\": \"/home/agentrun/workspaces/gitbundle-bd8af3b3e5f52f99/workspace/tools/hwpod-specs/constart-71freq-c.yaml\", \"hwpodId\": \"constart-71freq-c\", \"specAuthority\": \"gitbundle-bundled-spec\", \"resolvedAuthority\": { \"hwpodId\": \"constart-71freq-c\", \"specPath\": \"/home/agentrun/workspaces/gitbundle-bd8af3b3e5f52f99/workspace/tools/hwpod-specs/constart-71freq-c.yaml\", \"specAuthority\": \"gitbundle-bundled-spec\", \"workspacePath\": \"F:\\\\Work\\\\ConStart\\\\.worktree\\\\caserun-constart-71freq-ao-ioprobe-repair-20260614052517-641c9492\", \"e...\nexitCode=0\ndurationMs=3273\noutputBytes=4258\noutputTruncated=true\nsourceSeq=179",
        "exitCode": 0
      },
      {
        "source": "trace-row",
        "seq": 189,
        "rowId": "tool:call_KXbikqCBshfv7prSp4xkOjt1",
        "header": "05:37:10 total=00:11:28 ok commandExecution",
        "command": "hwpod board-comm jrpctcp put hardware/ao/current/8000 --hwpod-id constart-71freq-c --workspace-path \"F:\\Work\\ConStart\\.worktree\\caserun-constart-71freq-ao-ioprobe-repair-20260614052517-641c9492\"",
        "normalizedCommand": "hwpod board-comm jrpctcp put hardware/ao/current/8000 --hwpod-id constart-71freq-c --workspace-path \"F:\\Work\\ConStart\\.worktree\\caserun-constart-71freq-ao-ioprobe-repair-20260614052517-641c9492",
        "bodyPreview": "hwpod board-comm jrpctcp put hardware/ao/current/8000 --hwpod-id constart-71freq-c --workspace-path \"F:\\Work\\ConStart\\.worktree\\caserun-constart-71freq-ao-ioprobe-repair-20260614052517-641c9492\"\nstdout:\n{ \"ok\": true, \"action\": \"hwpod-cli.invoke\", \"status\": \"completed\", \"specPath\": \"/home/agentrun/workspaces/gitbundle-bd8af3b3e5f52f99/workspace/tools/hwpod-specs/constart-71freq-c.yaml\", \"hwpodId\": \"constart-71freq-c\", \"specAuthority\": \"gitbundle-bundled-spec\", \"resolvedAuthority\": { \"hwpodId\": \"constart-71freq-c\", \"specPath\": \"/home/agentrun/workspaces/gitbundle-bd8af3b3e5f52f99/workspace/tools/hwpod-specs/constart-71freq-c.yaml\", \"specAuthority\": \"gitbundle-bundled-spec\", \"workspacePath\": \"F:\\\\Work\\\\ConStart\\\\.worktree\\\\caserun-constart-71freq-ao-ioprobe-repair-20260614052517-641c9492\", \"e...\nexitCode=0\ndurationMs=2003\noutputBytes=4273\noutputTruncated=true\nsourceSeq=184",
        "exitCode": 0
      },
      {
        "source": "trace-row",
        "seq": 198,
        "rowId": "tool:call_rCXelGIcJnRpJRUVezcu35YE",
        "header": "05:37:37 total=00:11:55 ok commandExecution",
        "command": "hwpod io-probe read main41.ai0.current --hwpod-id constart-71freq-c --workspace-path \"F:\\Work\\ConStart\\.worktree\\caserun-constart-71freq-ao-ioprobe-repair-20260614052517-641c9492\"",
        "normalizedCommand": "hwpod io-probe read main41.ai0.current --hwpod-id constart-71freq-c --workspace-path \"F:\\Work\\ConStart\\.worktree\\caserun-constart-71freq-ao-ioprobe-repair-20260614052517-641c9492",
        "bodyPreview": "hwpod io-probe read main41.ai0.current --hwpod-id constart-71freq-c --workspace-path \"F:\\Work\\ConStart\\.worktree\\caserun-constart-71freq-ao-ioprobe-repair-20260614052517-641c9492\"\nstdout:\n{ \"ok\": true, \"action\": \"hwpod-cli.invoke\", \"status\": \"completed\", \"specPath\": \"/home/agentrun/workspaces/gitbundle-bd8af3b3e5f52f99/workspace/tools/hwpod-specs/constart-71freq-c.yaml\", \"hwpodId\": \"constart-71freq-c\", \"specAuthority\": \"gitbundle-bundled-spec\", \"resolvedAuthority\": { \"hwpodId\": \"constart-71freq-c\", \"specPath\": \"/home/agentrun/workspaces/gitbundle-bd8af3b3e5f52f99/workspace/tools/hwpod-specs/constart-71freq-c.yaml\", \"specAuthority\": \"gitbundle-bundled-spec\", \"workspacePath\": \"F:\\\\Work\\\\ConStart\\\\.worktree\\\\caserun-constart-71freq-ao-ioprobe-repair-20260614052517-641c9492\", \"e...\nexitCode=0\ndurationMs=3320\noutputBytes=4258\noutputTruncated=true\nsourceSeq=193",
        "exitCode": 0
      },
      {
        "source": "trace-row",
        "seq": 203,
        "rowId": "tool:call_a63yXRF85bkKJUhcc4D4FKQg",
        "header": "05:37:57 total=00:12:15 ok commandExecution",
        "command": "hwpod board-comm jrpctcp put hardware/ao/current/12000 --hwpod-id constart-71freq-c --workspace-path \"F:\\Work\\ConStart\\.worktree\\caserun-constart-71freq-ao-ioprobe-repair-20260614052517-641c9492\"",
        "normalizedCommand": "hwpod board-comm jrpctcp put hardware/ao/current/12000 --hwpod-id constart-71freq-c --workspace-path \"F:\\Work\\ConStart\\.worktree\\caserun-constart-71freq-ao-ioprobe-repair-20260614052517-641c9492",
        "bodyPreview": "hwpod board-comm jrpctcp put hardware/ao/current/12000 --hwpod-id constart-71freq-c --workspace-path \"F:\\Work\\ConStart\\.worktree\\caserun-constart-71freq-ao-ioprobe-repair-20260614052517-641c9492\"\nstdout:\n{ \"ok\": true, \"action\": \"hwpod-cli.invoke\", \"status\": \"completed\", \"specPath\": \"/home/agentrun/workspaces/gitbundle-bd8af3b3e5f52f99/workspace/tools/hwpod-specs/constart-71freq-c.yaml\", \"hwpodId\": \"constart-71freq-c\", \"specAuthority\": \"gitbundle-bundled-spec\", \"resolvedAuthority\": { \"hwpodId\": \"constart-71freq-c\", \"specPath\": \"/home/agentrun/workspaces/gitbundle-bd8af3b3e5f52f99/workspace/tools/hwpod-specs/constart-71freq-c.yaml\", \"specAuthority\": \"gitbundle-bundled-spec\", \"workspacePath\": \"F:\\\\Work\\\\ConStart\\\\.worktree\\\\caserun-constart-71freq-ao-ioprobe-repair-20260614052517-641c9492\", \"e...\nexitCode=0\ndurationMs=1669\noutputBytes=4274\noutputTruncated=true\nsourceSeq=198",
        "exitCode": 0
      },
      {
        "source": "trace-row",
        "seq": 212,
        "rowId": "tool:call_RpyZJXyKkGf9roky0CHECugy",
        "header": "05:38:23 total=00:12:41 ok commandExecution",
        "command": "hwpod io-probe read main41.ai0.current --hwpod-id constart-71freq-c --workspace-path \"F:\\Work\\ConStart\\.worktree\\caserun-constart-71freq-ao-ioprobe-repair-20260614052517-641c9492\"",
        "normalizedCommand": "hwpod io-probe read main41.ai0.current --hwpod-id constart-71freq-c --workspace-path \"F:\\Work\\ConStart\\.worktree\\caserun-constart-71freq-ao-ioprobe-repair-20260614052517-641c9492",
        "bodyPreview": "hwpod io-probe read main41.ai0.current --hwpod-id constart-71freq-c --workspace-path \"F:\\Work\\ConStart\\.worktree\\caserun-constart-71freq-ao-ioprobe-repair-20260614052517-641c9492\"\nstdout:\n{ \"ok\": true, \"action\": \"hwpod-cli.invoke\", \"status\": \"completed\", \"specPath\": \"/home/agentrun/workspaces/gitbundle-bd8af3b3e5f52f99/workspace/tools/hwpod-specs/constart-71freq-c.yaml\", \"hwpodId\": \"constart-71freq-c\", \"specAuthority\": \"gitbundle-bundled-spec\", \"resolvedAuthority\": { \"hwpodId\": \"constart-71freq-c\", \"specPath\": \"/home/agentrun/workspaces/gitbundle-bd8af3b3e5f52f99/workspace/tools/hwpod-specs/constart-71freq-c.yaml\", \"specAuthority\": \"gitbundle-bundled-spec\", \"workspacePath\": \"F:\\\\Work\\\\ConStart\\\\.worktree\\\\caserun-constart-71freq-ao-ioprobe-repair-20260614052517-641c9492\", \"e...\nexitCode=0\ndurationMs=4231\noutputBytes=4258\noutputTruncated=true\nsourceSeq=207",
        "exitCode": 0
      },
      {
        "source": "trace-row",
        "seq": 217,
        "rowId": "tool:call_TCD0zmUiMdsH5PEFDWvQxWmV",
        "header": "05:38:42 total=00:13:00 ok commandExecution",
        "command": "hwpod board-comm jrpctcp put hardware/ao/current/20000 --hwpod-id constart-71freq-c --workspace-path \"F:\\Work\\ConStart\\.worktree\\caserun-constart-71freq-ao-ioprobe-repair-20260614052517-641c9492\"",
        "normalizedCommand": "hwpod board-comm jrpctcp put hardware/ao/current/20000 --hwpod-id constart-71freq-c --workspace-path \"F:\\Work\\ConStart\\.worktree\\caserun-constart-71freq-ao-ioprobe-repair-20260614052517-641c9492",
        "bodyPreview": "hwpod board-comm jrpctcp put hardware/ao/current/20000 --hwpod-id constart-71freq-c --workspace-path \"F:\\Work\\ConStart\\.worktree\\caserun-constart-71freq-ao-ioprobe-repair-20260614052517-641c9492\"\nstdout:\n{ \"ok\": true, \"action\": \"hwpod-cli.invoke\", \"status\": \"completed\", \"specPath\": \"/home/agentrun/workspaces/gitbundle-bd8af3b3e5f52f99/workspace/tools/hwpod-specs/constart-71freq-c.yaml\", \"hwpodId\": \"constart-71freq-c\", \"specAuthority\": \"gitbundle-bundled-spec\", \"resolvedAuthority\": { \"hwpodId\": \"constart-71freq-c\", \"specPath\": \"/home/agentrun/workspaces/gitbundle-bd8af3b3e5f52f99/workspace/tools/hwpod-specs/constart-71freq-c.yaml\", \"specAuthority\": \"gitbundle-bundled-spec\", \"workspacePath\": \"F:\\\\Work\\\\ConStart\\\\.worktree\\\\caserun-constart-71freq-ao-ioprobe-repair-20260614052517-641c9492\", \"e...\nexitCode=0\ndurationMs=1701\noutputBytes=4274\noutputTruncated=true\nsourceSeq=212",
        "exitCode": 0
      },
      {
        "source": "trace-row",
        "seq": 226,
        "rowId": "tool:call_KnYJ5IJzPlqtb7iVjImyZnsw",
        "header": "05:39:06 total=00:13:24 ok commandExecution",
        "command": "hwpod io-probe read main41.ai0.current --hwpod-id constart-71freq-c --workspace-path \"F:\\Work\\ConStart\\.worktree\\caserun-constart-71freq-ao-ioprobe-repair-20260614052517-641c9492\"",
        "normalizedCommand": "hwpod io-probe read main41.ai0.current --hwpod-id constart-71freq-c --workspace-path \"F:\\Work\\ConStart\\.worktree\\caserun-constart-71freq-ao-ioprobe-repair-20260614052517-641c9492",
        "bodyPreview": "hwpod io-probe read main41.ai0.current --hwpod-id constart-71freq-c --workspace-path \"F:\\Work\\ConStart\\.worktree\\caserun-constart-71freq-ao-ioprobe-repair-20260614052517-641c9492\"\nstdout:\n{ \"ok\": true, \"action\": \"hwpod-cli.invoke\", \"status\": \"completed\", \"specPath\": \"/home/agentrun/workspaces/gitbundle-bd8af3b3e5f52f99/workspace/tools/hwpod-specs/constart-71freq-c.yaml\", \"hwpodId\": \"constart-71freq-c\", \"specAuthority\": \"gitbundle-bundled-spec\", \"resolvedAuthority\": { \"hwpodId\": \"constart-71freq-c\", \"specPath\": \"/home/agentrun/workspaces/gitbundle-bd8af3b3e5f52f99/workspace/tools/hwpod-specs/constart-71freq-c.yaml\", \"specAuthority\": \"gitbundle-bundled-spec\", \"workspacePath\": \"F:\\\\Work\\\\ConStart\\\\.worktree\\\\caserun-constart-71freq-ao-ioprobe-repair-20260614052517-641c9492\", \"e...\nexitCode=0\ndurationMs=3096\noutputBytes=4258\noutputTruncated=true\nsourceSeq=221",
        "exitCode": 0
      },
      {
        "source": "trace-row",
        "seq": 231,
        "rowId": "tool:call_qIszoOiXsUuCslXxuTs5P7aK",
        "header": "05:39:26 total=00:13:44 ok commandExecution",
        "command": "hwpod board-comm jrpctcp put hardware/ao/current/4000 --hwpod-id constart-71freq-c --workspace-path \"F:\\Work\\ConStart\\.worktree\\caserun-constart-71freq-ao-ioprobe-repair-20260614052517-641c9492\"",
        "normalizedCommand": "hwpod board-comm jrpctcp put hardware/ao/current/4000 --hwpod-id constart-71freq-c --workspace-path \"F:\\Work\\ConStart\\.worktree\\caserun-constart-71freq-ao-ioprobe-repair-20260614052517-641c9492",
        "bodyPreview": "hwpod board-comm jrpctcp put hardware/ao/current/4000 --hwpod-id constart-71freq-c --workspace-path \"F:\\Work\\ConStart\\.worktree\\caserun-constart-71freq-ao-ioprobe-repair-20260614052517-641c9492\"\nstdout:\n{ \"ok\": true, \"action\": \"hwpod-cli.invoke\", \"status\": \"completed\", \"specPath\": \"/home/agentrun/workspaces/gitbundle-bd8af3b3e5f52f99/workspace/tools/hwpod-specs/constart-71freq-c.yaml\", \"hwpodId\": \"constart-71freq-c\", \"specAuthority\": \"gitbundle-bundled-spec\", \"resolvedAuthority\": { \"hwpodId\": \"constart-71freq-c\", \"specPath\": \"/home/agentrun/workspaces/gitbundle-bd8af3b3e5f52f99/workspace/tools/hwpod-specs/constart-71freq-c.yaml\", \"specAuthority\": \"gitbundle-bundled-spec\", \"workspacePath\": \"F:\\\\Work\\\\ConStart\\\\.worktree\\\\caserun-constart-71freq-ao-ioprobe-repair-20260614052517-641c9492\", \"e...\nexitCode=0\ndurationMs=1632\noutputBytes=4273\noutputTruncated=true\nsourceSeq=226",
        "exitCode": 0
      },
      {
        "source": "trace-row",
        "seq": 240,
        "rowId": "tool:call_RaGioevCcUAOsWG5wz0H8kqC",
        "header": "05:39:48 total=00:14:06 ok commandExecution",
        "command": "hwpod io-probe read main41.ai0.current --hwpod-id constart-71freq-c --workspace-path \"F:\\Work\\ConStart\\.worktree\\caserun-constart-71freq-ao-ioprobe-repair-20260614052517-641c9492\"",
        "normalizedCommand": "hwpod io-probe read main41.ai0.current --hwpod-id constart-71freq-c --workspace-path \"F:\\Work\\ConStart\\.worktree\\caserun-constart-71freq-ao-ioprobe-repair-20260614052517-641c9492",
        "bodyPreview": "hwpod io-probe read main41.ai0.current --hwpod-id constart-71freq-c --workspace-path \"F:\\Work\\ConStart\\.worktree\\caserun-constart-71freq-ao-ioprobe-repair-20260614052517-641c9492\"\nstdout:\n{ \"ok\": true, \"action\": \"hwpod-cli.invoke\", \"status\": \"completed\", \"specPath\": \"/home/agentrun/workspaces/gitbundle-bd8af3b3e5f52f99/workspace/tools/hwpod-specs/constart-71freq-c.yaml\", \"hwpodId\": \"constart-71freq-c\", \"specAuthority\": \"gitbundle-bundled-spec\", \"resolvedAuthority\": { \"hwpodId\": \"constart-71freq-c\", \"specPath\": \"/home/agentrun/workspaces/gitbundle-bd8af3b3e5f52f99/workspace/tools/hwpod-specs/constart-71freq-c.yaml\", \"specAuthority\": \"gitbundle-bundled-spec\", \"workspacePath\": \"F:\\\\Work\\\\ConStart\\\\.worktree\\\\caserun-constart-71freq-ao-ioprobe-repair-20260614052517-641c9492\", \"e...\nexitCode=0\ndurationMs=3536\noutputBytes=4258\noutputTruncated=true\nsourceSeq=235",
        "exitCode": 0
      },
      {
        "source": "trace-row",
        "seq": 76,
        "rowId": "tool:call_3cvM9wuR0ncIghGoalNLBBUp",
        "header": "05:30:31 total=00:04:49 ok commandExecution",
        "command": "hwpod job status 20260614_133010_6556c51f --hwpod-id constart-71freq-c --workspace-path \"F:\\Work\\ConStart\\.worktree\\caserun-constart-71freq-ao-ioprobe-repair-20260614052517-641c9492\"",
        "normalizedCommand": "hwpod job status 20260614_133010_6556c51f --hwpod-id constart-71freq-c --workspace-path \"F:\\Work\\ConStart\\.worktree\\caserun-constart-71freq-ao-ioprobe-repair-20260614052517-641c9492",
        "bodyPreview": "hwpod job status 20260614_133010_6556c51f --hwpod-id constart-71freq-c --workspace-path \"F:\\Work\\ConStart\\.worktree\\caserun-constart-71freq-ao-ioprobe-repair-20260614052517-641c9492\"\nstdout:\n{ \"ok\": true, \"action\": \"hwpod-cli.invoke\", \"status\": \"completed\", \"specPath\": \"/home/agentrun/workspaces/gitbundle-bd8af3b3e5f52f99/workspace/tools/hwpod-specs/constart-71freq-c.yaml\", \"hwpodId\": \"constart-71freq-c\", \"specAuthority\": \"gitbundle-bundled-spec\", \"resolvedAuthority\": { \"hwpodId\": \"constart-71freq-c\", \"specPath\": \"/home/agentrun/workspaces/gitbundle-bd8af3b3e5f52f99/workspace/tools/hwpod-specs/constart-71freq-c.yaml\", \"specAuthority\": \"gitbundle-bundled-spec\", \"workspacePath\": \"F:\\\\Work\\\\ConStart\\\\.worktree\\\\caserun-constart-71freq-ao-ioprobe-repair-20260614052517-641c9492\", \"e...\nexitCode=0\ndurationMs=1578\noutputBytes=4261\noutputTruncated=true\nsourceSeq=71",
        "exitCode": 0
      },
      {
        "source": "trace-row",
        "seq": 81,
        "rowId": "tool:call_Mv4YugjZynVjlgyQRjaRWCHP",
        "header": "05:30:49 total=00:05:08 ok commandExecution",
        "command": "hwpod job status 20260614_133010_6556c51f --hwpod-id constart-71freq-c --workspace-path \"F:\\Work\\ConStart\\.worktree\\caserun-constart-71freq-ao-ioprobe-repair-20260614052517-641c9492\"",
        "normalizedCommand": "hwpod job status 20260614_133010_6556c51f --hwpod-id constart-71freq-c --workspace-path \"F:\\Work\\ConStart\\.worktree\\caserun-constart-71freq-ao-ioprobe-repair-20260614052517-641c9492",
        "bodyPreview": "hwpod job status 20260614_133010_6556c51f --hwpod-id constart-71freq-c --workspace-path \"F:\\Work\\ConStart\\.worktree\\caserun-constart-71freq-ao-ioprobe-repair-20260614052517-641c9492\"\nstdout:\n{ \"ok\": true, \"action\": \"hwpod-cli.invoke\", \"status\": \"completed\", \"specPath\": \"/home/agentrun/workspaces/gitbundle-bd8af3b3e5f52f99/workspace/tools/hwpod-specs/constart-71freq-c.yaml\", \"hwpodId\": \"constart-71freq-c\", \"specAuthority\": \"gitbundle-bundled-spec\", \"resolvedAuthority\": { \"hwpodId\": \"constart-71freq-c\", \"specPath\": \"/home/agentrun/workspaces/gitbundle-bd8af3b3e5f52f99/workspace/tools/hwpod-specs/constart-71freq-c.yaml\", \"specAuthority\": \"gitbundle-bundled-spec\", \"workspacePath\": \"F:\\\\Work\\\\ConStart\\\\.worktree\\\\caserun-constart-71freq-ao-ioprobe-repair-20260614052517-641c9492\", \"e...\nexitCode=0\ndurationMs=1232\noutputBytes=4261\noutputTruncated=true\nsourceSeq=76",
        "exitCode": 0
      },
      {
        "source": "trace-row",
        "seq": 92,
        "rowId": "tool:call_6jbsaK6ulLBhcfg0cllxHwOk",
        "header": "05:31:36 total=00:05:54 ok commandExecution",
        "command": "hwpod job status 20260614_133114_9274c252 --hwpod-id constart-71freq-c --workspace-path \"F:\\Work\\ConStart\\.worktree\\caserun-constart-71freq-ao-ioprobe-repair-20260614052517-641c9492\"",
        "normalizedCommand": "hwpod job status 20260614_133114_9274c252 --hwpod-id constart-71freq-c --workspace-path \"F:\\Work\\ConStart\\.worktree\\caserun-constart-71freq-ao-ioprobe-repair-20260614052517-641c9492",
        "bodyPreview": "hwpod job status 20260614_133114_9274c252 --hwpod-id constart-71freq-c --workspace-path \"F:\\Work\\ConStart\\.worktree\\caserun-constart-71freq-ao-ioprobe-repair-20260614052517-641c9492\"\nstdout:\n{ \"ok\": true, \"action\": \"hwpod-cli.invoke\", \"status\": \"completed\", \"specPath\": \"/home/agentrun/workspaces/gitbundle-bd8af3b3e5f52f99/workspace/tools/hwpod-specs/constart-71freq-c.yaml\", \"hwpodId\": \"constart-71freq-c\", \"specAuthority\": \"gitbundle-bundled-spec\", \"resolvedAuthority\": { \"hwpodId\": \"constart-71freq-c\", \"specPath\": \"/home/agentrun/workspaces/gitbundle-bd8af3b3e5f52f99/workspace/tools/hwpod-specs/constart-71freq-c.yaml\", \"specAuthority\": \"gitbundle-bundled-spec\", \"workspacePath\": \"F:\\\\Work\\\\ConStart\\\\.worktree\\\\caserun-constart-71freq-ao-ioprobe-repair-20260614052517-641c9492\", \"e...\nexitCode=0\ndurationMs=1791\noutputBytes=4261\noutputTruncated=true\nsourceSeq=87",
        "exitCode": 0
      },
      {
        "source": "trace-row",
        "seq": 98,
        "rowId": "tool:call_NUwRP3rWiZgsNLihoP3UN7AH",
        "header": "05:31:55 total=00:06:13 ok commandExecution",
        "command": "hwpod job status 20260614_133114_9274c252 --hwpod-id constart-71freq-c --workspace-path \"F:\\Work\\ConStart\\.worktree\\caserun-constart-71freq-ao-ioprobe-repair-20260614052517-641c9492\"",
        "normalizedCommand": "hwpod job status 20260614_133114_9274c252 --hwpod-id constart-71freq-c --workspace-path \"F:\\Work\\ConStart\\.worktree\\caserun-constart-71freq-ao-ioprobe-repair-20260614052517-641c9492",
        "bodyPreview": "hwpod job status 20260614_133114_9274c252 --hwpod-id constart-71freq-c --workspace-path \"F:\\Work\\ConStart\\.worktree\\caserun-constart-71freq-ao-ioprobe-repair-20260614052517-641c9492\"\nstdout:\n{ \"ok\": true, \"action\": \"hwpod-cli.invoke\", \"status\": \"completed\", \"specPath\": \"/home/agentrun/workspaces/gitbundle-bd8af3b3e5f52f99/workspace/tools/hwpod-specs/constart-71freq-c.yaml\", \"hwpodId\": \"constart-71freq-c\", \"specAuthority\": \"gitbundle-bundled-spec\", \"resolvedAuthority\": { \"hwpodId\": \"constart-71freq-c\", \"specPath\": \"/home/agentrun/workspaces/gitbundle-bd8af3b3e5f52f99/workspace/tools/hwpod-specs/constart-71freq-c.yaml\", \"specAuthority\": \"gitbundle-bundled-spec\", \"workspacePath\": \"F:\\\\Work\\\\ConStart\\\\.worktree\\\\caserun-constart-71freq-ao-ioprobe-repair-20260614052517-641c9492\", \"e...\nexitCode=0\ndurationMs=1676\noutputBytes=4261\noutputTruncated=true\nsourceSeq=93",
        "exitCode": 0
      },
      {
        "source": "trace-row",
        "seq": 111,
        "rowId": "tool:call_4c9MPS2ZIVZYhdmIocSu6low",
        "header": "05:32:34 total=00:06:52 ok commandExecution",
        "command": "hwpod io-probe read main41.ai0.current --hwpod-id constart-71freq-c --workspace-path \"F:\\Work\\ConStart\\.worktree\\caserun-constart-71freq-ao-ioprobe-repair-20260614052517-641c9492\"",
        "normalizedCommand": "hwpod io-probe read main41.ai0.current --hwpod-id constart-71freq-c --workspace-path \"F:\\Work\\ConStart\\.worktree\\caserun-constart-71freq-ao-ioprobe-repair-20260614052517-641c9492",
        "bodyPreview": "hwpod io-probe read main41.ai0.current --hwpod-id constart-71freq-c --workspace-path \"F:\\Work\\ConStart\\.worktree\\caserun-constart-71freq-ao-ioprobe-repair-20260614052517-641c9492\"\nstdout:\n{ \"ok\": true, \"action\": \"hwpod-cli.invoke\", \"status\": \"completed\", \"specPath\": \"/home/agentrun/workspaces/gitbundle-bd8af3b3e5f52f99/workspace/tools/hwpod-specs/constart-71freq-c.yaml\", \"hwpodId\": \"constart-71freq-c\", \"specAuthority\": \"gitbundle-bundled-spec\", \"resolvedAuthority\": { \"hwpodId\": \"constart-71freq-c\", \"specPath\": \"/home/agentrun/workspaces/gitbundle-bd8af3b3e5f52f99/workspace/tools/hwpod-specs/constart-71freq-c.yaml\", \"specAuthority\": \"gitbundle-bundled-spec\", \"workspacePath\": \"F:\\\\Work\\\\ConStart\\\\.worktree\\\\caserun-constart-71freq-ao-ioprobe-repair-20260614052517-641c9492\", \"e...\nexitCode=0\ndurationMs=3896\noutputBytes=4258\noutputTruncated=true\nsourceSeq=106",
        "exitCode": 0
      },
      {
        "source": "trace-row",
        "seq": 115,
        "rowId": "tool:call_JhHXOwJqpe4FHMa6JkHrYS3v",
        "header": "05:32:55 total=00:07:13 ok commandExecution",
        "command": "hwpod board-comm jrpctcp put hardware/ao/current/8000 --hwpod-id constart-71freq-c --workspace-path \"F:\\Work\\ConStart\\.worktree\\caserun-constart-71freq-ao-ioprobe-repair-20260614052517-641c9492\"",
        "normalizedCommand": "hwpod board-comm jrpctcp put hardware/ao/current/8000 --hwpod-id constart-71freq-c --workspace-path \"F:\\Work\\ConStart\\.worktree\\caserun-constart-71freq-ao-ioprobe-repair-20260614052517-641c9492",
        "bodyPreview": "hwpod board-comm jrpctcp put hardware/ao/current/8000 --hwpod-id constart-71freq-c --workspace-path \"F:\\Work\\ConStart\\.worktree\\caserun-constart-71freq-ao-ioprobe-repair-20260614052517-641c9492\"\nstdout:\n{ \"ok\": true, \"action\": \"hwpod-cli.invoke\", \"status\": \"completed\", \"specPath\": \"/home/agentrun/workspaces/gitbundle-bd8af3b3e5f52f99/workspace/tools/hwpod-specs/constart-71freq-c.yaml\", \"hwpodId\": \"constart-71freq-c\", \"specAuthority\": \"gitbundle-bundled-spec\", \"resolvedAuthority\": { \"hwpodId\": \"constart-71freq-c\", \"specPath\": \"/home/agentrun/workspaces/gitbundle-bd8af3b3e5f52f99/workspace/tools/hwpod-specs/constart-71freq-c.yaml\", \"specAuthority\": \"gitbundle-bundled-spec\", \"workspacePath\": \"F:\\\\Work\\\\ConStart\\\\.worktree\\\\caserun-constart-71freq-ao-ioprobe-repair-20260614052517-641c9492\", \"e...\nexitCode=0\ndurationMs=1501\noutputBytes=4273\noutputTruncated=true\nsourceSeq=110",
        "exitCode": 0
      },
      {
        "source": "trace-row",
        "seq": 124,
        "rowId": "tool:call_8goQ2x5Jt8e43PibEp58O12C",
        "header": "05:33:26 total=00:07:45 ok commandExecution",
        "command": "hwpod io-probe read main41.ai0.current --hwpod-id constart-71freq-c --workspace-path \"F:\\Work\\ConStart\\.worktree\\caserun-constart-71freq-ao-ioprobe-repair-20260614052517-641c9492\"",
        "normalizedCommand": "hwpod io-probe read main41.ai0.current --hwpod-id constart-71freq-c --workspace-path \"F:\\Work\\ConStart\\.worktree\\caserun-constart-71freq-ao-ioprobe-repair-20260614052517-641c9492",
        "bodyPreview": "hwpod io-probe read main41.ai0.current --hwpod-id constart-71freq-c --workspace-path \"F:\\Work\\ConStart\\.worktree\\caserun-constart-71freq-ao-ioprobe-repair-20260614052517-641c9492\"\nstdout:\n{ \"ok\": true, \"action\": \"hwpod-cli.invoke\", \"status\": \"completed\", \"specPath\": \"/home/agentrun/workspaces/gitbundle-bd8af3b3e5f52f99/workspace/tools/hwpod-specs/constart-71freq-c.yaml\", \"hwpodId\": \"constart-71freq-c\", \"specAuthority\": \"gitbundle-bundled-spec\", \"resolvedAuthority\": { \"hwpodId\": \"constart-71freq-c\", \"specPath\": \"/home/agentrun/workspaces/gitbundle-bd8af3b3e5f52f99/workspace/tools/hwpod-specs/constart-71freq-c.yaml\", \"specAuthority\": \"gitbundle-bundled-spec\", \"workspacePath\": \"F:\\\\Work\\\\ConStart\\\\.worktree\\\\caserun-constart-71freq-ao-ioprobe-repair-20260614052517-641c9492\", \"e...\nexitCode=0\ndurationMs=3654\noutputBytes=4258\noutputTruncated=true\nsourceSeq=119",
        "exitCode": 0
      }
    ]
  },
  "traceLookup": {
    "source": "hwlab-cli.client.agent",
    "strategy": "id_plus_existing_cli",
    "note": "CaseRun records trace/session identity and reuses existing HWLAB Web-equivalent agent CLI for trace/result/inspect; it does not implement a separate trace query path.",
    "baseUrl": "http://74.48.78.17:19666",
    "traceId": "trc_case_constart-71freq-ao-ioprobe-repair_9f25ef24dfd6410ab64396cf1195d51b",
    "sessionId": "ses_b7677e50-06d1-4190-87d2-491ff2a13c64",
    "conversationId": "cnv_case_constart-71freq-ao-ioprobe-repair_constart-71freq-ao-ioprobe-repair-20260614052517-641c9492",
    "commands": {
      "result": "hwlab-cli client agent result trc_case_constart-71freq-ao-ioprobe-repair_9f25ef24dfd6410ab64396cf1195d51b",
      "trace": "hwlab-cli client agent trace trc_case_constart-71freq-ao-ioprobe-repair_9f25ef24dfd6410ab64396cf1195d51b --render web",
      "traceFull": "hwlab-cli client agent trace trc_case_constart-71freq-ao-ioprobe-repair_9f25ef24dfd6410ab64396cf1195d51b --render web --full",
      "inspect": "hwlab-cli client agent inspect --trace-id trc_case_constart-71freq-ao-ioprobe-repair_9f25ef24dfd6410ab64396cf1195d51b",
      "sessionStatus": "hwlab-cli client agent session status ses_b7677e50-06d1-4190-87d2-491ff2a13c64"
    }
  },
  "agentDiff": {
    "statusShort": "m projects/71-00075-11",
    "diffStat": "projects/71-00075-11 | 0\n 1 file changed, 0 insertions(+), 0 deletions(-)\nprojects/71-00075-11/FirmWare/MDK-ARM/FREQ_Controller_FW.uvoptx | 6 +++---\n 1 file changed, 3 insertions(+), 3 deletions(-)",
    "diffPatchPath": "/root/hwlab-v02/.state/hwlab-cli/caserun/constart-71freq-ao-ioprobe-repair-20260614052517-641c9492/agent-diff.patch",
    "diffPatchSha256": "d027f38e42b15080aa70f0407a6750c8b583f445340391c6a8ed87338d6e0328",
    "diffCollection": {
      "contractVersion": "hwpod-case-run-diff-collection-v1",
      "included": [],
      "omitted": [],
      "config": {
        "include": [
          {
            "pattern": "projects/71-00075-11/FirmWare/APP/driver/aout.c",
            "reason": "included by CaseRun diff collection rule"
          },
          {
            "pattern": "projects/71-00075-11/FirmWare/APP/user_config.h",
            "reason": "included by CaseRun diff collection rule"
          },
          {
            "pattern": "projects/71-00075-11/FirmWare/APP/freq_control.c",
            "reason": "included by CaseRun diff collection rule"
          },
          {
            "pattern": "projects/71-00075-11/FirmWare/APP/freq_jsonrpc_service.c",
            "reason": "included by CaseRun diff collection rule"
          }
        ],
        "ignore": []
      },
      "tracked": {
        "paths": [
          "projects/71-00075-11"
        ],
        "diffStat": "projects/71-00075-11 | 0\n 1 file changed, 0 insertions(+), 0 deletions(-)",
        "diffPatchSha256": "db3e2d1da1b75236537762dda6372540f82972b8a096c38d36577f452fa17a25"
      },
      "untracked": {
        "total": 0,
        "included": 0,
        "omitted": 0
      },
      "submodules": [
        {
          "path": "projects/71-00075-11",
          "commitId": "5ef2fc874782713d1e4752636a8db05cc4a18cd2",
          "statusShort": "M FirmWare/MDK-ARM/FREQ_Controller_FW.uvoptx\n M FirmWare/MDK-ARM/RTE/_FREQ_Controller_FW/RTE_Components.h",
          "tracked": {
            "paths": [
              "projects/71-00075-11/FirmWare/MDK-ARM/FREQ_Controller_FW.uvoptx"
            ],
            "diffStat": "projects/71-00075-11/FirmWare/MDK-ARM/FREQ_Controller_FW.uvoptx | 6 +++---\n 1 file changed, 3 insertions(+), 3 deletions(-)",
            "diffPatchSha256": "fcd18feee5bf8ec84ed046efc312e50848f058c3565152ba21024685ec1ca60f"
          },
          "untracked": {
            "total": 0,
            "included": 0,
            "omitted": 0
          },
          "included": [],
          "omitted": []
        }
      ]
    },
    "sourceRootStatusShort": "M \"docs/MDTODO/20260609_\\351\\242\\221\\347\\216\\207\\345\\210\\244\\346\\226\\255_\\347\\224\\250\\346\\210\\267\\345\\217\\215\\351\\246\\210.md\"\n M docs/reference/projects/41-00426-20-Controller-Code/Slave_AC_Module/canopen_communication_usage.md\n M docs/reference/projects/71-00075-11/configuration_usage.md\n M docs/reference/projects/71-00075-11/control_algorithm_gap_closure_loopback_plan.md\n M docs/reference/projects/71-00075-11/control_algorithm_implementation_plan.md\n M docs/reference/projects/71-00075-11/current_implementation_acceptance_and_architecture.md\n M docs/reference/projects/71-00075-11/jsonrpce_api_design.md\n M docs/reference/projects/71-00075-11/original_spec_p0_p1_implementation_plan.md\n M docs/reference/projects/71-00075-11/real_hardware_regression_checklist.md\n M docs/reference/projects/71-00075-11/software_design.md\n m projects/71-00075-11\n?? .worktree/\n?? \"docs/MDTODO/details/20260609_\\351\\242\\221\\347\\216\\207\\345\\210\\244\\346\\226\\255_\\347\\224\\250\\346\\210\\267\\345\\217\\215\\351\\246\\210/20260611_152857_Task_Report.md\"\n?? \"docs/MDTODO/details/20260609_\\351\\242\\221\\347\\216\\207\\345\\210\\244\\346\\226\\255_\\347\\224\\250\\346\\210\\267\\345\\217\\215\\351\\246\\210/20260611_154822_Task_Report.md\"\n?? \"docs/MDTODO/details/20260609_\\351\\242\\221\\347\\216\\207\\345\\210\\244\\346\\226\\255_\\347\\224\\250\\346\\210\\267\\345\\217\\215\\351\\246\\210/20260611_155756_Task_Report.md\"\n?? \"docs/MDTODO/details/20260609_\\351\\242\\221\\347\\216\\207\\345\\210\\244\\346\\226\\255_\\347\\224\\250\\346\\210\\267\\345\\217\\215\\351\\246\\210/20260611_161550_Task_Report.md\"\n?? \"docs/MDTODO/details/20260609_\\351\\242\\221\\347\\216\\207\\345\\210\\244\\346\\226\\255_\\347\\224\\250\\346\\210\\267\\345\\217\\215\\351\\246\\210/20260611_162137_Task_Report.md\"\n?? \"docs/MDTODO/details/20260609_\\351\\242\\221\\347\\216\\207\\345\\210\\244\\346\\226\\255_\\347\\224\\250\\346\\210\\267\\345\\217\\215\\351\\246\\210/20260611_164205_Task_Report.md\"\n?? \"docs/MDTODO/details/20260609_\\351\\242\\221\\347\\216\\207\\345\\210\\244\\346\\226\\255_\\347\\224\\250\\346\\210\\267\\345\\217\\215\\351\\246\\210/20260611_165817_Task_Report.md\"\n?? \"docs/MDTODO/details/20260609_\\351\\242\\221\\347\\216\\207\\345\\210\\244\\346\\226\\255_\\347\\224\\250\\346\\210\\267\\345\\217\\215\\351\\246\\210/20260613_121137_Task_Report.md\"\n?? \"docs/MDTODO/details/20260609_\\351\\242\\221\\347\\216\\207\\345\\210\\244\\346\\226\\255_\\347\\224\\250\\346\\210\\267\\345\\217\\215\\351\\246\\210/20260613_213543_Task_Report.md\"\n?? \"docs/MDTODO/details/20260609_\\351\\242\\221\\347\\216\\207\\345\\210\\244\\346\\226\\255_\\347\\224\\250\\346\\210\\267\\345\\217\\215\\351\\246\\210/R4.1_Task_Report.md\"\n?? \"docs/MDTODO/details/20260609_\\351\\242\\221\\347\\216\\207\\345\\210\\244\\346\\226\\255_\\347\\224\\250\\346\\210\\267\\345\\217\\215\\351\\246\\210/R4_Task_Report.md\"",
    "sourceRootBaseline": {
      "label": "before-prepare",
      "statusShort": "M \"docs/MDTODO/20260609_\\351\\242\\221\\347\\216\\207\\345\\210\\244\\346\\226\\255_\\347\\224\\250\\346\\210\\267\\345\\217\\215\\351\\246\\210.md\"\n M docs/reference/projects/41-00426-20-Controller-Code/Slave_AC_Module/canopen_communication_usage.md\n M docs/reference/projects/71-00075-11/configuration_usage.md\n M docs/reference/projects/71-00075-11/control_algorithm_gap_closure_loopback_plan.md\n M docs/reference/projects/71-00075-11/control_algorithm_implementation_plan.md\n M docs/reference/projects/71-00075-11/current_implementation_acceptance_and_architecture.md\n M docs/reference/projects/71-00075-11/jsonrpce_api_design.md\n M docs/reference/projects/71-00075-11/original_spec_p0_p1_implementation_plan.md\n M docs/reference/projects/71-00075-11/real_hardware_regression_checklist.md\n M docs/reference/projects/71-00075-11/software_design.md\n m projects/71-00075-11\n?? .worktree/\n?? \"docs/MDTODO/details/20260609_\\351\\242\\221\\347\\216\\207\\345\\210\\244\\346\\226\\255_\\347\\224\\250\\346\\210\\267\\345\\217\\215\\351\\246\\210/20260611_152857_Task_Report.md\"\n?? \"docs/MDTODO/details/20260609_\\351\\242\\221\\347\\216\\207\\345\\210\\244\\346\\226\\255_\\347\\224\\250\\346\\210\\267\\345\\217\\215\\351\\246\\210/20260611_154822_Task_Report.md\"\n?? \"docs/MDTODO/details/20260609_\\351\\242\\221\\347\\216\\207\\345\\210\\244\\346\\226\\255_\\347\\224\\250\\346\\210\\267\\345\\217\\215\\351\\246\\210/20260611_155756_Task_Report.md\"\n?? \"docs/MDTODO/details/20260609_\\351\\242\\221\\347\\216\\207\\345\\210\\244\\346\\226\\255_\\347\\224\\250\\346\\210\\267\\345\\217\\215\\351\\246\\210/20260611_161550_Task_Report.md\"\n?? \"docs/MDTODO/details/20260609_\\351\\242\\221\\347\\216\\207\\345\\210\\244\\346\\226\\255_\\347\\224\\250\\346\\210\\267\\345\\217\\215\\351\\246\\210/20260611_162137_Task_Report.md\"\n?? \"docs/MDTODO/details/20260609_\\351\\242\\221\\347\\216\\207\\345\\210\\244\\346\\226\\255_\\347\\224\\250\\346\\210\\267\\345\\217\\215\\351\\246\\210/20260611_164205_Task_Report.md\"\n?? \"docs/MDTODO/details/20260609_\\351\\242\\221\\347\\216\\207\\345\\210\\244\\346\\226\\255_\\347\\224\\250\\346\\210\\267\\345\\217\\215\\351\\246\\210/20260611_165817_Task_Report.md\"\n?? \"docs/MDTODO/details/20260609_\\351\\242\\221\\347\\216\\207\\345\\210\\244\\346\\226\\255_\\347\\224\\250\\346\\210\\267\\345\\217\\215\\351\\246\\210/20260613_121137_Task_Report.md\"\n?? \"docs/MDTODO/details/20260609_\\351\\242\\221\\347\\216\\207\\345\\210\\244\\346\\226\\255_\\347\\224\\250\\346\\210\\267\\345\\217\\215\\351\\246\\210/20260613_213543_Task_Report.md\"\n?? \"docs/MDTODO/details/20260609_\\351\\242\\221\\347\\216\\207\\345\\210\\244\\346\\226\\255_\\347\\224\\250\\346\\210\\267\\345\\217\\215\\351\\246\\210/R4.1_Task_Report.md\"\n?? \"docs/MDTODO/details/20260609_\\351\\242\\221\\347\\216\\207\\345\\210\\244\\346\\226\\255_\\347\\224\\250\\346\\210\\267\\345\\217\\215\\351\\246\\210/R4_Task_Report.md\"",
      "diffStat": "...224\\250\\346\\210\\267\\345\\217\\215\\351\\246\\210.md\" | 91 ++++++++++++++++++++++\n .../Slave_AC_Module/canopen_communication_usage.md | 11 +++\n .../projects/71-00075-11/configuration_usage.md    |  6 +-\n .../control_algorithm_gap_closure_loopback_plan.md |  6 +-\n .../control_algorithm_implementation_plan.md       | 10 +--\n ...t_implementation_acceptance_and_architecture.md |  6 +-\n .../projects/71-00075-11/jsonrpce_api_design.md    |  7 +-\n .../original_spec_p0_p1_implementation_plan.md     |  6 +-\n .../real_hardware_regression_checklist.md          | 60 ++++++++++++++\n .../projects/71-00075-11/software_design.md        |  4 +-\n projects/71-00075-11                               |  0\n 11 files changed, 186 insertions(+), 21 deletions(-)",
      "diffSha256": "cfaf512a206e421e4e8b0fd1370437733c7564347e5355b20c40ce4b83b5438f",
      "diffBytes": 38908,
      "commands": {
        "status": {
          "label": "source-root-status",
          "httpStatus": 200,
          "exitCode": 0,
          "stdoutBytes": 2634,
          "stderr": ""
        },
        "diffStat": {
          "label": "source-root-diff-stat",
          "httpStatus": 200,
          "exitCode": 0,
          "stdoutBytes": 743,
          "stderr": "warning: in the working copy of 'docs/reference/projects/41-00426-20-Controller-Code/Slave_AC_Module/canopen_communication_usage.md', LF will be replaced by CRLF the next time Git touches it\nwarning: in the working copy of 'docs/reference/projects/71-00075-11/configuration_usage.md', LF will be replaced by CRLF the next time Git touches it\nwarning: in the working copy of 'docs/reference/projects/71-00075-11/control_algorithm_gap_closure_loopback_plan.md', LF will be replaced by CRLF the next time Git touches it\nwarning: in the working copy of 'docs/reference/projects/71-00075-11/control_algorithm_implementation_plan.md', LF will be replaced by CRLF the next time Git touches it\nwarning: in the working copy of 'docs/reference/projects/71-00075-11/current_implementation_acceptance_and_architecture.md', LF will be replaced by CRLF the next time Git touches it\nwarning: in the working copy of 'docs/reference/projects/71-00075-11/jsonrpce_api_design.md', LF will be replaced by CRLF the next t\n... clipped ..."
        },
        "diffPatch": {
          "label": "source-root-diff-patch",
          "httpStatus": 200,
          "exitCode": 0,
          "stdoutBytes": 38908,
          "stderr": "warning: in the working copy of 'docs/reference/projects/41-00426-20-Controller-Code/Slave_AC_Module/canopen_communication_usage.md', LF will be replaced by CRLF the next time Git touches it\nwarning: in the working copy of 'docs/reference/projects/71-00075-11/configuration_usage.md', LF will be replaced by CRLF the next time Git touches it\nwarning: in the working copy of 'docs/reference/projects/71-00075-11/control_algorithm_gap_closure_loopback_plan.md', LF will be replaced by CRLF the next time Git touches it\nwarning: in the working copy of 'docs/reference/projects/71-00075-11/control_algorithm_implementation_plan.md', LF will be replaced by CRLF the next time Git touches it\nwarning: in the working copy of 'docs/reference/projects/71-00075-11/current_implementation_acceptance_and_architecture.md', LF will be replaced by CRLF the next time Git touches it\nwarning: in the working copy of 'docs/reference/projects/71-00075-11/jsonrpce_api_design.md', LF will be replaced by CRLF the next t\n... clipped ..."
        }
      }
    },
    "sourceRootAfterPrepare": {
      "label": "after-prepare",
      "statusShort": "M \"docs/MDTODO/20260609_\\351\\242\\221\\347\\216\\207\\345\\210\\244\\346\\226\\255_\\347\\224\\250\\346\\210\\267\\345\\217\\215\\351\\246\\210.md\"\n M docs/reference/projects/41-00426-20-Controller-Code/Slave_AC_Module/canopen_communication_usage.md\n M docs/reference/projects/71-00075-11/configuration_usage.md\n M docs/reference/projects/71-00075-11/control_algorithm_gap_closure_loopback_plan.md\n M docs/reference/projects/71-00075-11/control_algorithm_implementation_plan.md\n M docs/reference/projects/71-00075-11/current_implementation_acceptance_and_architecture.md\n M docs/reference/projects/71-00075-11/jsonrpce_api_design.md\n M docs/reference/projects/71-00075-11/original_spec_p0_p1_implementation_plan.md\n M docs/reference/projects/71-00075-11/real_hardware_regression_checklist.md\n M docs/reference/projects/71-00075-11/software_design.md\n m projects/71-00075-11\n?? .worktree/\n?? \"docs/MDTODO/details/20260609_\\351\\242\\221\\347\\216\\207\\345\\210\\244\\346\\226\\255_\\347\\224\\250\\346\\210\\267\\345\\217\\215\\351\\246\\210/20260611_152857_Task_Report.md\"\n?? \"docs/MDTODO/details/20260609_\\351\\242\\221\\347\\216\\207\\345\\210\\244\\346\\226\\255_\\347\\224\\250\\346\\210\\267\\345\\217\\215\\351\\246\\210/20260611_154822_Task_Report.md\"\n?? \"docs/MDTODO/details/20260609_\\351\\242\\221\\347\\216\\207\\345\\210\\244\\346\\226\\255_\\347\\224\\250\\346\\210\\267\\345\\217\\215\\351\\246\\210/20260611_155756_Task_Report.md\"\n?? \"docs/MDTODO/details/20260609_\\351\\242\\221\\347\\216\\207\\345\\210\\244\\346\\226\\255_\\347\\224\\250\\346\\210\\267\\345\\217\\215\\351\\246\\210/20260611_161550_Task_Report.md\"\n?? \"docs/MDTODO/details/20260609_\\351\\242\\221\\347\\216\\207\\345\\210\\244\\346\\226\\255_\\347\\224\\250\\346\\210\\267\\345\\217\\215\\351\\246\\210/20260611_162137_Task_Report.md\"\n?? \"docs/MDTODO/details/20260609_\\351\\242\\221\\347\\216\\207\\345\\210\\244\\346\\226\\255_\\347\\224\\250\\346\\210\\267\\345\\217\\215\\351\\246\\210/20260611_164205_Task_Report.md\"\n?? \"docs/MDTODO/details/20260609_\\351\\242\\221\\347\\216\\207\\345\\210\\244\\346\\226\\255_\\347\\224\\250\\346\\210\\267\\345\\217\\215\\351\\246\\210/20260611_165817_Task_Report.md\"\n?? \"docs/MDTODO/details/20260609_\\351\\242\\221\\347\\216\\207\\345\\210\\244\\346\\226\\255_\\347\\224\\250\\346\\210\\267\\345\\217\\215\\351\\246\\210/20260613_121137_Task_Report.md\"\n?? \"docs/MDTODO/details/20260609_\\351\\242\\221\\347\\216\\207\\345\\210\\244\\346\\226\\255_\\347\\224\\250\\346\\210\\267\\345\\217\\215\\351\\246\\210/20260613_213543_Task_Report.md\"\n?? \"docs/MDTODO/details/20260609_\\351\\242\\221\\347\\216\\207\\345\\210\\244\\346\\226\\255_\\347\\224\\250\\346\\210\\267\\345\\217\\215\\351\\246\\210/R4.1_Task_Report.md\"\n?? \"docs/MDTODO/details/20260609_\\351\\242\\221\\347\\216\\207\\345\\210\\244\\346\\226\\255_\\347\\224\\250\\346\\210\\267\\345\\217\\215\\351\\246\\210/R4_Task_Report.md\"",
      "diffStat": "...224\\250\\346\\210\\267\\345\\217\\215\\351\\246\\210.md\" | 91 ++++++++++++++++++++++\n .../Slave_AC_Module/canopen_communication_usage.md | 11 +++\n .../projects/71-00075-11/configuration_usage.md    |  6 +-\n .../control_algorithm_gap_closure_loopback_plan.md |  6 +-\n .../control_algorithm_implementation_plan.md       | 10 +--\n ...t_implementation_acceptance_and_architecture.md |  6 +-\n .../projects/71-00075-11/jsonrpce_api_design.md    |  7 +-\n .../original_spec_p0_p1_implementation_plan.md     |  6 +-\n .../real_hardware_regression_checklist.md          | 60 ++++++++++++++\n .../projects/71-00075-11/software_design.md        |  4 +-\n projects/71-00075-11                               |  0\n 11 files changed, 186 insertions(+), 21 deletions(-)",
      "diffSha256": "cfaf512a206e421e4e8b0fd1370437733c7564347e5355b20c40ce4b83b5438f",
      "diffBytes": 38908,
      "commands": {
        "status": {
          "label": "source-root-status",
          "httpStatus": 200,
          "exitCode": 0,
          "stdoutBytes": 2634,
          "stderr": ""
        },
        "diffStat": {
          "label": "source-root-diff-stat",
          "httpStatus": 200,
          "exitCode": 0,
          "stdoutBytes": 743,
          "stderr": "warning: in the working copy of 'docs/reference/projects/41-00426-20-Controller-Code/Slave_AC_Module/canopen_communication_usage.md', LF will be replaced by CRLF the next time Git touches it\nwarning: in the working copy of 'docs/reference/projects/71-00075-11/configuration_usage.md', LF will be replaced by CRLF the next time Git touches it\nwarning: in the working copy of 'docs/reference/projects/71-00075-11/control_algorithm_gap_closure_loopback_plan.md', LF will be replaced by CRLF the next time Git touches it\nwarning: in the working copy of 'docs/reference/projects/71-00075-11/control_algorithm_implementation_plan.md', LF will be replaced by CRLF the next time Git touches it\nwarning: in the working copy of 'docs/reference/projects/71-00075-11/current_implementation_acceptance_and_architecture.md', LF will be replaced by CRLF the next time Git touches it\nwarning: in the working copy of 'docs/reference/projects/71-00075-11/jsonrpce_api_design.md', LF will be replaced by CRLF the next t\n... clipped ..."
        },
        "diffPatch": {
          "label": "source-root-diff-patch",
          "httpStatus": 200,
          "exitCode": 0,
          "stdoutBytes": 38908,
          "stderr": "warning: in the working copy of 'docs/reference/projects/41-00426-20-Controller-Code/Slave_AC_Module/canopen_communication_usage.md', LF will be replaced by CRLF the next time Git touches it\nwarning: in the working copy of 'docs/reference/projects/71-00075-11/configuration_usage.md', LF will be replaced by CRLF the next time Git touches it\nwarning: in the working copy of 'docs/reference/projects/71-00075-11/control_algorithm_gap_closure_loopback_plan.md', LF will be replaced by CRLF the next time Git touches it\nwarning: in the working copy of 'docs/reference/projects/71-00075-11/control_algorithm_implementation_plan.md', LF will be replaced by CRLF the next time Git touches it\nwarning: in the working copy of 'docs/reference/projects/71-00075-11/current_implementation_acceptance_and_architecture.md', LF will be replaced by CRLF the next time Git touches it\nwarning: in the working copy of 'docs/reference/projects/71-00075-11/jsonrpce_api_design.md', LF will be replaced by CRLF the next t\n... clipped ..."
        }
      }
    },
    "sourceRootAfterAgent": {
      "label": "after-agent",
      "statusShort": "M \"docs/MDTODO/20260609_\\351\\242\\221\\347\\216\\207\\345\\210\\244\\346\\226\\255_\\347\\224\\250\\346\\210\\267\\345\\217\\215\\351\\246\\210.md\"\n M docs/reference/projects/41-00426-20-Controller-Code/Slave_AC_Module/canopen_communication_usage.md\n M docs/reference/projects/71-00075-11/configuration_usage.md\n M docs/reference/projects/71-00075-11/control_algorithm_gap_closure_loopback_plan.md\n M docs/reference/projects/71-00075-11/control_algorithm_implementation_plan.md\n M docs/reference/projects/71-00075-11/current_implementation_acceptance_and_architecture.md\n M docs/reference/projects/71-00075-11/jsonrpce_api_design.md\n M docs/reference/projects/71-00075-11/original_spec_p0_p1_implementation_plan.md\n M docs/reference/projects/71-00075-11/real_hardware_regression_checklist.md\n M docs/reference/projects/71-00075-11/software_design.md\n m projects/71-00075-11\n?? .worktree/\n?? \"docs/MDTODO/details/20260609_\\351\\242\\221\\347\\216\\207\\345\\210\\244\\346\\226\\255_\\347\\224\\250\\346\\210\\267\\345\\217\\215\\351\\246\\210/20260611_152857_Task_Report.md\"\n?? \"docs/MDTODO/details/20260609_\\351\\242\\221\\347\\216\\207\\345\\210\\244\\346\\226\\255_\\347\\224\\250\\346\\210\\267\\345\\217\\215\\351\\246\\210/20260611_154822_Task_Report.md\"\n?? \"docs/MDTODO/details/20260609_\\351\\242\\221\\347\\216\\207\\345\\210\\244\\346\\226\\255_\\347\\224\\250\\346\\210\\267\\345\\217\\215\\351\\246\\210/20260611_155756_Task_Report.md\"\n?? \"docs/MDTODO/details/20260609_\\351\\242\\221\\347\\216\\207\\345\\210\\244\\346\\226\\255_\\347\\224\\250\\346\\210\\267\\345\\217\\215\\351\\246\\210/20260611_161550_Task_Report.md\"\n?? \"docs/MDTODO/details/20260609_\\351\\242\\221\\347\\216\\207\\345\\210\\244\\346\\226\\255_\\347\\224\\250\\346\\210\\267\\345\\217\\215\\351\\246\\210/20260611_162137_Task_Report.md\"\n?? \"docs/MDTODO/details/20260609_\\351\\242\\221\\347\\216\\207\\345\\210\\244\\346\\226\\255_\\347\\224\\250\\346\\210\\267\\345\\217\\215\\351\\246\\210/20260611_164205_Task_Report.md\"\n?? \"docs/MDTODO/details/20260609_\\351\\242\\221\\347\\216\\207\\345\\210\\244\\346\\226\\255_\\347\\224\\250\\346\\210\\267\\345\\217\\215\\351\\246\\210/20260611_165817_Task_Report.md\"\n?? \"docs/MDTODO/details/20260609_\\351\\242\\221\\347\\216\\207\\345\\210\\244\\346\\226\\255_\\347\\224\\250\\346\\210\\267\\345\\217\\215\\351\\246\\210/20260613_121137_Task_Report.md\"\n?? \"docs/MDTODO/details/20260609_\\351\\242\\221\\347\\216\\207\\345\\210\\244\\346\\226\\255_\\347\\224\\250\\346\\210\\267\\345\\217\\215\\351\\246\\210/20260613_213543_Task_Report.md\"\n?? \"docs/MDTODO/details/20260609_\\351\\242\\221\\347\\216\\207\\345\\210\\244\\346\\226\\255_\\347\\224\\250\\346\\210\\267\\345\\217\\215\\351\\246\\210/R4.1_Task_Report.md\"\n?? \"docs/MDTODO/details/20260609_\\351\\242\\221\\347\\216\\207\\345\\210\\244\\346\\226\\255_\\347\\224\\250\\346\\210\\267\\345\\217\\215\\351\\246\\210/R4_Task_Report.md\"",
      "diffStat": "...224\\250\\346\\210\\267\\345\\217\\215\\351\\246\\210.md\" | 91 ++++++++++++++++++++++\n .../Slave_AC_Module/canopen_communication_usage.md | 11 +++\n .../projects/71-00075-11/configuration_usage.md    |  6 +-\n .../control_algorithm_gap_closure_loopback_plan.md |  6 +-\n .../control_algorithm_implementation_plan.md       | 10 +--\n ...t_implementation_acceptance_and_architecture.md |  6 +-\n .../projects/71-00075-11/jsonrpce_api_design.md    |  7 +-\n .../original_spec_p0_p1_implementation_plan.md     |  6 +-\n .../real_hardware_regression_checklist.md          | 60 ++++++++++++++\n .../projects/71-00075-11/software_design.md        |  4 +-\n projects/71-00075-11                               |  0\n 11 files changed, 186 insertions(+), 21 deletions(-)",
      "diffSha256": "cfaf512a206e421e4e8b0fd1370437733c7564347e5355b20c40ce4b83b5438f",
      "diffBytes": 38908,
      "commands": {
        "status": {
          "label": "source-root-status",
          "httpStatus": 200,
          "exitCode": 0,
          "stdoutBytes": 2634,
          "stderr": ""
        },
        "diffStat": {
          "label": "source-root-diff-stat",
          "httpStatus": 200,
          "exitCode": 0,
          "stdoutBytes": 743,
          "stderr": "warning: in the working copy of 'docs/reference/projects/41-00426-20-Controller-Code/Slave_AC_Module/canopen_communication_usage.md', LF will be replaced by CRLF the next time Git touches it\nwarning: in the working copy of 'docs/reference/projects/71-00075-11/configuration_usage.md', LF will be replaced by CRLF the next time Git touches it\nwarning: in the working copy of 'docs/reference/projects/71-00075-11/control_algorithm_gap_closure_loopback_plan.md', LF will be replaced by CRLF the next time Git touches it\nwarning: in the working copy of 'docs/reference/projects/71-00075-11/control_algorithm_implementation_plan.md', LF will be replaced by CRLF the next time Git touches it\nwarning: in the working copy of 'docs/reference/projects/71-00075-11/current_implementation_acceptance_and_architecture.md', LF will be replaced by CRLF the next time Git touches it\nwarning: in the working copy of 'docs/reference/projects/71-00075-11/jsonrpce_api_design.md', LF will be replaced by CRLF the next t\n... clipped ..."
        },
        "diffPatch": {
          "label": "source-root-diff-patch",
          "httpStatus": 200,
          "exitCode": 0,
          "stdoutBytes": 38908,
          "stderr": "warning: in the working copy of 'docs/reference/projects/41-00426-20-Controller-Code/Slave_AC_Module/canopen_communication_usage.md', LF will be replaced by CRLF the next time Git touches it\nwarning: in the working copy of 'docs/reference/projects/71-00075-11/configuration_usage.md', LF will be replaced by CRLF the next time Git touches it\nwarning: in the working copy of 'docs/reference/projects/71-00075-11/control_algorithm_gap_closure_loopback_plan.md', LF will be replaced by CRLF the next time Git touches it\nwarning: in the working copy of 'docs/reference/projects/71-00075-11/control_algorithm_implementation_plan.md', LF will be replaced by CRLF the next time Git touches it\nwarning: in the working copy of 'docs/reference/projects/71-00075-11/current_implementation_acceptance_and_architecture.md', LF will be replaced by CRLF the next time Git touches it\nwarning: in the working copy of 'docs/reference/projects/71-00075-11/jsonrpce_api_design.md', LF will be replaced by CRLF the next t\n... clipped ..."
        }
      }
    },
    "sourceRootChangedAfterPrepare": false,
    "sourceRootChangedAfterAgent": false,
    "requests": [
      {
        "label": "status",
        "httpStatus": 200,
        "exitCode": 0,
        "stdoutBytes": 22,
        "stderr": ""
      },
      {
        "label": "diff-stat",
        "httpStatus": 200,
        "exitCode": 0,
        "stdoutBytes": 73,
        "stderr": ""
      },
      {
        "label": "diff-patch",
        "httpStatus": 200,
        "exitCode": 0,
        "stdoutBytes": 248,
        "stderr": ""
      },
      {
        "label": "submodule-status:projects/71-00075-11",
        "httpStatus": 200,
        "exitCode": 0,
        "stdoutBytes": 105,
        "stderr": ""
      },
      {
        "label": "submodule-diff-stat:projects/71-00075-11",
        "httpStatus": 200,
        "exitCode": 0,
        "stdoutBytes": 102,
        "stderr": "warning: in the working copy of 'FirmWare/MDK-ARM/RTE/_FREQ_Controller_FW/RTE_Components.h', LF will be replaced by CRLF the next time Git touches it"
      },
      {
        "label": "submodule-diff-patch:projects/71-00075-11",
        "httpStatus": 200,
        "exitCode": 0,
        "stdoutBytes": 1737,
        "stderr": "warning: in the working copy of 'FirmWare/MDK-ARM/RTE/_FREQ_Controller_FW/RTE_Components.h', LF will be replaced by CRLF the next time Git touches it"
      },
      {
        "label": "source-root-baseline",
        "statusShort": "M \"docs/MDTODO/20260609_\\351\\242\\221\\347\\216\\207\\345\\210\\244\\346\\226\\255_\\347\\224\\250\\346\\210\\267\\345\\217\\215\\351\\246\\210.md\"\n M docs/reference/projects/41-00426-20-Controller-Code/Slave_AC_Module/canopen_communication_usage.md\n M docs/reference/projects/71-00075-11/configuration_usage.md\n M docs/reference/projects/71-00075-11/control_algorithm_gap_closure_loopback_plan.md\n M docs/reference/projects/71-00075-11/control_algorithm_implementation_plan.md\n M docs/reference/projects/71-00075-11/current_implementation_acceptance_and_architecture.md\n M docs/reference/projects/71-00075-11/jsonrpce_api_design.md\n M docs/reference/projects/71-00075-11/original_spec_p0_p1_implementation_plan.md\n M docs/reference/projects/71-00075-11/real_hardware_regression_checklist.md\n M docs/reference/projects/71-00075-11/software_design.md\n m projects/71-00075-11\n?? .worktree/\n?? \"docs/MDTODO/details/20260609_\\351\\242\\221\\347\\216\\207\\345\\210\\244\\346\\226\\255_\\347\\224\\250\\346\\210\\267\\345\\217\\215\\351\\246\\210/20260611_152857_Task_Report.md\"\n?? \"docs/MDTODO/details/20260609_\\351\\242\\221\\347\\216\\207\\345\\210\\244\\346\\226\\255_\\347\\224\\250\\346\\210\\267\\345\\217\\215\\351\\246\\210/20260611_154822_Task_Report.md\"\n?? \"docs/MDTODO/details/20260609_\\351\\242\\221\\347\\216\\207\\345\\210\\244\\346\\226\\255_\\347\\224\\250\\346\\210\\267\\345\\217\\215\\351\\246\\210/20260611_155756_Task_Report.md\"\n?? \"docs/MDTODO/details/20260609_\\351\\242\\221\\347\\216\\207\\345\\210\\244\\346\\226\\255_\\347\\224\\250\\346\\210\\267\\345\\217\\215\\351\\246\\210/20260611_161550_Task_Report.md\"\n?? \"docs/MDTODO/details/20260609_\\351\\242\\221\\347\\216\\207\\345\\210\\244\\346\\226\\255_\\347\\224\\250\\346\\210\\267\\345\\217\\215\\351\\246\\210/20260611_162137_Task_Report.md\"\n?? \"docs/MDTODO/details/20260609_\\351\\242\\221\\347\\216\\207\\345\\210\\244\\346\\226\\255_\\347\\224\\250\\346\\210\\267\\345\\217\\215\\351\\246\\210/20260611_164205_Task_Report.md\"\n?? \"docs/MDTODO/details/20260609_\\351\\242\\221\\347\\216\\207\\345\\210\\244\\346\\226\\255_\\347\\224\\250\\346\\210\\267\\345\\217\\215\\351\\246\\210/20260611_165817_Task_Report.md\"\n?? \"docs/MDTODO/details/20260609_\\351\\242\\221\\347\\216\\207\\345\\210\\244\\346\\226\\255_\\347\\224\\250\\346\\210\\267\\345\\217\\215\\351\\246\\210/20260613_121137_Task_Report.md\"\n?? \"docs/MDTODO/details/20260609_\\351\\242\\221\\347\\216\\207\\345\\210\\244\\346\\226\\255_\\347\\224\\250\\346\\210\\267\\345\\217\\215\\351\\246\\210/20260613_213543_Task_Report.md\"\n?? \"docs/MDTODO/details/20260609_\\351\\242\\221\\347\\216\\207\\345\\210\\244\\346\\226\\255_\\347\\224\\250\\346\\210\\267\\345\\217\\215\\351\\246\\210/R4.1_Task_Report.md\"\n?? \"docs/MDTODO/details/20260609_\\351\\242\\221\\347\\216\\207\\345\\210\\244\\346\\226\\255_\\347\\224\\250\\346\\210\\267\\345\\217\\215\\351\\246\\210/R4_Task_Report.md\"",
        "diffSha256": "cfaf512a206e421e4e8b0fd1370437733c7564347e5355b20c40ce4b83b5438f"
      },
      {
        "label": "source-root-after-prepare",
        "statusShort": "M \"docs/MDTODO/20260609_\\351\\242\\221\\347\\216\\207\\345\\210\\244\\346\\226\\255_\\347\\224\\250\\346\\210\\267\\345\\217\\215\\351\\246\\210.md\"\n M docs/reference/projects/41-00426-20-Controller-Code/Slave_AC_Module/canopen_communication_usage.md\n M docs/reference/projects/71-00075-11/configuration_usage.md\n M docs/reference/projects/71-00075-11/control_algorithm_gap_closure_loopback_plan.md\n M docs/reference/projects/71-00075-11/control_algorithm_implementation_plan.md\n M docs/reference/projects/71-00075-11/current_implementation_acceptance_and_architecture.md\n M docs/reference/projects/71-00075-11/jsonrpce_api_design.md\n M docs/reference/projects/71-00075-11/original_spec_p0_p1_implementation_plan.md\n M docs/reference/projects/71-00075-11/real_hardware_regression_checklist.md\n M docs/reference/projects/71-00075-11/software_design.md\n m projects/71-00075-11\n?? .worktree/\n?? \"docs/MDTODO/details/20260609_\\351\\242\\221\\347\\216\\207\\345\\210\\244\\346\\226\\255_\\347\\224\\250\\346\\210\\267\\345\\217\\215\\351\\246\\210/20260611_152857_Task_Report.md\"\n?? \"docs/MDTODO/details/20260609_\\351\\242\\221\\347\\216\\207\\345\\210\\244\\346\\226\\255_\\347\\224\\250\\346\\210\\267\\345\\217\\215\\351\\246\\210/20260611_154822_Task_Report.md\"\n?? \"docs/MDTODO/details/20260609_\\351\\242\\221\\347\\216\\207\\345\\210\\244\\346\\226\\255_\\347\\224\\250\\346\\210\\267\\345\\217\\215\\351\\246\\210/20260611_155756_Task_Report.md\"\n?? \"docs/MDTODO/details/20260609_\\351\\242\\221\\347\\216\\207\\345\\210\\244\\346\\226\\255_\\347\\224\\250\\346\\210\\267\\345\\217\\215\\351\\246\\210/20260611_161550_Task_Report.md\"\n?? \"docs/MDTODO/details/20260609_\\351\\242\\221\\347\\216\\207\\345\\210\\244\\346\\226\\255_\\347\\224\\250\\346\\210\\267\\345\\217\\215\\351\\246\\210/20260611_162137_Task_Report.md\"\n?? \"docs/MDTODO/details/20260609_\\351\\242\\221\\347\\216\\207\\345\\210\\244\\346\\226\\255_\\347\\224\\250\\346\\210\\267\\345\\217\\215\\351\\246\\210/20260611_164205_Task_Report.md\"\n?? \"docs/MDTODO/details/20260609_\\351\\242\\221\\347\\216\\207\\345\\210\\244\\346\\226\\255_\\347\\224\\250\\346\\210\\267\\345\\217\\215\\351\\246\\210/20260611_165817_Task_Report.md\"\n?? \"docs/MDTODO/details/20260609_\\351\\242\\221\\347\\216\\207\\345\\210\\244\\346\\226\\255_\\347\\224\\250\\346\\210\\267\\345\\217\\215\\351\\246\\210/20260613_121137_Task_Report.md\"\n?? \"docs/MDTODO/details/20260609_\\351\\242\\221\\347\\216\\207\\345\\210\\244\\346\\226\\255_\\347\\224\\250\\346\\210\\267\\345\\217\\215\\351\\246\\210/20260613_213543_Task_Report.md\"\n?? \"docs/MDTODO/details/20260609_\\351\\242\\221\\347\\216\\207\\345\\210\\244\\346\\226\\255_\\347\\224\\250\\346\\210\\267\\345\\217\\215\\351\\246\\210/R4.1_Task_Report.md\"\n?? \"docs/MDTODO/details/20260609_\\351\\242\\221\\347\\216\\207\\345\\210\\244\\346\\226\\255_\\347\\224\\250\\346\\210\\267\\345\\217\\215\\351\\246\\210/R4_Task_Report.md\"",
        "diffSha256": "cfaf512a206e421e4e8b0fd1370437733c7564347e5355b20c40ce4b83b5438f"
      },
      {
        "label": "source-root-after-agent",
        "statusShort": "M \"docs/MDTODO/20260609_\\351\\242\\221\\347\\216\\207\\345\\210\\244\\346\\226\\255_\\347\\224\\250\\346\\210\\267\\345\\217\\215\\351\\246\\210.md\"\n M docs/reference/projects/41-00426-20-Controller-Code/Slave_AC_Module/canopen_communication_usage.md\n M docs/reference/projects/71-00075-11/configuration_usage.md\n M docs/reference/projects/71-00075-11/control_algorithm_gap_closure_loopback_plan.md\n M docs/reference/projects/71-00075-11/control_algorithm_implementation_plan.md\n M docs/reference/projects/71-00075-11/current_implementation_acceptance_and_architecture.md\n M docs/reference/projects/71-00075-11/jsonrpce_api_design.md\n M docs/reference/projects/71-00075-11/original_spec_p0_p1_implementation_plan.md\n M docs/reference/projects/71-00075-11/real_hardware_regression_checklist.md\n M docs/reference/projects/71-00075-11/software_design.md\n m projects/71-00075-11\n?? .worktree/\n?? \"docs/MDTODO/details/20260609_\\351\\242\\221\\347\\216\\207\\345\\210\\244\\346\\226\\255_\\347\\224\\250\\346\\210\\267\\345\\217\\215\\351\\246\\210/20260611_152857_Task_Report.md\"\n?? \"docs/MDTODO/details/20260609_\\351\\242\\221\\347\\216\\207\\345\\210\\244\\346\\226\\255_\\347\\224\\250\\346\\210\\267\\345\\217\\215\\351\\246\\210/20260611_154822_Task_Report.md\"\n?? \"docs/MDTODO/details/20260609_\\351\\242\\221\\347\\216\\207\\345\\210\\244\\346\\226\\255_\\347\\224\\250\\346\\210\\267\\345\\217\\215\\351\\246\\210/20260611_155756_Task_Report.md\"\n?? \"docs/MDTODO/details/20260609_\\351\\242\\221\\347\\216\\207\\345\\210\\244\\346\\226\\255_\\347\\224\\250\\346\\210\\267\\345\\217\\215\\351\\246\\210/20260611_161550_Task_Report.md\"\n?? \"docs/MDTODO/details/20260609_\\351\\242\\221\\347\\216\\207\\345\\210\\244\\346\\226\\255_\\347\\224\\250\\346\\210\\267\\345\\217\\215\\351\\246\\210/20260611_162137_Task_Report.md\"\n?? \"docs/MDTODO/details/20260609_\\351\\242\\221\\347\\216\\207\\345\\210\\244\\346\\226\\255_\\347\\224\\250\\346\\210\\267\\345\\217\\215\\351\\246\\210/20260611_164205_Task_Report.md\"\n?? \"docs/MDTODO/details/20260609_\\351\\242\\221\\347\\216\\207\\345\\210\\244\\346\\226\\255_\\347\\224\\250\\346\\210\\267\\345\\217\\215\\351\\246\\210/20260611_165817_Task_Report.md\"\n?? \"docs/MDTODO/details/20260609_\\351\\242\\221\\347\\216\\207\\345\\210\\244\\346\\226\\255_\\347\\224\\250\\346\\210\\267\\345\\217\\215\\351\\246\\210/20260613_121137_Task_Report.md\"\n?? \"docs/MDTODO/details/20260609_\\351\\242\\221\\347\\216\\207\\345\\210\\244\\346\\226\\255_\\347\\224\\250\\346\\210\\267\\345\\217\\215\\351\\246\\210/20260613_213543_Task_Report.md\"\n?? \"docs/MDTODO/details/20260609_\\351\\242\\221\\347\\216\\207\\345\\210\\244\\346\\226\\255_\\347\\224\\250\\346\\210\\267\\345\\217\\215\\351\\246\\210/R4.1_Task_Report.md\"\n?? \"docs/MDTODO/details/20260609_\\351\\242\\221\\347\\216\\207\\345\\210\\244\\346\\226\\255_\\347\\224\\250\\346\\210\\267\\345\\217\\215\\351\\246\\210/R4_Task_Report.md\"",
        "diffSha256": "cfaf512a206e421e4e8b0fd1370437733c7564347e5355b20c40ce4b83b5438f"
      }
    ]
  },
  "build": {
    "status": "recorded",
    "autoEvaluation": false,
    "traceLookup": {
      "source": "hwlab-cli.client.agent",
      "strategy": "id_plus_existing_cli",
      "note": "CaseRun records trace/session identity and reuses existing HWLAB Web-equivalent agent CLI for trace/result/inspect; it does not implement a separate trace query path.",
      "baseUrl": "http://74.48.78.17:19666",
      "traceId": "trc_case_constart-71freq-ao-ioprobe-repair_9f25ef24dfd6410ab64396cf1195d51b",
      "sessionId": "ses_b7677e50-06d1-4190-87d2-491ff2a13c64",
      "conversationId": "cnv_case_constart-71freq-ao-ioprobe-repair_constart-71freq-ao-ioprobe-repair-20260614052517-641c9492",
      "commands": {
        "result": "hwlab-cli client agent result trc_case_constart-71freq-ao-ioprobe-repair_9f25ef24dfd6410ab64396cf1195d51b",
        "trace": "hwlab-cli client agent trace trc_case_constart-71freq-ao-ioprobe-repair_9f25ef24dfd6410ab64396cf1195d51b --render web",
        "traceFull": "hwlab-cli client agent trace trc_case_constart-71freq-ao-ioprobe-repair_9f25ef24dfd6410ab64396cf1195d51b --render web --full",
        "inspect": "hwlab-cli client agent inspect --trace-id trc_case_constart-71freq-ao-ioprobe-repair_9f25ef24dfd6410ab64396cf1195d51b",
        "sessionStatus": "hwlab-cli client agent session status ses_b7677e50-06d1-4190-87d2-491ff2a13c64"
      }
    },
    "agentTerminalStatus": "completed",
    "agentCommandStatus": "completed",
    "agentToolCallSummary": null,
    "agentTraceCommandCount": 38,
    "agentTraceHwpodCommandCount": 38,
    "agentStage": {
      "source": "agent-trace-commands",
      "autoEvaluation": false,
      "commands": [
        {
          "kind": "spec-validate",
          "seq": 27,
          "exitCode": 0,
          "command": "hwpod-ctl spec validate --hwpod-id constart-71freq-c --workspace-path \"F:\\Work\\ConStart\\.worktree\\caserun-constart-71freq-ao-ioprobe-repair-20260614052517-641c9492",
          "detail": "stdout: { \"ok\": true, \"action\": \"hwpod-ctl.spec.validate\", \"status\": \"succeeded\", \"specPath\": \"/home/agentrun/workspaces/gitbundle-bd8af3b3e5f52f99/workspace/tools/hwpod-specs/constart-71freq-c.yaml\", \"hwpodId\": \"constart-71freq-c\", \"specAuthority\": \"gitbundle-bundled-spec\", \"resolvedAuthority\": { \"hwpodId\": \"constart-71freq-c\", \"specPath\": \"/home/agentrun/workspaces/gitbundle-bd8af3b3e5f52f99/workspace/tools/hwpod-specs/constart-71freq-c.yaml\", \"specAuthority\": \"gitbundle-bundled-spec\", \"workspacePath\": \"F:\\\\Work\\\\ConStart\\\\.worktree\\\\caserun-constart-71freq-ao-ioprobe-repair-20260614052517-641c94... exitCode=0 durationMs=0 outputBytes=4240 outputTruncated=true sourceSeq=22"
        },
        {
          "kind": "inspect",
          "seq": 31,
          "exitCode": 0,
          "command": "hwpod inspect --hwpod-id constart-71freq-c --workspace-path \"F:\\Work\\ConStart\\.worktree\\caserun-constart-71freq-ao-ioprobe-repair-20260614052517-641c9492",
          "detail": "stdout: { \"ok\": true, \"action\": \"hwpod-cli.invoke\", \"status\": \"completed\", \"specPath\": \"/home/agentrun/workspaces/gitbundle-bd8af3b3e5f52f99/workspace/tools/hwpod-specs/constart-71freq-c.yaml\", \"hwpodId\": \"constart-71freq-c\", \"specAuthority\": \"gitbundle-bundled-spec\", \"resolvedAuthority\": { \"hwpodId\": \"constart-71freq-c\", \"specPath\": \"/home/agentrun/workspaces/gitbundle-bd8af3b3e5f52f99/workspace/tools/hwpod-specs/constart-71freq-c.yaml\", \"specAuthority\": \"gitbundle-bundled-spec\", \"workspacePath\": \"F:\\\\Work\\\\ConStart\\\\.worktree\\\\caserun-constart-71freq-ao-ioprobe-repair-20260614052517-641c9492\", \"e... exitCode=0 durationMs=1079 outputBytes=4070 outputTruncated=true sourceSeq=26"
        },
        {
          "kind": "workspace-edit",
          "seq": 65,
          "exitCode": 0,
          "command": "hwpod workspace apply-patch --reason \"model bad AO current calibration baseline\" --hwpod-id constart-71freq-c --workspace-path \"F:\\Work\\ConStart\\.worktree\\caserun-constart-71freq-ao-ioprobe-repair-20260614052517-641c9492\" *** Begin Patch *** Update File: projects/71-00075-11/FirmWare/APP/driver/aout.c @@ -#define AO_CAL_ZERO_UA 39U +#define AO_CAL_ZERO_UA 0U #define AO_CAL_DUTY_NUM 100000U -#define AO_CAL_DUTY_DEN 170375U +#define AO_CAL_DUTY_DEN 200000U *** End Patch PATCH",
          "detail": "stdout: { \"ok\": true, \"action\": \"hwpod-cli.invoke\", \"status\": \"completed\", \"specPath\": \"/home/agentrun/workspaces/gitbundle-bd8af3b3e5f52f99/workspace/tools/hwpod-specs/constart-71freq-c.yaml\", \"hwpodId\": \"constart-71freq-c\", \"specAuthority\": \"gitbundle-bundled-spec\", \"resolvedAuthority\": { \"hwpodId\": \"constart-71freq-c\", \"specPath\": \"/home/agentrun/workspaces/gitbundle-bd8af3b3e5f52f99/workspace/tools/hwpod-specs/constart-71freq-c.yaml\", \"specAuthority\": \"gitbundle-bundled-spec\", \"workspacePath\": \"F:\\\\Work\\\\ConStart\\\\.worktree\\\\caserun-constart-71freq-ao-ioprobe-repair-20260614052517-641c9492\", \"e... exitCode=0 durationMs=1224 outputBytes=4576 outputTruncated=true sourceSeq=60"
        },
        {
          "kind": "build",
          "seq": 70,
          "exitCode": 0,
          "command": "hwpod build --hwpod-id constart-71freq-c --workspace-path \"F:\\Work\\ConStart\\.worktree\\caserun-constart-71freq-ao-ioprobe-repair-20260614052517-641c9492",
          "detail": "stdout: { \"ok\": true, \"action\": \"hwpod-cli.invoke\", \"status\": \"completed\", \"specPath\": \"/home/agentrun/workspaces/gitbundle-bd8af3b3e5f52f99/workspace/tools/hwpod-specs/constart-71freq-c.yaml\", \"hwpodId\": \"constart-71freq-c\", \"specAuthority\": \"gitbundle-bundled-spec\", \"resolvedAuthority\": { \"hwpodId\": \"constart-71freq-c\", \"specPath\": \"/home/agentrun/workspaces/gitbundle-bd8af3b3e5f52f99/workspace/tools/hwpod-specs/constart-71freq-c.yaml\", \"specAuthority\": \"gitbundle-bundled-spec\", \"workspacePath\": \"F:\\\\Work\\\\ConStart\\\\.worktree\\\\caserun-constart-71freq-ao-ioprobe-repair-20260614052517-641c9492\", \"e... exitCode=0 durationMs=1179 outputBytes=4231 outputTruncated=true sourceSeq=65"
        },
        {
          "kind": "download",
          "seq": 86,
          "exitCode": 0,
          "command": "hwpod download --hwpod-id constart-71freq-c --workspace-path \"F:\\Work\\ConStart\\.worktree\\caserun-constart-71freq-ao-ioprobe-repair-20260614052517-641c9492",
          "detail": "stdout: { \"ok\": true, \"action\": \"hwpod-cli.invoke\", \"status\": \"completed\", \"specPath\": \"/home/agentrun/workspaces/gitbundle-bd8af3b3e5f52f99/workspace/tools/hwpod-specs/constart-71freq-c.yaml\", \"hwpodId\": \"constart-71freq-c\", \"specAuthority\": \"gitbundle-bundled-spec\", \"resolvedAuthority\": { \"hwpodId\": \"constart-71freq-c\", \"specPath\": \"/home/agentrun/workspaces/gitbundle-bd8af3b3e5f52f99/workspace/tools/hwpod-specs/constart-71freq-c.yaml\", \"specAuthority\": \"gitbundle-bundled-spec\", \"workspacePath\": \"F:\\\\Work\\\\ConStart\\\\.worktree\\\\caserun-constart-71freq-ao-ioprobe-repair-20260614052517-641c9492\", \"e... exitCode=0 durationMs=2122 outputBytes=4234 outputTruncated=true sourceSeq=81"
        },
        {
          "kind": "io-probe-read",
          "seq": 124,
          "exitCode": 0,
          "command": "hwpod io-probe read main41.ai0.current --hwpod-id constart-71freq-c --workspace-path \"F:\\Work\\ConStart\\.worktree\\caserun-constart-71freq-ao-ioprobe-repair-20260614052517-641c9492",
          "detail": "stdout: { \"ok\": true, \"action\": \"hwpod-cli.invoke\", \"status\": \"completed\", \"specPath\": \"/home/agentrun/workspaces/gitbundle-bd8af3b3e5f52f99/workspace/tools/hwpod-specs/constart-71freq-c.yaml\", \"hwpodId\": \"constart-71freq-c\", \"specAuthority\": \"gitbundle-bundled-spec\", \"resolvedAuthority\": { \"hwpodId\": \"constart-71freq-c\", \"specPath\": \"/home/agentrun/workspaces/gitbundle-bd8af3b3e5f52f99/workspace/tools/hwpod-specs/constart-71freq-c.yaml\", \"specAuthority\": \"gitbundle-bundled-spec\", \"workspacePath\": \"F:\\\\Work\\\\ConStart\\\\.worktree\\\\caserun-constart-71freq-ao-ioprobe-repair-20260614052517-641c9492\", \"e... exitCode=0 durationMs=3654 outputBytes=4258 outputTruncated=true sourceSeq=119"
        },
        {
          "kind": "board-comm",
          "seq": 115,
          "exitCode": 0,
          "command": "hwpod board-comm jrpctcp put hardware/ao/current/8000 --hwpod-id constart-71freq-c --workspace-path \"F:\\Work\\ConStart\\.worktree\\caserun-constart-71freq-ao-ioprobe-repair-20260614052517-641c9492",
          "detail": "stdout: { \"ok\": true, \"action\": \"hwpod-cli.invoke\", \"status\": \"completed\", \"specPath\": \"/home/agentrun/workspaces/gitbundle-bd8af3b3e5f52f99/workspace/tools/hwpod-specs/constart-71freq-c.yaml\", \"hwpodId\": \"constart-71freq-c\", \"specAuthority\": \"gitbundle-bundled-spec\", \"resolvedAuthority\": { \"hwpodId\": \"constart-71freq-c\", \"specPath\": \"/home/agentrun/workspaces/gitbundle-bd8af3b3e5f52f99/workspace/tools/hwpod-specs/constart-71freq-c.yaml\", \"specAuthority\": \"gitbundle-bundled-spec\", \"workspacePath\": \"F:\\\\Work\\\\ConStart\\\\.worktree\\\\caserun-constart-71freq-ao-ioprobe-repair-20260614052517-641c9492\", \"e... exitCode=0 durationMs=1501 outputBytes=4273 outputTruncated=true sourceSeq=110"
        },
        {
          "kind": "board-comm",
          "seq": 102,
          "exitCode": 0,
          "command": "hwpod board-comm jrpctcp put hardware/ao/current/4000 --hwpod-id constart-71freq-c --workspace-path \"F:\\Work\\ConStart\\.worktree\\caserun-constart-71freq-ao-ioprobe-repair-20260614052517-641c9492",
          "detail": "stdout: { \"ok\": true, \"action\": \"hwpod-cli.invoke\", \"status\": \"completed\", \"specPath\": \"/home/agentrun/workspaces/gitbundle-bd8af3b3e5f52f99/workspace/tools/hwpod-specs/constart-71freq-c.yaml\", \"hwpodId\": \"constart-71freq-c\", \"specAuthority\": \"gitbundle-bundled-spec\", \"resolvedAuthority\": { \"hwpodId\": \"constart-71freq-c\", \"specPath\": \"/home/agentrun/workspaces/gitbundle-bd8af3b3e5f52f99/workspace/tools/hwpod-specs/constart-71freq-c.yaml\", \"specAuthority\": \"gitbundle-bundled-spec\", \"workspacePath\": \"F:\\\\Work\\\\ConStart\\\\.worktree\\\\caserun-constart-71freq-ao-ioprobe-repair-20260614052517-641c9492\", \"e... exitCode=0 durationMs=3621 outputBytes=4273 outputTruncated=true sourceSeq=97"
        },
        {
          "kind": "hwpod-other",
          "seq": 33,
          "exitCode": 0,
          "command": "hwpod io-probe inspect main41.ai0.current --hwpod-id constart-71freq-c --workspace-path \"F:\\Work\\ConStart\\.worktree\\caserun-constart-71freq-ao-ioprobe-repair-20260614052517-641c9492",
          "detail": "stdout: { \"ok\": true, \"action\": \"hwpod-cli.io-probe.inspect\", \"status\": \"succeeded\", \"specPath\": \"/home/agentrun/workspaces/gitbundle-bd8af3b3e5f52f99/workspace/tools/hwpod-specs/constart-71freq-c.yaml\", \"hwpodId\": \"constart-71freq-c\", \"specAuthority\": \"gitbundle-bundled-spec\", \"resolvedAuthority\": { \"hwpodId\": \"constart-71freq-c\", \"specPath\": \"/home/agentrun/workspaces/gitbundle-bd8af3b3e5f52f99/workspace/tools/hwpod-specs/constart-71freq-c.yaml\", \"specAuthority\": \"gitbundle-bundled-spec\", \"workspacePath\": \"F:\\\\Work\\\\ConStart\\\\.worktree\\\\caserun-constart-71freq-ao-ioprobe-repair-20260614052517-641... exitCode=0 durationMs=0 outputBytes=2501 sourceSeq=28"
        },
        {
          "kind": "hwpod-other",
          "seq": 44,
          "exitCode": 0,
          "command": "hwpod workspace --help --hwpod-id constart-71freq-c --workspace-path \"F:\\Work\\ConStart\\.worktree\\caserun-constart-71freq-ao-ioprobe-repair-20260614052517-641c9492",
          "detail": "stdout: { \"ok\": true, \"action\": \"hwpod-cli.workspace.help\", \"status\": \"succeeded\", \"contractVersion\": \"hwpod-node-ops-v1\", \"command\": \"workspace\", \"subcommand\": null, \"applyPatchExample\": \"cat > /tmp/hwpod.patch <<'PATCH'\\n*** Begin Patch\\n*** Update File: projects/01_baseline/User/main.c\\n@@\\n #include \\\"d601_lcd.h\\\"\\n+#include \\\"d601_arm2d_demo.h\\\"\\n \\n int main(void)\\n@@\\n d601_lcd_init();\\n+ d601_arm2d_demo_show();\\n*** End Patch\\nPATCH\\ncat /tmp/hwpod.patch | hwpod workspace apply-patch --reason \\\"edit subject workspace through hwpod-node\\\"\", \"applyPatchRules\": [ \"Use a multi-line Codex/UniDes... exitCode=0 durationMs=0 outputBytes=2871 sourceSeq=39"
        },
        {
          "kind": "hwpod-other",
          "seq": 48,
          "exitCode": 0,
          "command": "hwpod cmd git rev-parse HEAD --hwpod-id constart-71freq-c --workspace-path \"F:\\Work\\ConStart\\.worktree\\caserun-constart-71freq-ao-ioprobe-repair-20260614052517-641c9492",
          "detail": "stdout: { \"ok\": true, \"action\": \"hwpod-cli.invoke\", \"status\": \"completed\", \"specPath\": \"/home/agentrun/workspaces/gitbundle-bd8af3b3e5f52f99/workspace/tools/hwpod-specs/constart-71freq-c.yaml\", \"hwpodId\": \"constart-71freq-c\", \"specAuthority\": \"gitbundle-bundled-spec\", \"resolvedAuthority\": { \"hwpodId\": \"constart-71freq-c\", \"specPath\": \"/home/agentrun/workspaces/gitbundle-bd8af3b3e5f52f99/workspace/tools/hwpod-specs/constart-71freq-c.yaml\", \"specAuthority\": \"gitbundle-bundled-spec\", \"workspacePath\": \"F:\\\\Work\\\\ConStart\\\\.worktree\\\\caserun-constart-71freq-ao-ioprobe-repair-20260614052517-641c9492\", \"e... exitCode=0 durationMs=952 outputBytes=4247 outputTruncated=true sourceSeq=43"
        },
        {
          "kind": "hwpod-other",
          "seq": 54,
          "exitCode": 0,
          "command": "hwpod cmd git -C projects/71-00075-11 rev-parse HEAD --hwpod-id constart-71freq-c --workspace-path \"F:\\Work\\ConStart\\.worktree\\caserun-constart-71freq-ao-ioprobe-repair-20260614052517-641c9492",
          "detail": "stdout: { \"ok\": true, \"action\": \"hwpod-cli.invoke\", \"status\": \"completed\", \"specPath\": \"/home/agentrun/workspaces/gitbundle-bd8af3b3e5f52f99/workspace/tools/hwpod-specs/constart-71freq-c.yaml\", \"hwpodId\": \"constart-71freq-c\", \"specAuthority\": \"gitbundle-bundled-spec\", \"resolvedAuthority\": { \"hwpodId\": \"constart-71freq-c\", \"specPath\": \"/home/agentrun/workspaces/gitbundle-bd8af3b3e5f52f99/workspace/tools/hwpod-specs/constart-71freq-c.yaml\", \"specAuthority\": \"gitbundle-bundled-spec\", \"workspacePath\": \"F:\\\\Work\\\\ConStart\\\\.worktree\\\\caserun-constart-71freq-ao-ioprobe-repair-20260614052517-641c9492\", \"e... exitCode=0 durationMs=840 outputBytes=4271 outputTruncated=true sourceSeq=49"
        },
        {
          "kind": "hwpod-other",
          "seq": 56,
          "exitCode": 0,
          "command": "hwpod workspace cat projects/71-00075-11/FirmWare/APP/driver/aout.c --hwpod-id constart-71freq-c --workspace-path \"F:\\Work\\ConStart\\.worktree\\caserun-constart-71freq-ao-ioprobe-repair-20260614052517-641c9492",
          "detail": "stdout: { \"ok\": true, \"action\": \"hwpod-cli.invoke\", \"status\": \"completed\", \"specPath\": \"/home/agentrun/workspaces/gitbundle-bd8af3b3e5f52f99/workspace/tools/hwpod-specs/constart-71freq-c.yaml\", \"hwpodId\": \"constart-71freq-c\", \"specAuthority\": \"gitbundle-bundled-spec\", \"resolvedAuthority\": { \"hwpodId\": \"constart-71freq-c\", \"specPath\": \"/home/agentrun/workspaces/gitbundle-bd8af3b3e5f52f99/workspace/tools/hwpod-specs/constart-71freq-c.yaml\", \"specAuthority\": \"gitbundle-bundled-spec\", \"workspacePath\": \"F:\\\\Work\\\\ConStart\\\\.worktree\\\\caserun-constart-71freq-ao-ioprobe-repair-20260614052517-641c9492\", \"e... exitCode=0 durationMs=1200 outputBytes=4287 outputTruncated=true sourceSeq=51"
        },
        {
          "kind": "hwpod-other",
          "seq": 58,
          "exitCode": 0,
          "command": "hwpod workspace cat projects/71-00075-11/FirmWare/APP/user_config.h --hwpod-id constart-71freq-c --workspace-path \"F:\\Work\\ConStart\\.worktree\\caserun-constart-71freq-ao-ioprobe-repair-20260614052517-641c9492",
          "detail": "stdout: { \"ok\": true, \"action\": \"hwpod-cli.invoke\", \"status\": \"completed\", \"specPath\": \"/home/agentrun/workspaces/gitbundle-bd8af3b3e5f52f99/workspace/tools/hwpod-specs/constart-71freq-c.yaml\", \"hwpodId\": \"constart-71freq-c\", \"specAuthority\": \"gitbundle-bundled-spec\", \"resolvedAuthority\": { \"hwpodId\": \"constart-71freq-c\", \"specPath\": \"/home/agentrun/workspaces/gitbundle-bd8af3b3e5f52f99/workspace/tools/hwpod-specs/constart-71freq-c.yaml\", \"specAuthority\": \"gitbundle-bundled-spec\", \"workspacePath\": \"F:\\\\Work\\\\ConStart\\\\.worktree\\\\caserun-constart-71freq-ao-ioprobe-repair-20260614052517-641c9492\", \"e... exitCode=0 durationMs=1363 outputBytes=4287 outputTruncated=true sourceSeq=53"
        },
        {
          "kind": "board-comm",
          "seq": 175,
          "exitCode": 0,
          "command": "hwpod board-comm jrpctcp put hardware/ao/current/4000 --hwpod-id constart-71freq-c --workspace-path \"F:\\Work\\ConStart\\.worktree\\caserun-constart-71freq-ao-ioprobe-repair-20260614052517-641c9492",
          "detail": "stdout: { \"ok\": true, \"action\": \"hwpod-cli.invoke\", \"status\": \"completed\", \"specPath\": \"/home/agentrun/workspaces/gitbundle-bd8af3b3e5f52f99/workspace/tools/hwpod-specs/constart-71freq-c.yaml\", \"hwpodId\": \"constart-71freq-c\", \"specAuthority\": \"gitbundle-bundled-spec\", \"resolvedAuthority\": { \"hwpodId\": \"constart-71freq-c\", \"specPath\": \"/home/agentrun/workspaces/gitbundle-bd8af3b3e5f52f99/workspace/tools/hwpod-specs/constart-71freq-c.yaml\", \"specAuthority\": \"gitbundle-bundled-spec\", \"workspacePath\": \"F:\\\\Work\\\\ConStart\\\\.worktree\\\\caserun-constart-71freq-ao-ioprobe-repair-20260614052517-641c9492\", \"e... exitCode=0 durationMs=1595 outputBytes=4273 outputTruncated=true sourceSeq=170"
        },
        {
          "kind": "board-comm",
          "seq": 203,
          "exitCode": 0,
          "command": "hwpod board-comm jrpctcp put hardware/ao/current/12000 --hwpod-id constart-71freq-c --workspace-path \"F:\\Work\\ConStart\\.worktree\\caserun-constart-71freq-ao-ioprobe-repair-20260614052517-641c9492",
          "detail": "stdout: { \"ok\": true, \"action\": \"hwpod-cli.invoke\", \"status\": \"completed\", \"specPath\": \"/home/agentrun/workspaces/gitbundle-bd8af3b3e5f52f99/workspace/tools/hwpod-specs/constart-71freq-c.yaml\", \"hwpodId\": \"constart-71freq-c\", \"specAuthority\": \"gitbundle-bundled-spec\", \"resolvedAuthority\": { \"hwpodId\": \"constart-71freq-c\", \"specPath\": \"/home/agentrun/workspaces/gitbundle-bd8af3b3e5f52f99/workspace/tools/hwpod-specs/constart-71freq-c.yaml\", \"specAuthority\": \"gitbundle-bundled-spec\", \"workspacePath\": \"F:\\\\Work\\\\ConStart\\\\.worktree\\\\caserun-constart-71freq-ao-ioprobe-repair-20260614052517-641c9492\", \"e... exitCode=0 durationMs=1669 outputBytes=4274 outputTruncated=true sourceSeq=198"
        },
        {
          "kind": "board-comm",
          "seq": 217,
          "exitCode": 0,
          "command": "hwpod board-comm jrpctcp put hardware/ao/current/20000 --hwpod-id constart-71freq-c --workspace-path \"F:\\Work\\ConStart\\.worktree\\caserun-constart-71freq-ao-ioprobe-repair-20260614052517-641c9492",
          "detail": "stdout: { \"ok\": true, \"action\": \"hwpod-cli.invoke\", \"status\": \"completed\", \"specPath\": \"/home/agentrun/workspaces/gitbundle-bd8af3b3e5f52f99/workspace/tools/hwpod-specs/constart-71freq-c.yaml\", \"hwpodId\": \"constart-71freq-c\", \"specAuthority\": \"gitbundle-bundled-spec\", \"resolvedAuthority\": { \"hwpodId\": \"constart-71freq-c\", \"specPath\": \"/home/agentrun/workspaces/gitbundle-bd8af3b3e5f52f99/workspace/tools/hwpod-specs/constart-71freq-c.yaml\", \"specAuthority\": \"gitbundle-bundled-spec\", \"workspacePath\": \"F:\\\\Work\\\\ConStart\\\\.worktree\\\\caserun-constart-71freq-ao-ioprobe-repair-20260614052517-641c9492\", \"e... exitCode=0 durationMs=1701 outputBytes=4274 outputTruncated=true sourceSeq=212"
        },
        {
          "kind": "board-comm",
          "seq": 231,
          "exitCode": 0,
          "command": "hwpod board-comm jrpctcp put hardware/ao/current/4000 --hwpod-id constart-71freq-c --workspace-path \"F:\\Work\\ConStart\\.worktree\\caserun-constart-71freq-ao-ioprobe-repair-20260614052517-641c9492",
          "detail": "stdout: { \"ok\": true, \"action\": \"hwpod-cli.invoke\", \"status\": \"completed\", \"specPath\": \"/home/agentrun/workspaces/gitbundle-bd8af3b3e5f52f99/workspace/tools/hwpod-specs/constart-71freq-c.yaml\", \"hwpodId\": \"constart-71freq-c\", \"specAuthority\": \"gitbundle-bundled-spec\", \"resolvedAuthority\": { \"hwpodId\": \"constart-71freq-c\", \"specPath\": \"/home/agentrun/workspaces/gitbundle-bd8af3b3e5f52f99/workspace/tools/hwpod-specs/constart-71freq-c.yaml\", \"specAuthority\": \"gitbundle-bundled-spec\", \"workspacePath\": \"F:\\\\Work\\\\ConStart\\\\.worktree\\\\caserun-constart-71freq-ao-ioprobe-repair-20260614052517-641c9492\", \"e... exitCode=0 durationMs=1632 outputBytes=4273 outputTruncated=true sourceSeq=226"
        },
        {
          "kind": "job-status",
          "seq": 76,
          "exitCode": 0,
          "command": "hwpod job status 20260614_133010_6556c51f --hwpod-id constart-71freq-c --workspace-path \"F:\\Work\\ConStart\\.worktree\\caserun-constart-71freq-ao-ioprobe-repair-20260614052517-641c9492",
          "detail": "stdout: { \"ok\": true, \"action\": \"hwpod-cli.invoke\", \"status\": \"completed\", \"specPath\": \"/home/agentrun/workspaces/gitbundle-bd8af3b3e5f52f99/workspace/tools/hwpod-specs/constart-71freq-c.yaml\", \"hwpodId\": \"constart-71freq-c\", \"specAuthority\": \"gitbundle-bundled-spec\", \"resolvedAuthority\": { \"hwpodId\": \"constart-71freq-c\", \"specPath\": \"/home/agentrun/workspaces/gitbundle-bd8af3b3e5f52f99/workspace/tools/hwpod-specs/constart-71freq-c.yaml\", \"specAuthority\": \"gitbundle-bundled-spec\", \"workspacePath\": \"F:\\\\Work\\\\ConStart\\\\.worktree\\\\caserun-constart-71freq-ao-ioprobe-repair-20260614052517-641c9492\", \"e... exitCode=0 durationMs=1578 outputBytes=4261 outputTruncated=true sourceSeq=71"
        },
        {
          "kind": "job-status",
          "seq": 81,
          "exitCode": 0,
          "command": "hwpod job status 20260614_133010_6556c51f --hwpod-id constart-71freq-c --workspace-path \"F:\\Work\\ConStart\\.worktree\\caserun-constart-71freq-ao-ioprobe-repair-20260614052517-641c9492",
          "detail": "stdout: { \"ok\": true, \"action\": \"hwpod-cli.invoke\", \"status\": \"completed\", \"specPath\": \"/home/agentrun/workspaces/gitbundle-bd8af3b3e5f52f99/workspace/tools/hwpod-specs/constart-71freq-c.yaml\", \"hwpodId\": \"constart-71freq-c\", \"specAuthority\": \"gitbundle-bundled-spec\", \"resolvedAuthority\": { \"hwpodId\": \"constart-71freq-c\", \"specPath\": \"/home/agentrun/workspaces/gitbundle-bd8af3b3e5f52f99/workspace/tools/hwpod-specs/constart-71freq-c.yaml\", \"specAuthority\": \"gitbundle-bundled-spec\", \"workspacePath\": \"F:\\\\Work\\\\ConStart\\\\.worktree\\\\caserun-constart-71freq-ao-ioprobe-repair-20260614052517-641c9492\", \"e... exitCode=0 durationMs=1232 outputBytes=4261 outputTruncated=true sourceSeq=76"
        },
        {
          "kind": "job-status",
          "seq": 92,
          "exitCode": 0,
          "command": "hwpod job status 20260614_133114_9274c252 --hwpod-id constart-71freq-c --workspace-path \"F:\\Work\\ConStart\\.worktree\\caserun-constart-71freq-ao-ioprobe-repair-20260614052517-641c9492",
          "detail": "stdout: { \"ok\": true, \"action\": \"hwpod-cli.invoke\", \"status\": \"completed\", \"specPath\": \"/home/agentrun/workspaces/gitbundle-bd8af3b3e5f52f99/workspace/tools/hwpod-specs/constart-71freq-c.yaml\", \"hwpodId\": \"constart-71freq-c\", \"specAuthority\": \"gitbundle-bundled-spec\", \"resolvedAuthority\": { \"hwpodId\": \"constart-71freq-c\", \"specPath\": \"/home/agentrun/workspaces/gitbundle-bd8af3b3e5f52f99/workspace/tools/hwpod-specs/constart-71freq-c.yaml\", \"specAuthority\": \"gitbundle-bundled-spec\", \"workspacePath\": \"F:\\\\Work\\\\ConStart\\\\.worktree\\\\caserun-constart-71freq-ao-ioprobe-repair-20260614052517-641c9492\", \"e... exitCode=0 durationMs=1791 outputBytes=4261 outputTruncated=true sourceSeq=87"
        },
        {
          "kind": "job-status",
          "seq": 98,
          "exitCode": 0,
          "command": "hwpod job status 20260614_133114_9274c252 --hwpod-id constart-71freq-c --workspace-path \"F:\\Work\\ConStart\\.worktree\\caserun-constart-71freq-ao-ioprobe-repair-20260614052517-641c9492",
          "detail": "stdout: { \"ok\": true, \"action\": \"hwpod-cli.invoke\", \"status\": \"completed\", \"specPath\": \"/home/agentrun/workspaces/gitbundle-bd8af3b3e5f52f99/workspace/tools/hwpod-specs/constart-71freq-c.yaml\", \"hwpodId\": \"constart-71freq-c\", \"specAuthority\": \"gitbundle-bundled-spec\", \"resolvedAuthority\": { \"hwpodId\": \"constart-71freq-c\", \"specPath\": \"/home/agentrun/workspaces/gitbundle-bd8af3b3e5f52f99/workspace/tools/hwpod-specs/constart-71freq-c.yaml\", \"specAuthority\": \"gitbundle-bundled-spec\", \"workspacePath\": \"F:\\\\Work\\\\ConStart\\\\.worktree\\\\caserun-constart-71freq-ao-ioprobe-repair-20260614052517-641c9492\", \"e... exitCode=0 durationMs=1676 outputBytes=4261 outputTruncated=true sourceSeq=93"
        }
      ],
      "kinds": [
        "spec-validate",
        "inspect",
        "workspace-edit",
        "build",
        "download",
        "io-probe-read",
        "board-comm",
        "hwpod-other",
        "job-status"
      ]
    },
    "hwpodExitCode": 0,
    "hwpodSource": "case-run-runner-post-agent-compile-check",
    "jobId": "20260614_134113_b4b389aa",
    "keilStatus": "completed",
    "artifacts": [
      "F:\\Work\\ConStart\\.worktree\\caserun-constart-71freq-ao-ioprobe-repair-20260614052517-641c9492\\projects\\71-00075-11\\FirmWare\\MDK-ARM\\FREQ_Controller_FW\\FREQ_Controller_FW.hex",
      "F:\\Work\\ConStart\\.worktree\\caserun-constart-71freq-ao-ioprobe-repair-20260614052517-641c9492\\projects\\71-00075-11\\FirmWare\\MDK-ARM\\FREQ_Controller_FW\\FREQ_Controller_FW.axf"
    ],
    "buildJobs": {
      "agentBuildJobIds": [
        "20260614_133010_6556c51f",
        "20260614_133440_911c8f8c",
        "20260614_133529_669d9a04",
        "20260614_133114_9274c252"
      ],
      "postAgentCompileJobId": "20260614_134113_b4b389aa",
      "agentReportedBuild": {
        "source": "agent-final-response",
        "jobId": "20260614_133010_6556c51f",
        "returnCode": 0,
        "warningCount": 4
      },
      "runnerPostAgentCompile": {
        "source": "case-run-runner-post-agent-compile-check",
        "jobId": "20260614_134113_b4b389aa",
        "status": "completed",
        "returnCode": 0,
        "warningCount": 0
      },
      "relationship": "agent-build-observed-plus-runner-post-agent-check",
      "runnerPostAgentCompileCheck": "recorded"
    }
  },
  "collect": {
    "caseRepo": "/root/hwlab-case-registry",
    "caseRepoRunDir": "/root/hwlab-case-registry/runs/constart-71freq-ao-ioprobe-repair/constart-71freq-ao-ioprobe-repair-20260614052517-641c9492",
    "caseRepoFiles": [
      "runs/constart-71freq-ao-ioprobe-repair/constart-71freq-ao-ioprobe-repair-20260614052517-641c9492/evidence.json",
      "runs/constart-71freq-ao-ioprobe-repair/constart-71freq-ao-ioprobe-repair-20260614052517-641c9492/summary.md",
      "runs/constart-71freq-ao-ioprobe-repair/constart-71freq-ao-ioprobe-repair-20260614052517-641c9492/aggregate.md",
      "runs/constart-71freq-ao-ioprobe-repair/constart-71freq-ao-ioprobe-repair-20260614052517-641c9492/agent-messages.json",
      "runs/constart-71freq-ao-ioprobe-repair/constart-71freq-ao-ioprobe-repair-20260614052517-641c9492/agent-trace.md",
      "runs/constart-71freq-ao-ioprobe-repair/constart-71freq-ao-ioprobe-repair-20260614052517-641c9492/agent-transcript.md",
      "runs/constart-71freq-ao-ioprobe-repair/constart-71freq-ao-ioprobe-repair-20260614052517-641c9492/final-response.md",
      "runs/constart-71freq-ao-ioprobe-repair/constart-71freq-ao-ioprobe-repair-20260614052517-641c9492/run.json",
      "runs/constart-71freq-ao-ioprobe-repair/constart-71freq-ao-ioprobe-repair-20260614052517-641c9492/result.json",
      "runs/constart-71freq-ao-ioprobe-repair/constart-71freq-ao-ioprobe-repair-20260614052517-641c9492/agent-trace.json",
      "runs/constart-71freq-ao-ioprobe-repair/constart-71freq-ao-ioprobe-repair-20260614052517-641c9492/agent-prompt.md",
      "runs/constart-71freq-ao-ioprobe-repair/constart-71freq-ao-ioprobe-repair-20260614052517-641c9492/agent-diff.patch",
      "runs/constart-71freq-ao-ioprobe-repair/constart-71freq-ao-ioprobe-repair-20260614052517-641c9492/.hwlab/hwpod-spec.yaml",
      "runs/constart-71freq-ao-ioprobe-repair/constart-71freq-ao-ioprobe-repair-20260614052517-641c9492/worker.stdout.log",
      "runs/constart-71freq-ao-ioprobe-repair/constart-71freq-ao-ioprobe-repair-20260614052517-641c9492/worker.stderr.log",
      "runs/constart-71freq-ao-ioprobe-repair/constart-71freq-ao-ioprobe-repair-20260614052517-641c9492/artifact-manifest.json"
    ],
    "artifactManifestPath": "/root/hwlab-case-registry/runs/constart-71freq-ao-ioprobe-repair/constart-71freq-ao-ioprobe-repair-20260614052517-641c9492/artifact-manifest.json",
    "artifactCount": 16,
    "skippedFiles": [],
    "registrySync": {
      "status": "pushed",
      "path": "runs/constart-71freq-ao-ioprobe-repair/constart-71freq-ao-ioprobe-repair-20260614052517-641c9492",
      "paths": [
        "runs/constart-71freq-ao-ioprobe-repair/constart-71freq-ao-ioprobe-repair-20260614052517-641c9492"
      ],
      "commitMessage": "data: archive caserun constart-71freq-ao-ioprobe-repair-20260614052517-641c9492",
      "commitSha": "996fbdd",
      "commitStdout": "[main 996fbdd] data: archive caserun constart-71freq-ao-ioprobe-repair-20260614052517-641c9492\n 5 files changed, 1952 insertions(+), 261 deletions(-)\n",
      "pushStderr": "To github.com:pikasTech/hwlab-case-registry.git\n   6e08c48..996fbdd  main -> main\n"
    },
    "trace": {
      "traceId": "trc_case_constart-71freq-ao-ioprobe-repair_9f25ef24dfd6410ab64396cf1195d51b",
      "sessionId": "ses_b7677e50-06d1-4190-87d2-491ff2a13c64",
      "conversationId": "cnv_case_constart-71freq-ao-ioprobe-repair_constart-71freq-ao-ioprobe-repair-20260614052517-641c9492",
      "providerProfile": "sub2api",
      "projectId": "prj_hwpod_workbench",
      "source": "hwlab-cli.client.agent.trace",
      "lookup": {
        "source": "hwlab-cli.client.agent",
        "strategy": "id_plus_existing_cli",
        "note": "CaseRun records trace/session identity and reuses existing HWLAB Web-equivalent agent CLI for trace/result/inspect; it does not implement a separate trace query path.",
        "baseUrl": "http://74.48.78.17:19666",
        "traceId": "trc_case_constart-71freq-ao-ioprobe-repair_9f25ef24dfd6410ab64396cf1195d51b",
        "sessionId": "ses_b7677e50-06d1-4190-87d2-491ff2a13c64",
        "conversationId": "cnv_case_constart-71freq-ao-ioprobe-repair_constart-71freq-ao-ioprobe-repair-20260614052517-641c9492",
        "commands": {
          "result": "hwlab-cli client agent result trc_case_constart-71freq-ao-ioprobe-repair_9f25ef24dfd6410ab64396cf1195d51b",
          "trace": "hwlab-cli client agent trace trc_case_constart-71freq-ao-ioprobe-repair_9f25ef24dfd6410ab64396cf1195d51b --render web",
          "traceFull": "hwlab-cli client agent trace trc_case_constart-71freq-ao-ioprobe-repair_9f25ef24dfd6410ab64396cf1195d51b --render web --full",
          "inspect": "hwlab-cli client agent inspect --trace-id trc_case_constart-71freq-ao-ioprobe-repair_9f25ef24dfd6410ab64396cf1195d51b",
          "sessionStatus": "hwlab-cli client agent session status ses_b7677e50-06d1-4190-87d2-491ff2a13c64"
        }
      },
      "status": "completed",
      "terminalStatus": "completed",
      "commandCount": 38,
      "hwpodCommandCount": 38,
      "hwpodBuildCommandCount": 2,
      "keilJobCandidates": [
        "20260614_133010_6556c51f",
        "20260614_133440_911c8f8c",
        "20260614_133529_669d9a04",
        "20260614_133114_9274c252"
      ],
      "agentBuildJobIds": [
        "20260614_133010_6556c51f",
        "20260614_133440_911c8f8c",
        "20260614_133529_669d9a04",
        "20260614_133114_9274c252"
      ]
    },
    "traceLookup": {
      "source": "hwlab-cli.client.agent",
      "strategy": "id_plus_existing_cli",
      "note": "CaseRun records trace/session identity and reuses existing HWLAB Web-equivalent agent CLI for trace/result/inspect; it does not implement a separate trace query path.",
      "baseUrl": "http://74.48.78.17:19666",
      "traceId": "trc_case_constart-71freq-ao-ioprobe-repair_9f25ef24dfd6410ab64396cf1195d51b",
      "sessionId": "ses_b7677e50-06d1-4190-87d2-491ff2a13c64",
      "conversationId": "cnv_case_constart-71freq-ao-ioprobe-repair_constart-71freq-ao-ioprobe-repair-20260614052517-641c9492",
      "commands": {
        "result": "hwlab-cli client agent result trc_case_constart-71freq-ao-ioprobe-repair_9f25ef24dfd6410ab64396cf1195d51b",
        "trace": "hwlab-cli client agent trace trc_case_constart-71freq-ao-ioprobe-repair_9f25ef24dfd6410ab64396cf1195d51b --render web",
        "traceFull": "hwlab-cli client agent trace trc_case_constart-71freq-ao-ioprobe-repair_9f25ef24dfd6410ab64396cf1195d51b --render web --full",
        "inspect": "hwlab-cli client agent inspect --trace-id trc_case_constart-71freq-ao-ioprobe-repair_9f25ef24dfd6410ab64396cf1195d51b",
        "sessionStatus": "hwlab-cli client agent session status ses_b7677e50-06d1-4190-87d2-491ff2a13c64"
      }
    },
    "aggregate": {
      "path": "aggregate.md",
      "bytes": 85253,
      "sha256": "d22997cc12aa0d9eb5963e6ae27ec9296b7c55797d65790e9f28a275a688961b",
      "primaryEntry": true,
      "aggregationOnly": true,
      "autoEvaluation": false
    },
    "agentStage": {
      "source": "agent-trace-commands",
      "autoEvaluation": false,
      "commands": [
        {
          "kind": "spec-validate",
          "seq": 27,
          "exitCode": 0,
          "command": "hwpod-ctl spec validate --hwpod-id constart-71freq-c --workspace-path \"F:\\Work\\ConStart\\.worktree\\caserun-constart-71freq-ao-ioprobe-repair-20260614052517-641c9492",
          "detail": "stdout: { \"ok\": true, \"action\": \"hwpod-ctl.spec.validate\", \"status\": \"succeeded\", \"specPath\": \"/home/agentrun/workspaces/gitbundle-bd8af3b3e5f52f99/workspace/tools/hwpod-specs/constart-71freq-c.yaml\", \"hwpodId\": \"constart-71freq-c\", \"specAuthority\": \"gitbundle-bundled-spec\", \"resolvedAuthority\": { \"hwpodId\": \"constart-71freq-c\", \"specPath\": \"/home/agentrun/workspaces/gitbundle-bd8af3b3e5f52f99/workspace/tools/hwpod-specs/constart-71freq-c.yaml\", \"specAuthority\": \"gitbundle-bundled-spec\", \"workspacePath\": \"F:\\\\Work\\\\ConStart\\\\.worktree\\\\caserun-constart-71freq-ao-ioprobe-repair-20260614052517-641c94... exitCode=0 durationMs=0 outputBytes=4240 outputTruncated=true sourceSeq=22"
        },
        {
          "kind": "inspect",
          "seq": 31,
          "exitCode": 0,
          "command": "hwpod inspect --hwpod-id constart-71freq-c --workspace-path \"F:\\Work\\ConStart\\.worktree\\caserun-constart-71freq-ao-ioprobe-repair-20260614052517-641c9492",
          "detail": "stdout: { \"ok\": true, \"action\": \"hwpod-cli.invoke\", \"status\": \"completed\", \"specPath\": \"/home/agentrun/workspaces/gitbundle-bd8af3b3e5f52f99/workspace/tools/hwpod-specs/constart-71freq-c.yaml\", \"hwpodId\": \"constart-71freq-c\", \"specAuthority\": \"gitbundle-bundled-spec\", \"resolvedAuthority\": { \"hwpodId\": \"constart-71freq-c\", \"specPath\": \"/home/agentrun/workspaces/gitbundle-bd8af3b3e5f52f99/workspace/tools/hwpod-specs/constart-71freq-c.yaml\", \"specAuthority\": \"gitbundle-bundled-spec\", \"workspacePath\": \"F:\\\\Work\\\\ConStart\\\\.worktree\\\\caserun-constart-71freq-ao-ioprobe-repair-20260614052517-641c9492\", \"e... exitCode=0 durationMs=1079 outputBytes=4070 outputTruncated=true sourceSeq=26"
        },
        {
          "kind": "workspace-edit",
          "seq": 65,
          "exitCode": 0,
          "command": "hwpod workspace apply-patch --reason \"model bad AO current calibration baseline\" --hwpod-id constart-71freq-c --workspace-path \"F:\\Work\\ConStart\\.worktree\\caserun-constart-71freq-ao-ioprobe-repair-20260614052517-641c9492\" *** Begin Patch *** Update File: projects/71-00075-11/FirmWare/APP/driver/aout.c @@ -#define AO_CAL_ZERO_UA 39U +#define AO_CAL_ZERO_UA 0U #define AO_CAL_DUTY_NUM 100000U -#define AO_CAL_DUTY_DEN 170375U +#define AO_CAL_DUTY_DEN 200000U *** End Patch PATCH",
          "detail": "stdout: { \"ok\": true, \"action\": \"hwpod-cli.invoke\", \"status\": \"completed\", \"specPath\": \"/home/agentrun/workspaces/gitbundle-bd8af3b3e5f52f99/workspace/tools/hwpod-specs/constart-71freq-c.yaml\", \"hwpodId\": \"constart-71freq-c\", \"specAuthority\": \"gitbundle-bundled-spec\", \"resolvedAuthority\": { \"hwpodId\": \"constart-71freq-c\", \"specPath\": \"/home/agentrun/workspaces/gitbundle-bd8af3b3e5f52f99/workspace/tools/hwpod-specs/constart-71freq-c.yaml\", \"specAuthority\": \"gitbundle-bundled-spec\", \"workspacePath\": \"F:\\\\Work\\\\ConStart\\\\.worktree\\\\caserun-constart-71freq-ao-ioprobe-repair-20260614052517-641c9492\", \"e... exitCode=0 durationMs=1224 outputBytes=4576 outputTruncated=true sourceSeq=60"
        },
        {
          "kind": "build",
          "seq": 70,
          "exitCode": 0,
          "command": "hwpod build --hwpod-id constart-71freq-c --workspace-path \"F:\\Work\\ConStart\\.worktree\\caserun-constart-71freq-ao-ioprobe-repair-20260614052517-641c9492",
          "detail": "stdout: { \"ok\": true, \"action\": \"hwpod-cli.invoke\", \"status\": \"completed\", \"specPath\": \"/home/agentrun/workspaces/gitbundle-bd8af3b3e5f52f99/workspace/tools/hwpod-specs/constart-71freq-c.yaml\", \"hwpodId\": \"constart-71freq-c\", \"specAuthority\": \"gitbundle-bundled-spec\", \"resolvedAuthority\": { \"hwpodId\": \"constart-71freq-c\", \"specPath\": \"/home/agentrun/workspaces/gitbundle-bd8af3b3e5f52f99/workspace/tools/hwpod-specs/constart-71freq-c.yaml\", \"specAuthority\": \"gitbundle-bundled-spec\", \"workspacePath\": \"F:\\\\Work\\\\ConStart\\\\.worktree\\\\caserun-constart-71freq-ao-ioprobe-repair-20260614052517-641c9492\", \"e... exitCode=0 durationMs=1179 outputBytes=4231 outputTruncated=true sourceSeq=65"
        },
        {
          "kind": "download",
          "seq": 86,
          "exitCode": 0,
          "command": "hwpod download --hwpod-id constart-71freq-c --workspace-path \"F:\\Work\\ConStart\\.worktree\\caserun-constart-71freq-ao-ioprobe-repair-20260614052517-641c9492",
          "detail": "stdout: { \"ok\": true, \"action\": \"hwpod-cli.invoke\", \"status\": \"completed\", \"specPath\": \"/home/agentrun/workspaces/gitbundle-bd8af3b3e5f52f99/workspace/tools/hwpod-specs/constart-71freq-c.yaml\", \"hwpodId\": \"constart-71freq-c\", \"specAuthority\": \"gitbundle-bundled-spec\", \"resolvedAuthority\": { \"hwpodId\": \"constart-71freq-c\", \"specPath\": \"/home/agentrun/workspaces/gitbundle-bd8af3b3e5f52f99/workspace/tools/hwpod-specs/constart-71freq-c.yaml\", \"specAuthority\": \"gitbundle-bundled-spec\", \"workspacePath\": \"F:\\\\Work\\\\ConStart\\\\.worktree\\\\caserun-constart-71freq-ao-ioprobe-repair-20260614052517-641c9492\", \"e... exitCode=0 durationMs=2122 outputBytes=4234 outputTruncated=true sourceSeq=81"
        },
        {
          "kind": "io-probe-read",
          "seq": 124,
          "exitCode": 0,
          "command": "hwpod io-probe read main41.ai0.current --hwpod-id constart-71freq-c --workspace-path \"F:\\Work\\ConStart\\.worktree\\caserun-constart-71freq-ao-ioprobe-repair-20260614052517-641c9492",
          "detail": "stdout: { \"ok\": true, \"action\": \"hwpod-cli.invoke\", \"status\": \"completed\", \"specPath\": \"/home/agentrun/workspaces/gitbundle-bd8af3b3e5f52f99/workspace/tools/hwpod-specs/constart-71freq-c.yaml\", \"hwpodId\": \"constart-71freq-c\", \"specAuthority\": \"gitbundle-bundled-spec\", \"resolvedAuthority\": { \"hwpodId\": \"constart-71freq-c\", \"specPath\": \"/home/agentrun/workspaces/gitbundle-bd8af3b3e5f52f99/workspace/tools/hwpod-specs/constart-71freq-c.yaml\", \"specAuthority\": \"gitbundle-bundled-spec\", \"workspacePath\": \"F:\\\\Work\\\\ConStart\\\\.worktree\\\\caserun-constart-71freq-ao-ioprobe-repair-20260614052517-641c9492\", \"e... exitCode=0 durationMs=3654 outputBytes=4258 outputTruncated=true sourceSeq=119"
        },
        {
          "kind": "board-comm",
          "seq": 115,
          "exitCode": 0,
          "command": "hwpod board-comm jrpctcp put hardware/ao/current/8000 --hwpod-id constart-71freq-c --workspace-path \"F:\\Work\\ConStart\\.worktree\\caserun-constart-71freq-ao-ioprobe-repair-20260614052517-641c9492",
          "detail": "stdout: { \"ok\": true, \"action\": \"hwpod-cli.invoke\", \"status\": \"completed\", \"specPath\": \"/home/agentrun/workspaces/gitbundle-bd8af3b3e5f52f99/workspace/tools/hwpod-specs/constart-71freq-c.yaml\", \"hwpodId\": \"constart-71freq-c\", \"specAuthority\": \"gitbundle-bundled-spec\", \"resolvedAuthority\": { \"hwpodId\": \"constart-71freq-c\", \"specPath\": \"/home/agentrun/workspaces/gitbundle-bd8af3b3e5f52f99/workspace/tools/hwpod-specs/constart-71freq-c.yaml\", \"specAuthority\": \"gitbundle-bundled-spec\", \"workspacePath\": \"F:\\\\Work\\\\ConStart\\\\.worktree\\\\caserun-constart-71freq-ao-ioprobe-repair-20260614052517-641c9492\", \"e... exitCode=0 durationMs=1501 outputBytes=4273 outputTruncated=true sourceSeq=110"
        },
        {
          "kind": "board-comm",
          "seq": 102,
          "exitCode": 0,
          "command": "hwpod board-comm jrpctcp put hardware/ao/current/4000 --hwpod-id constart-71freq-c --workspace-path \"F:\\Work\\ConStart\\.worktree\\caserun-constart-71freq-ao-ioprobe-repair-20260614052517-641c9492",
          "detail": "stdout: { \"ok\": true, \"action\": \"hwpod-cli.invoke\", \"status\": \"completed\", \"specPath\": \"/home/agentrun/workspaces/gitbundle-bd8af3b3e5f52f99/workspace/tools/hwpod-specs/constart-71freq-c.yaml\", \"hwpodId\": \"constart-71freq-c\", \"specAuthority\": \"gitbundle-bundled-spec\", \"resolvedAuthority\": { \"hwpodId\": \"constart-71freq-c\", \"specPath\": \"/home/agentrun/workspaces/gitbundle-bd8af3b3e5f52f99/workspace/tools/hwpod-specs/constart-71freq-c.yaml\", \"specAuthority\": \"gitbundle-bundled-spec\", \"workspacePath\": \"F:\\\\Work\\\\ConStart\\\\.worktree\\\\caserun-constart-71freq-ao-ioprobe-repair-20260614052517-641c9492\", \"e... exitCode=0 durationMs=3621 outputBytes=4273 outputTruncated=true sourceSeq=97"
        },
        {
          "kind": "hwpod-other",
          "seq": 33,
          "exitCode": 0,
          "command": "hwpod io-probe inspect main41.ai0.current --hwpod-id constart-71freq-c --workspace-path \"F:\\Work\\ConStart\\.worktree\\caserun-constart-71freq-ao-ioprobe-repair-20260614052517-641c9492",
          "detail": "stdout: { \"ok\": true, \"action\": \"hwpod-cli.io-probe.inspect\", \"status\": \"succeeded\", \"specPath\": \"/home/agentrun/workspaces/gitbundle-bd8af3b3e5f52f99/workspace/tools/hwpod-specs/constart-71freq-c.yaml\", \"hwpodId\": \"constart-71freq-c\", \"specAuthority\": \"gitbundle-bundled-spec\", \"resolvedAuthority\": { \"hwpodId\": \"constart-71freq-c\", \"specPath\": \"/home/agentrun/workspaces/gitbundle-bd8af3b3e5f52f99/workspace/tools/hwpod-specs/constart-71freq-c.yaml\", \"specAuthority\": \"gitbundle-bundled-spec\", \"workspacePath\": \"F:\\\\Work\\\\ConStart\\\\.worktree\\\\caserun-constart-71freq-ao-ioprobe-repair-20260614052517-641... exitCode=0 durationMs=0 outputBytes=2501 sourceSeq=28"
        },
        {
          "kind": "hwpod-other",
          "seq": 44,
          "exitCode": 0,
          "command": "hwpod workspace --help --hwpod-id constart-71freq-c --workspace-path \"F:\\Work\\ConStart\\.worktree\\caserun-constart-71freq-ao-ioprobe-repair-20260614052517-641c9492",
          "detail": "stdout: { \"ok\": true, \"action\": \"hwpod-cli.workspace.help\", \"status\": \"succeeded\", \"contractVersion\": \"hwpod-node-ops-v1\", \"command\": \"workspace\", \"subcommand\": null, \"applyPatchExample\": \"cat > /tmp/hwpod.patch <<'PATCH'\\n*** Begin Patch\\n*** Update File: projects/01_baseline/User/main.c\\n@@\\n #include \\\"d601_lcd.h\\\"\\n+#include \\\"d601_arm2d_demo.h\\\"\\n \\n int main(void)\\n@@\\n d601_lcd_init();\\n+ d601_arm2d_demo_show();\\n*** End Patch\\nPATCH\\ncat /tmp/hwpod.patch | hwpod workspace apply-patch --reason \\\"edit subject workspace through hwpod-node\\\"\", \"applyPatchRules\": [ \"Use a multi-line Codex/UniDes... exitCode=0 durationMs=0 outputBytes=2871 sourceSeq=39"
        },
        {
          "kind": "hwpod-other",
          "seq": 48,
          "exitCode": 0,
          "command": "hwpod cmd git rev-parse HEAD --hwpod-id constart-71freq-c --workspace-path \"F:\\Work\\ConStart\\.worktree\\caserun-constart-71freq-ao-ioprobe-repair-20260614052517-641c9492",
          "detail": "stdout: { \"ok\": true, \"action\": \"hwpod-cli.invoke\", \"status\": \"completed\", \"specPath\": \"/home/agentrun/workspaces/gitbundle-bd8af3b3e5f52f99/workspace/tools/hwpod-specs/constart-71freq-c.yaml\", \"hwpodId\": \"constart-71freq-c\", \"specAuthority\": \"gitbundle-bundled-spec\", \"resolvedAuthority\": { \"hwpodId\": \"constart-71freq-c\", \"specPath\": \"/home/agentrun/workspaces/gitbundle-bd8af3b3e5f52f99/workspace/tools/hwpod-specs/constart-71freq-c.yaml\", \"specAuthority\": \"gitbundle-bundled-spec\", \"workspacePath\": \"F:\\\\Work\\\\ConStart\\\\.worktree\\\\caserun-constart-71freq-ao-ioprobe-repair-20260614052517-641c9492\", \"e... exitCode=0 durationMs=952 outputBytes=4247 outputTruncated=true sourceSeq=43"
        },
        {
          "kind": "hwpod-other",
          "seq": 54,
          "exitCode": 0,
          "command": "hwpod cmd git -C projects/71-00075-11 rev-parse HEAD --hwpod-id constart-71freq-c --workspace-path \"F:\\Work\\ConStart\\.worktree\\caserun-constart-71freq-ao-ioprobe-repair-20260614052517-641c9492",
          "detail": "stdout: { \"ok\": true, \"action\": \"hwpod-cli.invoke\", \"status\": \"completed\", \"specPath\": \"/home/agentrun/workspaces/gitbundle-bd8af3b3e5f52f99/workspace/tools/hwpod-specs/constart-71freq-c.yaml\", \"hwpodId\": \"constart-71freq-c\", \"specAuthority\": \"gitbundle-bundled-spec\", \"resolvedAuthority\": { \"hwpodId\": \"constart-71freq-c\", \"specPath\": \"/home/agentrun/workspaces/gitbundle-bd8af3b3e5f52f99/workspace/tools/hwpod-specs/constart-71freq-c.yaml\", \"specAuthority\": \"gitbundle-bundled-spec\", \"workspacePath\": \"F:\\\\Work\\\\ConStart\\\\.worktree\\\\caserun-constart-71freq-ao-ioprobe-repair-20260614052517-641c9492\", \"e... exitCode=0 durationMs=840 outputBytes=4271 outputTruncated=true sourceSeq=49"
        },
        {
          "kind": "hwpod-other",
          "seq": 56,
          "exitCode": 0,
          "command": "hwpod workspace cat projects/71-00075-11/FirmWare/APP/driver/aout.c --hwpod-id constart-71freq-c --workspace-path \"F:\\Work\\ConStart\\.worktree\\caserun-constart-71freq-ao-ioprobe-repair-20260614052517-641c9492",
          "detail": "stdout: { \"ok\": true, \"action\": \"hwpod-cli.invoke\", \"status\": \"completed\", \"specPath\": \"/home/agentrun/workspaces/gitbundle-bd8af3b3e5f52f99/workspace/tools/hwpod-specs/constart-71freq-c.yaml\", \"hwpodId\": \"constart-71freq-c\", \"specAuthority\": \"gitbundle-bundled-spec\", \"resolvedAuthority\": { \"hwpodId\": \"constart-71freq-c\", \"specPath\": \"/home/agentrun/workspaces/gitbundle-bd8af3b3e5f52f99/workspace/tools/hwpod-specs/constart-71freq-c.yaml\", \"specAuthority\": \"gitbundle-bundled-spec\", \"workspacePath\": \"F:\\\\Work\\\\ConStart\\\\.worktree\\\\caserun-constart-71freq-ao-ioprobe-repair-20260614052517-641c9492\", \"e... exitCode=0 durationMs=1200 outputBytes=4287 outputTruncated=true sourceSeq=51"
        },
        {
          "kind": "hwpod-other",
          "seq": 58,
          "exitCode": 0,
          "command": "hwpod workspace cat projects/71-00075-11/FirmWare/APP/user_config.h --hwpod-id constart-71freq-c --workspace-path \"F:\\Work\\ConStart\\.worktree\\caserun-constart-71freq-ao-ioprobe-repair-20260614052517-641c9492",
          "detail": "stdout: { \"ok\": true, \"action\": \"hwpod-cli.invoke\", \"status\": \"completed\", \"specPath\": \"/home/agentrun/workspaces/gitbundle-bd8af3b3e5f52f99/workspace/tools/hwpod-specs/constart-71freq-c.yaml\", \"hwpodId\": \"constart-71freq-c\", \"specAuthority\": \"gitbundle-bundled-spec\", \"resolvedAuthority\": { \"hwpodId\": \"constart-71freq-c\", \"specPath\": \"/home/agentrun/workspaces/gitbundle-bd8af3b3e5f52f99/workspace/tools/hwpod-specs/constart-71freq-c.yaml\", \"specAuthority\": \"gitbundle-bundled-spec\", \"workspacePath\": \"F:\\\\Work\\\\ConStart\\\\.worktree\\\\caserun-constart-71freq-ao-ioprobe-repair-20260614052517-641c9492\", \"e... exitCode=0 durationMs=1363 outputBytes=4287 outputTruncated=true sourceSeq=53"
        },
        {
          "kind": "board-comm",
          "seq": 175,
          "exitCode": 0,
          "command": "hwpod board-comm jrpctcp put hardware/ao/current/4000 --hwpod-id constart-71freq-c --workspace-path \"F:\\Work\\ConStart\\.worktree\\caserun-constart-71freq-ao-ioprobe-repair-20260614052517-641c9492",
          "detail": "stdout: { \"ok\": true, \"action\": \"hwpod-cli.invoke\", \"status\": \"completed\", \"specPath\": \"/home/agentrun/workspaces/gitbundle-bd8af3b3e5f52f99/workspace/tools/hwpod-specs/constart-71freq-c.yaml\", \"hwpodId\": \"constart-71freq-c\", \"specAuthority\": \"gitbundle-bundled-spec\", \"resolvedAuthority\": { \"hwpodId\": \"constart-71freq-c\", \"specPath\": \"/home/agentrun/workspaces/gitbundle-bd8af3b3e5f52f99/workspace/tools/hwpod-specs/constart-71freq-c.yaml\", \"specAuthority\": \"gitbundle-bundled-spec\", \"workspacePath\": \"F:\\\\Work\\\\ConStart\\\\.worktree\\\\caserun-constart-71freq-ao-ioprobe-repair-20260614052517-641c9492\", \"e... exitCode=0 durationMs=1595 outputBytes=4273 outputTruncated=true sourceSeq=170"
        },
        {
          "kind": "board-comm",
          "seq": 203,
          "exitCode": 0,
          "command": "hwpod board-comm jrpctcp put hardware/ao/current/12000 --hwpod-id constart-71freq-c --workspace-path \"F:\\Work\\ConStart\\.worktree\\caserun-constart-71freq-ao-ioprobe-repair-20260614052517-641c9492",
          "detail": "stdout: { \"ok\": true, \"action\": \"hwpod-cli.invoke\", \"status\": \"completed\", \"specPath\": \"/home/agentrun/workspaces/gitbundle-bd8af3b3e5f52f99/workspace/tools/hwpod-specs/constart-71freq-c.yaml\", \"hwpodId\": \"constart-71freq-c\", \"specAuthority\": \"gitbundle-bundled-spec\", \"resolvedAuthority\": { \"hwpodId\": \"constart-71freq-c\", \"specPath\": \"/home/agentrun/workspaces/gitbundle-bd8af3b3e5f52f99/workspace/tools/hwpod-specs/constart-71freq-c.yaml\", \"specAuthority\": \"gitbundle-bundled-spec\", \"workspacePath\": \"F:\\\\Work\\\\ConStart\\\\.worktree\\\\caserun-constart-71freq-ao-ioprobe-repair-20260614052517-641c9492\", \"e... exitCode=0 durationMs=1669 outputBytes=4274 outputTruncated=true sourceSeq=198"
        },
        {
          "kind": "board-comm",
          "seq": 217,
          "exitCode": 0,
          "command": "hwpod board-comm jrpctcp put hardware/ao/current/20000 --hwpod-id constart-71freq-c --workspace-path \"F:\\Work\\ConStart\\.worktree\\caserun-constart-71freq-ao-ioprobe-repair-20260614052517-641c9492",
          "detail": "stdout: { \"ok\": true, \"action\": \"hwpod-cli.invoke\", \"status\": \"completed\", \"specPath\": \"/home/agentrun/workspaces/gitbundle-bd8af3b3e5f52f99/workspace/tools/hwpod-specs/constart-71freq-c.yaml\", \"hwpodId\": \"constart-71freq-c\", \"specAuthority\": \"gitbundle-bundled-spec\", \"resolvedAuthority\": { \"hwpodId\": \"constart-71freq-c\", \"specPath\": \"/home/agentrun/workspaces/gitbundle-bd8af3b3e5f52f99/workspace/tools/hwpod-specs/constart-71freq-c.yaml\", \"specAuthority\": \"gitbundle-bundled-spec\", \"workspacePath\": \"F:\\\\Work\\\\ConStart\\\\.worktree\\\\caserun-constart-71freq-ao-ioprobe-repair-20260614052517-641c9492\", \"e... exitCode=0 durationMs=1701 outputBytes=4274 outputTruncated=true sourceSeq=212"
        },
        {
          "kind": "board-comm",
          "seq": 231,
          "exitCode": 0,
          "command": "hwpod board-comm jrpctcp put hardware/ao/current/4000 --hwpod-id constart-71freq-c --workspace-path \"F:\\Work\\ConStart\\.worktree\\caserun-constart-71freq-ao-ioprobe-repair-20260614052517-641c9492",
          "detail": "stdout: { \"ok\": true, \"action\": \"hwpod-cli.invoke\", \"status\": \"completed\", \"specPath\": \"/home/agentrun/workspaces/gitbundle-bd8af3b3e5f52f99/workspace/tools/hwpod-specs/constart-71freq-c.yaml\", \"hwpodId\": \"constart-71freq-c\", \"specAuthority\": \"gitbundle-bundled-spec\", \"resolvedAuthority\": { \"hwpodId\": \"constart-71freq-c\", \"specPath\": \"/home/agentrun/workspaces/gitbundle-bd8af3b3e5f52f99/workspace/tools/hwpod-specs/constart-71freq-c.yaml\", \"specAuthority\": \"gitbundle-bundled-spec\", \"workspacePath\": \"F:\\\\Work\\\\ConStart\\\\.worktree\\\\caserun-constart-71freq-ao-ioprobe-repair-20260614052517-641c9492\", \"e... exitCode=0 durationMs=1632 outputBytes=4273 outputTruncated=true sourceSeq=226"
        },
        {
          "kind": "job-status",
          "seq": 76,
          "exitCode": 0,
          "command": "hwpod job status 20260614_133010_6556c51f --hwpod-id constart-71freq-c --workspace-path \"F:\\Work\\ConStart\\.worktree\\caserun-constart-71freq-ao-ioprobe-repair-20260614052517-641c9492",
          "detail": "stdout: { \"ok\": true, \"action\": \"hwpod-cli.invoke\", \"status\": \"completed\", \"specPath\": \"/home/agentrun/workspaces/gitbundle-bd8af3b3e5f52f99/workspace/tools/hwpod-specs/constart-71freq-c.yaml\", \"hwpodId\": \"constart-71freq-c\", \"specAuthority\": \"gitbundle-bundled-spec\", \"resolvedAuthority\": { \"hwpodId\": \"constart-71freq-c\", \"specPath\": \"/home/agentrun/workspaces/gitbundle-bd8af3b3e5f52f99/workspace/tools/hwpod-specs/constart-71freq-c.yaml\", \"specAuthority\": \"gitbundle-bundled-spec\", \"workspacePath\": \"F:\\\\Work\\\\ConStart\\\\.worktree\\\\caserun-constart-71freq-ao-ioprobe-repair-20260614052517-641c9492\", \"e... exitCode=0 durationMs=1578 outputBytes=4261 outputTruncated=true sourceSeq=71"
        },
        {
          "kind": "job-status",
          "seq": 81,
          "exitCode": 0,
          "command": "hwpod job status 20260614_133010_6556c51f --hwpod-id constart-71freq-c --workspace-path \"F:\\Work\\ConStart\\.worktree\\caserun-constart-71freq-ao-ioprobe-repair-20260614052517-641c9492",
          "detail": "stdout: { \"ok\": true, \"action\": \"hwpod-cli.invoke\", \"status\": \"completed\", \"specPath\": \"/home/agentrun/workspaces/gitbundle-bd8af3b3e5f52f99/workspace/tools/hwpod-specs/constart-71freq-c.yaml\", \"hwpodId\": \"constart-71freq-c\", \"specAuthority\": \"gitbundle-bundled-spec\", \"resolvedAuthority\": { \"hwpodId\": \"constart-71freq-c\", \"specPath\": \"/home/agentrun/workspaces/gitbundle-bd8af3b3e5f52f99/workspace/tools/hwpod-specs/constart-71freq-c.yaml\", \"specAuthority\": \"gitbundle-bundled-spec\", \"workspacePath\": \"F:\\\\Work\\\\ConStart\\\\.worktree\\\\caserun-constart-71freq-ao-ioprobe-repair-20260614052517-641c9492\", \"e... exitCode=0 durationMs=1232 outputBytes=4261 outputTruncated=true sourceSeq=76"
        },
        {
          "kind": "job-status",
          "seq": 92,
          "exitCode": 0,
          "command": "hwpod job status 20260614_133114_9274c252 --hwpod-id constart-71freq-c --workspace-path \"F:\\Work\\ConStart\\.worktree\\caserun-constart-71freq-ao-ioprobe-repair-20260614052517-641c9492",
          "detail": "stdout: { \"ok\": true, \"action\": \"hwpod-cli.invoke\", \"status\": \"completed\", \"specPath\": \"/home/agentrun/workspaces/gitbundle-bd8af3b3e5f52f99/workspace/tools/hwpod-specs/constart-71freq-c.yaml\", \"hwpodId\": \"constart-71freq-c\", \"specAuthority\": \"gitbundle-bundled-spec\", \"resolvedAuthority\": { \"hwpodId\": \"constart-71freq-c\", \"specPath\": \"/home/agentrun/workspaces/gitbundle-bd8af3b3e5f52f99/workspace/tools/hwpod-specs/constart-71freq-c.yaml\", \"specAuthority\": \"gitbundle-bundled-spec\", \"workspacePath\": \"F:\\\\Work\\\\ConStart\\\\.worktree\\\\caserun-constart-71freq-ao-ioprobe-repair-20260614052517-641c9492\", \"e... exitCode=0 durationMs=1791 outputBytes=4261 outputTruncated=true sourceSeq=87"
        },
        {
          "kind": "job-status",
          "seq": 98,
          "exitCode": 0,
          "command": "hwpod job status 20260614_133114_9274c252 --hwpod-id constart-71freq-c --workspace-path \"F:\\Work\\ConStart\\.worktree\\caserun-constart-71freq-ao-ioprobe-repair-20260614052517-641c9492",
          "detail": "stdout: { \"ok\": true, \"action\": \"hwpod-cli.invoke\", \"status\": \"completed\", \"specPath\": \"/home/agentrun/workspaces/gitbundle-bd8af3b3e5f52f99/workspace/tools/hwpod-specs/constart-71freq-c.yaml\", \"hwpodId\": \"constart-71freq-c\", \"specAuthority\": \"gitbundle-bundled-spec\", \"resolvedAuthority\": { \"hwpodId\": \"constart-71freq-c\", \"specPath\": \"/home/agentrun/workspaces/gitbundle-bd8af3b3e5f52f99/workspace/tools/hwpod-specs/constart-71freq-c.yaml\", \"specAuthority\": \"gitbundle-bundled-spec\", \"workspacePath\": \"F:\\\\Work\\\\ConStart\\\\.worktree\\\\caserun-constart-71freq-ao-ioprobe-repair-20260614052517-641c9492\", \"e... exitCode=0 durationMs=1676 outputBytes=4261 outputTruncated=true sourceSeq=93"
        }
      ],
      "kinds": [
        "spec-validate",
        "inspect",
        "workspace-edit",
        "build",
        "download",
        "io-probe-read",
        "board-comm",
        "hwpod-other",
        "job-status"
      ]
    },
    "agentToolCallSummary": null,
    "status": "recorded",
    "autoEvaluation": false
  },
  "aggregate": {
    "path": "aggregate.md",
    "bytes": 85252,
    "sha256": "d768abfef02bc21dbe0ebc487573537f859cc954c696449956f78bad68b6407b",
    "primaryEntry": true,
    "aggregationOnly": true,
    "autoEvaluation": false
  },
  "evidence": {
    "contractVersion": "hwpod-case-run-evidence-v1",
    "caseId": "constart-71freq-ao-ioprobe-repair",
    "runId": "constart-71freq-ao-ioprobe-repair-20260614052517-641c9492",
    "compileOnly": true,
    "autoEvaluation": false,
    "status": "recorded",
    "observedAt": "2026-06-14T05:41:35.538Z",
    "apiUrl": "http://74.48.78.17:19667",
    "subject": {
      "repoLocalPath": "F:\\Work\\ConStart",
      "commitId": "de223ab80ddf80e5ba092dcf2d20f9df7ec91a60",
      "subdir": "projects/71-00075-11",
      "submodules": [
        {
          "path": "projects/71-00075-11",
          "commitId": "5ef2fc874782713d1e4752636a8db05cc4a18cd2",
          "url": "https://github.com/ConstarInc/71-00075-11",
          "recursive": false
        }
      ],
      "worktreePath": "F:\\Work\\ConStart\\.worktree\\caserun-constart-71freq-ao-ioprobe-repair-20260614052517-641c9492",
      "workspacePath": "F:\\Work\\ConStart\\.worktree\\caserun-constart-71freq-ao-ioprobe-repair-20260614052517-641c9492",
      "defaultWorkspacePath": "F:\\Work\\ConStart",
      "projectRootPath": "F:\\Work\\ConStart\\.worktree\\caserun-constart-71freq-ao-ioprobe-repair-20260614052517-641c9492\\projects\\71-00075-11",
      "setup": {
        "httpStatus": 200,
        "plans": [
          {
            "opId": "op_01_subject_commit",
            "attempt": 1,
            "planId": "case_subject_88f4ae12-44ba-4ba2-9c11-c440ef5176af",
            "httpStatus": 200,
            "ok": true,
            "status": "completed",
            "resultCount": 1
          },
          {
            "opId": "op_02_subject_worktree_add",
            "attempt": 1,
            "planId": "case_subject_38ab18d2-901f-46b7-a1d3-d1ca058b0d6e",
            "httpStatus": 200,
            "ok": true,
            "status": "completed",
            "resultCount": 1
          },
          {
            "opId": "op_03_subject_worktree_head",
            "attempt": 1,
            "planId": "case_subject_b228e293-2f2b-45d7-8f01-503d684c9c98",
            "httpStatus": 200,
            "ok": true,
            "status": "completed",
            "resultCount": 1
          },
          {
            "opId": "op_04_submodule_1_update",
            "attempt": 1,
            "planId": "case_subject_fd1d8b9e-6ea9-4c07-9608-13af9bb6d2fe",
            "httpStatus": 200,
            "ok": true,
            "status": "completed",
            "resultCount": 1
          },
          {
            "opId": "op_04_submodule_1_head",
            "attempt": 1,
            "planId": "case_subject_c23c8655-62c4-4124-8421-662ec39fa473",
            "httpStatus": 200,
            "ok": true,
            "status": "completed",
            "resultCount": 1
          },
          {
            "opId": "op_99_keil_sidecars",
            "attempt": 1,
            "planId": "case_subject_604387b9-296a-42fd-bfa5-99117ce310e1",
            "httpStatus": 200,
            "ok": true,
            "status": "completed",
            "resultCount": 1
          }
        ],
        "nodeId": "node-d601-f103-v2",
        "exitCode": 0,
        "stdout": "HEAD is now at de223ab docs: 补充频率判断 R2.2 真机验证报告\nde223ab80ddf80e5ba092dcf2d20f9df7ec91a60\nHEAD is now at 5ef2fc8 feat: expand freq controller JSON-RPC support\n5ef2fc874782713d1e4752636a8db05cc4a18cd2\ncaseRunKeilSidecars {\"copied\":1,\"copiedFiles\":[{\"ext\":\".uvoptx\",\"source\":\"projects\\\\71-00075-11\\\\FirmWare\\\\MDK-ARM\\\\FREQ_Controller_FW.uvoptx\",\"destination\":\".worktree\\\\caserun-constart-71freq-ao-ioprobe-repair-20260614052517-641c9492\\\\projects\\\\71-00075-11\\\\FirmWare\\\\MDK-ARM\\\\FREQ_Controller_FW.uvoptx\"}],\"missing\":[\"projects\\\\71-00075-11\\\\FirmWare\\\\MDK-ARM\\\\FREQ_Controller_FW.uvopt\"],\"sourceBase\":\"projects\\\\71-00075-11\\\\FirmWare\\\\MDK-ARM\\\\FREQ_Controller_FW\",\"destinationBase\":\".worktree\\\\caserun-constart-71freq-ao-ioprobe-repair-20260614052517-641c9492\\\\projects\\\\71-00075-11\\\\FirmWare\\\\MDK-ARM\\\\FREQ_Controller_FW\"}",
        "stderr": "Preparing worktree (detached HEAD de223ab)\nUpdating files:  38% (895/2330)\rUpdating files:  39% (909/2330)\rUpdating files:  40% (932/2330)\rUpdating files:  41% (956/2330)\rUpdating files:  42% (979/2330)\rUpdating files:  43% (1002/2330)\rUpdating files:  44% (1026/2330)\rUpdating files:  45% (1049/2330)\rUpdating files:  46% (1072/2330)\rUpdating files:  47% (1096/2330)\rUpdating files:  48% (1119/2330)\rUpdating files:  49% (1142/2330)\rUpdating files:  50% (1165/2330)\rUpdating files:  51% (1189/2330)\rUpdating files:  52% (1212/2330)\rUpdating files:  53% (1235/2330)\rUpdating files:  54% (1259/2330)\rUpdating files:  55% (1282/2330)\rUpdating files:  56% (1305/2330)\rUpdating files:  57% (1329/2330)\rUpdating files:  58% (1352/2330)\rUpdating files:  59% (1375/2330)\rUpdating files:  60% (1398/2330)\rUpdating files:  61% (1422/2330)\rUpdating files:  62% (1445/2330)\rUpdating files:  63% (1468/2330)\rUpdating files:  64% (1492/2330)\rUpdating files:  65% (1515/2330)\rUpdating files:  66% (1538/2330)\rUpdating files:  67% (1562/2330)\rUpdating files:  68% (1585/2330)\rUpdating files:  69% (1608/2330)\rUpdating files:  70% (1631/2330)\rUpdating files:  71% (1655/2330)\rUpdating files:  72% (1678/2330)\rUpdating files:  73% (1701/2330)\rUpdating files:  74% (1725/2330)\rUpdating files:  75% (1748/2330)\rUpdating files:  76% (1771/2330)\rUpdating files:  77% (1795/2330)\rUpdating files:  78% (1818/2330)\rUpdating files:  79% (1841/2330)\rUpdating files:  80% (1864/2330)\rUpdating files:  81% (1888/2330)\rUpdating files:  82% (1911/2330)\rUpdating files:  83% (1934/2330)\rUpdating files:  84% (1958/2330)\rUpdating files:  84% (1967/2330)\rUpdating files:  85% (1981/2330)\rUpdating files:  86% (2004/2330)\rUpdating files:  87% (2028/2330)\rUpdating files:  88% (2051/2330)\rUpdating files:  89% (2074/2330)\rUpdating files:  90% (2097/2330)\rUpdating files:  91% (2121/2330)\rUpdating files:  92% (2144/2330)\rUpdating files:  93% (2167/2330)\rUpdating files:  94% (2191/2330)\rUpdating files:  95% (2214/2330)\rUpdating files:\n... clipped ...",
        "actualHead": "de223ab80ddf80e5ba092dcf2d20f9df7ec91a60",
        "submodules": [
          {
            "path": "projects/71-00075-11",
            "url": "https://github.com/ConstarInc/71-00075-11",
            "commitId": "5ef2fc874782713d1e4752636a8db05cc4a18cd2",
            "actualHead": "5ef2fc874782713d1e4752636a8db05cc4a18cd2",
            "ok": true
          }
        ],
        "keilSidecars": {
          "copied": 1,
          "copiedFiles": [
            {
              "ext": ".uvoptx",
              "source": "projects\\71-00075-11\\FirmWare\\MDK-ARM\\FREQ_Controller_FW.uvoptx",
              "destination": ".worktree\\caserun-constart-71freq-ao-ioprobe-repair-20260614052517-641c9492\\projects\\71-00075-11\\FirmWare\\MDK-ARM\\FREQ_Controller_FW.uvoptx"
            }
          ],
          "missing": [
            "projects\\71-00075-11\\FirmWare\\MDK-ARM\\FREQ_Controller_FW.uvopt"
          ],
          "sourceBase": "projects\\71-00075-11\\FirmWare\\MDK-ARM\\FREQ_Controller_FW",
          "destinationBase": ".worktree\\caserun-constart-71freq-ao-ioprobe-repair-20260614052517-641c9492\\projects\\71-00075-11\\FirmWare\\MDK-ARM\\FREQ_Controller_FW",
          "line": "caseRunKeilSidecars {\"copied\":1,\"copiedFiles\":[{\"ext\":\".uvoptx\",\"source\":\"projects\\\\71-00075-11\\\\FirmWare\\\\MDK-ARM\\\\FREQ_Controller_FW.uvoptx\",\"destination\":\".worktree\\\\caserun-constart-71freq-ao-ioprobe-repair-20260614052517-641c9492\\\\projects\\\\71-00075-11\\\\FirmWare\\\\MDK-ARM\\\\FREQ_Controller_FW.uvoptx\"}],\"missing\":[\"projects\\\\71-00075-11\\\\FirmWare\\\\MDK-ARM\\\\FREQ_Controller_FW.uvopt\"],\"sourceBase\":\"projects\\\\71-00075-11\\\\FirmWare\\\\MDK-ARM\\\\FREQ_Controller_FW\",\"destinationBase\":\".worktree\\\\caserun-constart-71freq-ao-ioprobe-repair-20260614052517-641c9492\\\\projects\\\\71-00075-11\\\\FirmWare\\\\MDK-ARM\\\\FREQ_Controller_FW\"}"
        }
      },
      "sourceRootBaseline": {
        "label": "before-prepare",
        "statusShort": "M \"docs/MDTODO/20260609_\\351\\242\\221\\347\\216\\207\\345\\210\\244\\346\\226\\255_\\347\\224\\250\\346\\210\\267\\345\\217\\215\\351\\246\\210.md\"\n M docs/reference/projects/41-00426-20-Controller-Code/Slave_AC_Module/canopen_communication_usage.md\n M docs/reference/projects/71-00075-11/configuration_usage.md\n M docs/reference/projects/71-00075-11/control_algorithm_gap_closure_loopback_plan.md\n M docs/reference/projects/71-00075-11/control_algorithm_implementation_plan.md\n M docs/reference/projects/71-00075-11/current_implementation_acceptance_and_architecture.md\n M docs/reference/projects/71-00075-11/jsonrpce_api_design.md\n M docs/reference/projects/71-00075-11/original_spec_p0_p1_implementation_plan.md\n M docs/reference/projects/71-00075-11/real_hardware_regression_checklist.md\n M docs/reference/projects/71-00075-11/software_design.md\n m projects/71-00075-11\n?? .worktree/\n?? \"docs/MDTODO/details/20260609_\\351\\242\\221\\347\\216\\207\\345\\210\\244\\346\\226\\255_\\347\\224\\250\\346\\210\\267\\345\\217\\215\\351\\246\\210/20260611_152857_Task_Report.md\"\n?? \"docs/MDTODO/details/20260609_\\351\\242\\221\\347\\216\\207\\345\\210\\244\\346\\226\\255_\\347\\224\\250\\346\\210\\267\\345\\217\\215\\351\\246\\210/20260611_154822_Task_Report.md\"\n?? \"docs/MDTODO/details/20260609_\\351\\242\\221\\347\\216\\207\\345\\210\\244\\346\\226\\255_\\347\\224\\250\\346\\210\\267\\345\\217\\215\\351\\246\\210/20260611_155756_Task_Report.md\"\n?? \"docs/MDTODO/details/20260609_\\351\\242\\221\\347\\216\\207\\345\\210\\244\\346\\226\\255_\\347\\224\\250\\346\\210\\267\\345\\217\\215\\351\\246\\210/20260611_161550_Task_Report.md\"\n?? \"docs/MDTODO/details/20260609_\\351\\242\\221\\347\\216\\207\\345\\210\\244\\346\\226\\255_\\347\\224\\250\\346\\210\\267\\345\\217\\215\\351\\246\\210/20260611_162137_Task_Report.md\"\n?? \"docs/MDTODO/details/20260609_\\351\\242\\221\\347\\216\\207\\345\\210\\244\\346\\226\\255_\\347\\224\\250\\346\\210\\267\\345\\217\\215\\351\\246\\210/20260611_164205_Task_Report.md\"\n?? \"docs/MDTODO/details/20260609_\\351\\242\\221\\347\\216\\207\\345\\210\\244\\346\\226\\255_\\347\\224\\250\\346\\210\\267\\345\\217\\215\\351\\246\\210/20260611_165817_Task_Report.md\"\n?? \"docs/MDTODO/details/20260609_\\351\\242\\221\\347\\216\\207\\345\\210\\244\\346\\226\\255_\\347\\224\\250\\346\\210\\267\\345\\217\\215\\351\\246\\210/20260613_121137_Task_Report.md\"\n?? \"docs/MDTODO/details/20260609_\\351\\242\\221\\347\\216\\207\\345\\210\\244\\346\\226\\255_\\347\\224\\250\\346\\210\\267\\345\\217\\215\\351\\246\\210/20260613_213543_Task_Report.md\"\n?? \"docs/MDTODO/details/20260609_\\351\\242\\221\\347\\216\\207\\345\\210\\244\\346\\226\\255_\\347\\224\\250\\346\\210\\267\\345\\217\\215\\351\\246\\210/R4.1_Task_Report.md\"\n?? \"docs/MDTODO/details/20260609_\\351\\242\\221\\347\\216\\207\\345\\210\\244\\346\\226\\255_\\347\\224\\250\\346\\210\\267\\345\\217\\215\\351\\246\\210/R4_Task_Report.md\"",
        "diffStat": "...224\\250\\346\\210\\267\\345\\217\\215\\351\\246\\210.md\" | 91 ++++++++++++++++++++++\n .../Slave_AC_Module/canopen_communication_usage.md | 11 +++\n .../projects/71-00075-11/configuration_usage.md    |  6 +-\n .../control_algorithm_gap_closure_loopback_plan.md |  6 +-\n .../control_algorithm_implementation_plan.md       | 10 +--\n ...t_implementation_acceptance_and_architecture.md |  6 +-\n .../projects/71-00075-11/jsonrpce_api_design.md    |  7 +-\n .../original_spec_p0_p1_implementation_plan.md     |  6 +-\n .../real_hardware_regression_checklist.md          | 60 ++++++++++++++\n .../projects/71-00075-11/software_design.md        |  4 +-\n projects/71-00075-11                               |  0\n 11 files changed, 186 insertions(+), 21 deletions(-)",
        "diffSha256": "cfaf512a206e421e4e8b0fd1370437733c7564347e5355b20c40ce4b83b5438f",
        "diffBytes": 38908,
        "commands": {
          "status": {
            "label": "source-root-status",
            "httpStatus": 200,
            "exitCode": 0,
            "stdoutBytes": 2634,
            "stderr": ""
          },
          "diffStat": {
            "label": "source-root-diff-stat",
            "httpStatus": 200,
            "exitCode": 0,
            "stdoutBytes": 743,
            "stderr": "warning: in the working copy of 'docs/reference/projects/41-00426-20-Controller-Code/Slave_AC_Module/canopen_communication_usage.md', LF will be replaced by CRLF the next time Git touches it\nwarning: in the working copy of 'docs/reference/projects/71-00075-11/configuration_usage.md', LF will be replaced by CRLF the next time Git touches it\nwarning: in the working copy of 'docs/reference/projects/71-00075-11/control_algorithm_gap_closure_loopback_plan.md', LF will be replaced by CRLF the next time Git touches it\nwarning: in the working copy of 'docs/reference/projects/71-00075-11/control_algorithm_implementation_plan.md', LF will be replaced by CRLF the next time Git touches it\nwarning: in the working copy of 'docs/reference/projects/71-00075-11/current_implementation_acceptance_and_architecture.md', LF will be replaced by CRLF the next time Git touches it\nwarning: in the working copy of 'docs/reference/projects/71-00075-11/jsonrpce_api_design.md', LF will be replaced by CRLF the next t\n... clipped ..."
          },
          "diffPatch": {
            "label": "source-root-diff-patch",
            "httpStatus": 200,
            "exitCode": 0,
            "stdoutBytes": 38908,
            "stderr": "warning: in the working copy of 'docs/reference/projects/41-00426-20-Controller-Code/Slave_AC_Module/canopen_communication_usage.md', LF will be replaced by CRLF the next time Git touches it\nwarning: in the working copy of 'docs/reference/projects/71-00075-11/configuration_usage.md', LF will be replaced by CRLF the next time Git touches it\nwarning: in the working copy of 'docs/reference/projects/71-00075-11/control_algorithm_gap_closure_loopback_plan.md', LF will be replaced by CRLF the next time Git touches it\nwarning: in the working copy of 'docs/reference/projects/71-00075-11/control_algorithm_implementation_plan.md', LF will be replaced by CRLF the next time Git touches it\nwarning: in the working copy of 'docs/reference/projects/71-00075-11/current_implementation_acceptance_and_architecture.md', LF will be replaced by CRLF the next time Git touches it\nwarning: in the working copy of 'docs/reference/projects/71-00075-11/jsonrpce_api_design.md', LF will be replaced by CRLF the next t\n... clipped ..."
          }
        }
      },
      "sourceRootAfterPrepare": {
        "label": "after-prepare",
        "statusShort": "M \"docs/MDTODO/20260609_\\351\\242\\221\\347\\216\\207\\345\\210\\244\\346\\226\\255_\\347\\224\\250\\346\\210\\267\\345\\217\\215\\351\\246\\210.md\"\n M docs/reference/projects/41-00426-20-Controller-Code/Slave_AC_Module/canopen_communication_usage.md\n M docs/reference/projects/71-00075-11/configuration_usage.md\n M docs/reference/projects/71-00075-11/control_algorithm_gap_closure_loopback_plan.md\n M docs/reference/projects/71-00075-11/control_algorithm_implementation_plan.md\n M docs/reference/projects/71-00075-11/current_implementation_acceptance_and_architecture.md\n M docs/reference/projects/71-00075-11/jsonrpce_api_design.md\n M docs/reference/projects/71-00075-11/original_spec_p0_p1_implementation_plan.md\n M docs/reference/projects/71-00075-11/real_hardware_regression_checklist.md\n M docs/reference/projects/71-00075-11/software_design.md\n m projects/71-00075-11\n?? .worktree/\n?? \"docs/MDTODO/details/20260609_\\351\\242\\221\\347\\216\\207\\345\\210\\244\\346\\226\\255_\\347\\224\\250\\346\\210\\267\\345\\217\\215\\351\\246\\210/20260611_152857_Task_Report.md\"\n?? \"docs/MDTODO/details/20260609_\\351\\242\\221\\347\\216\\207\\345\\210\\244\\346\\226\\255_\\347\\224\\250\\346\\210\\267\\345\\217\\215\\351\\246\\210/20260611_154822_Task_Report.md\"\n?? \"docs/MDTODO/details/20260609_\\351\\242\\221\\347\\216\\207\\345\\210\\244\\346\\226\\255_\\347\\224\\250\\346\\210\\267\\345\\217\\215\\351\\246\\210/20260611_155756_Task_Report.md\"\n?? \"docs/MDTODO/details/20260609_\\351\\242\\221\\347\\216\\207\\345\\210\\244\\346\\226\\255_\\347\\224\\250\\346\\210\\267\\345\\217\\215\\351\\246\\210/20260611_161550_Task_Report.md\"\n?? \"docs/MDTODO/details/20260609_\\351\\242\\221\\347\\216\\207\\345\\210\\244\\346\\226\\255_\\347\\224\\250\\346\\210\\267\\345\\217\\215\\351\\246\\210/20260611_162137_Task_Report.md\"\n?? \"docs/MDTODO/details/20260609_\\351\\242\\221\\347\\216\\207\\345\\210\\244\\346\\226\\255_\\347\\224\\250\\346\\210\\267\\345\\217\\215\\351\\246\\210/20260611_164205_Task_Report.md\"\n?? \"docs/MDTODO/details/20260609_\\351\\242\\221\\347\\216\\207\\345\\210\\244\\346\\226\\255_\\347\\224\\250\\346\\210\\267\\345\\217\\215\\351\\246\\210/20260611_165817_Task_Report.md\"\n?? \"docs/MDTODO/details/20260609_\\351\\242\\221\\347\\216\\207\\345\\210\\244\\346\\226\\255_\\347\\224\\250\\346\\210\\267\\345\\217\\215\\351\\246\\210/20260613_121137_Task_Report.md\"\n?? \"docs/MDTODO/details/20260609_\\351\\242\\221\\347\\216\\207\\345\\210\\244\\346\\226\\255_\\347\\224\\250\\346\\210\\267\\345\\217\\215\\351\\246\\210/20260613_213543_Task_Report.md\"\n?? \"docs/MDTODO/details/20260609_\\351\\242\\221\\347\\216\\207\\345\\210\\244\\346\\226\\255_\\347\\224\\250\\346\\210\\267\\345\\217\\215\\351\\246\\210/R4.1_Task_Report.md\"\n?? \"docs/MDTODO/details/20260609_\\351\\242\\221\\347\\216\\207\\345\\210\\244\\346\\226\\255_\\347\\224\\250\\346\\210\\267\\345\\217\\215\\351\\246\\210/R4_Task_Report.md\"",
        "diffStat": "...224\\250\\346\\210\\267\\345\\217\\215\\351\\246\\210.md\" | 91 ++++++++++++++++++++++\n .../Slave_AC_Module/canopen_communication_usage.md | 11 +++\n .../projects/71-00075-11/configuration_usage.md    |  6 +-\n .../control_algorithm_gap_closure_loopback_plan.md |  6 +-\n .../control_algorithm_implementation_plan.md       | 10 +--\n ...t_implementation_acceptance_and_architecture.md |  6 +-\n .../projects/71-00075-11/jsonrpce_api_design.md    |  7 +-\n .../original_spec_p0_p1_implementation_plan.md     |  6 +-\n .../real_hardware_regression_checklist.md          | 60 ++++++++++++++\n .../projects/71-00075-11/software_design.md        |  4 +-\n projects/71-00075-11                               |  0\n 11 files changed, 186 insertions(+), 21 deletions(-)",
        "diffSha256": "cfaf512a206e421e4e8b0fd1370437733c7564347e5355b20c40ce4b83b5438f",
        "diffBytes": 38908,
        "commands": {
          "status": {
            "label": "source-root-status",
            "httpStatus": 200,
            "exitCode": 0,
            "stdoutBytes": 2634,
            "stderr": ""
          },
          "diffStat": {
            "label": "source-root-diff-stat",
            "httpStatus": 200,
            "exitCode": 0,
            "stdoutBytes": 743,
            "stderr": "warning: in the working copy of 'docs/reference/projects/41-00426-20-Controller-Code/Slave_AC_Module/canopen_communication_usage.md', LF will be replaced by CRLF the next time Git touches it\nwarning: in the working copy of 'docs/reference/projects/71-00075-11/configuration_usage.md', LF will be replaced by CRLF the next time Git touches it\nwarning: in the working copy of 'docs/reference/projects/71-00075-11/control_algorithm_gap_closure_loopback_plan.md', LF will be replaced by CRLF the next time Git touches it\nwarning: in the working copy of 'docs/reference/projects/71-00075-11/control_algorithm_implementation_plan.md', LF will be replaced by CRLF the next time Git touches it\nwarning: in the working copy of 'docs/reference/projects/71-00075-11/current_implementation_acceptance_and_architecture.md', LF will be replaced by CRLF the next time Git touches it\nwarning: in the working copy of 'docs/reference/projects/71-00075-11/jsonrpce_api_design.md', LF will be replaced by CRLF the next t\n... clipped ..."
          },
          "diffPatch": {
            "label": "source-root-diff-patch",
            "httpStatus": 200,
            "exitCode": 0,
            "stdoutBytes": 38908,
            "stderr": "warning: in the working copy of 'docs/reference/projects/41-00426-20-Controller-Code/Slave_AC_Module/canopen_communication_usage.md', LF will be replaced by CRLF the next time Git touches it\nwarning: in the working copy of 'docs/reference/projects/71-00075-11/configuration_usage.md', LF will be replaced by CRLF the next time Git touches it\nwarning: in the working copy of 'docs/reference/projects/71-00075-11/control_algorithm_gap_closure_loopback_plan.md', LF will be replaced by CRLF the next time Git touches it\nwarning: in the working copy of 'docs/reference/projects/71-00075-11/control_algorithm_implementation_plan.md', LF will be replaced by CRLF the next time Git touches it\nwarning: in the working copy of 'docs/reference/projects/71-00075-11/current_implementation_acceptance_and_architecture.md', LF will be replaced by CRLF the next time Git touches it\nwarning: in the working copy of 'docs/reference/projects/71-00075-11/jsonrpce_api_design.md', LF will be replaced by CRLF the next t\n... clipped ..."
          }
        }
      }
    },
    "agentTask": {
      "workspace": "subjectWorktree",
      "providerProfile": "sub2api",
      "projectId": "prj_hwpod_workbench",
      "resourceBundlePolicy": "tools-only",
      "timeoutMs": 1500000,
      "promptSha256": "414cff449ea32ec5eb62ecdadcb5ffea47a4b7e79e73a097f8b6e19c622064a3",
      "constraints": [
        "思维过程和输出消息一律使用中文",
        "只允许修改 subjectWorkspacePath 隔离 worktree，不得修改原始 F:\\Work\\ConStart checkout 或 case registry",
        "允许重点修改 projects/71-00075-11/FirmWare/APP/driver/aout.c 和 projects/71-00075-11/FirmWare/APP/user_config.h；如确需触碰其他文件，必须先说明原因并保持最小 diff",
        "不得删除、篡改或伪造 control/status.output.ao_current_ua；该字段只能作为 command echo，不能当作外部电流证据",
        "必须使用 hwpod io-probe read main41.ai0.current 读取 41 主机 AI0 外部电流证据，不要直接解析裸大 JSON 作为最终结论",
        "安全预检先做 4000uA、8000uA、12000uA；只有读数稳定且安全时才做 20000uA；20000uA 后必须立即恢复 4000uA 并再次读取，不要中间重复恢复",
        "下载前必须确认 probe UID 3FD750C63E342E24 与 71-FREQ-C 匹配；不匹配时报告 blocker，不得换探针",
        "遇到 41 主机不可达、AI0 未接线、ioProbe read 失败、download probe 不匹配或 build 失败时，报告 blocker 并保留已完成 evidence"
      ]
    },
    "agent": {
      "stageStatus": "completed",
      "terminalStatus": "completed",
      "commandStatus": "completed",
      "agentRunStatus": "claimed",
      "baseUrl": "http://74.48.78.17:19666",
      "projectId": "prj_hwpod_workbench",
      "providerProfile": "sub2api",
      "requestedProviderProfile": "sub2api",
      "resolvedBackendProfile": "sub2api",
      "provider": "sub2api",
      "model": "sub2api",
      "backend": "agentrun-v01/sub2api",
      "infrastructureBackend": "agentrun-v01/sub2api",
      "providerTrace": {
        "transport": "agentrun-v01",
        "protocol": "agentrun-v01-jsonrpc",
        "wireApi": "agentrun-v01-command-result",
        "source": "agentrun-v01",
        "backendProfile": "sub2api",
        "model": "sub2api",
        "runId": "run_e8d2077dc1674b34b5c7884cf95c97de",
        "commandId": "cmd_d9903ae88c8843e9878b4705a71076bf",
        "terminalStatus": "completed",
        "valuesPrinted": false
      },
      "conversationId": "cnv_case_constart-71freq-ao-ioprobe-repair_constart-71freq-ao-ioprobe-repair-20260614052517-641c9492",
      "sessionId": "ses_b7677e50-06d1-4190-87d2-491ff2a13c64",
      "traceId": "trc_case_constart-71freq-ao-ioprobe-repair_9f25ef24dfd6410ab64396cf1195d51b",
      "promptPath": "/root/hwlab-v02/.state/hwlab-cli/caserun/constart-71freq-ao-ioprobe-repair-20260614052517-641c9492/agent-prompt.md",
      "promptSha256": "d131b53b4e2982325590be69887f96504186d350ba4f1c0d8f45ad607fca1759",
      "polls": 409,
      "timedOut": false,
      "timeoutMs": 1500000,
      "pollIntervalMs": 1000,
      "lastHttpStatus": 200,
      "nextPollCommand": "hwlab-cli client agent result trc_case_constart-71freq-ao-ioprobe-repair_9f25ef24dfd6410ab64396cf1195d51b",
      "traceCommand": "hwlab-cli client agent trace trc_case_constart-71freq-ao-ioprobe-repair_9f25ef24dfd6410ab64396cf1195d51b --render web",
      "inspectCommand": "hwlab-cli client agent inspect --trace-id trc_case_constart-71freq-ao-ioprobe-repair_9f25ef24dfd6410ab64396cf1195d51b",
      "sessionCommand": "hwlab-cli client agent session status ses_b7677e50-06d1-4190-87d2-491ff2a13c64",
      "traceLookup": {
        "source": "hwlab-cli.client.agent",
        "strategy": "id_plus_existing_cli",
        "note": "CaseRun records trace/session identity and reuses existing HWLAB Web-equivalent agent CLI for trace/result/inspect; it does not implement a separate trace query path.",
        "baseUrl": "http://74.48.78.17:19666",
        "traceId": "trc_case_constart-71freq-ao-ioprobe-repair_9f25ef24dfd6410ab64396cf1195d51b",
        "sessionId": "ses_b7677e50-06d1-4190-87d2-491ff2a13c64",
        "conversationId": "cnv_case_constart-71freq-ao-ioprobe-repair_constart-71freq-ao-ioprobe-repair-20260614052517-641c9492",
        "commands": {
          "result": "hwlab-cli client agent result trc_case_constart-71freq-ao-ioprobe-repair_9f25ef24dfd6410ab64396cf1195d51b",
          "trace": "hwlab-cli client agent trace trc_case_constart-71freq-ao-ioprobe-repair_9f25ef24dfd6410ab64396cf1195d51b --render web",
          "traceFull": "hwlab-cli client agent trace trc_case_constart-71freq-ao-ioprobe-repair_9f25ef24dfd6410ab64396cf1195d51b --render web --full",
          "inspect": "hwlab-cli client agent inspect --trace-id trc_case_constart-71freq-ao-ioprobe-repair_9f25ef24dfd6410ab64396cf1195d51b",
          "sessionStatus": "hwlab-cli client agent session status ses_b7677e50-06d1-4190-87d2-491ff2a13c64"
        }
      }
    },
    "traceLookup": {
      "source": "hwlab-cli.client.agent",
      "strategy": "id_plus_existing_cli",
      "note": "CaseRun records trace/session identity and reuses existing HWLAB Web-equivalent agent CLI for trace/result/inspect; it does not implement a separate trace query path.",
      "baseUrl": "http://74.48.78.17:19666",
      "traceId": "trc_case_constart-71freq-ao-ioprobe-repair_9f25ef24dfd6410ab64396cf1195d51b",
      "sessionId": "ses_b7677e50-06d1-4190-87d2-491ff2a13c64",
      "conversationId": "cnv_case_constart-71freq-ao-ioprobe-repair_constart-71freq-ao-ioprobe-repair-20260614052517-641c9492",
      "commands": {
        "result": "hwlab-cli client agent result trc_case_constart-71freq-ao-ioprobe-repair_9f25ef24dfd6410ab64396cf1195d51b",
        "trace": "hwlab-cli client agent trace trc_case_constart-71freq-ao-ioprobe-repair_9f25ef24dfd6410ab64396cf1195d51b --render web",
        "traceFull": "hwlab-cli client agent trace trc_case_constart-71freq-ao-ioprobe-repair_9f25ef24dfd6410ab64396cf1195d51b --render web --full",
        "inspect": "hwlab-cli client agent inspect --trace-id trc_case_constart-71freq-ao-ioprobe-repair_9f25ef24dfd6410ab64396cf1195d51b",
        "sessionStatus": "hwlab-cli client agent session status ses_b7677e50-06d1-4190-87d2-491ff2a13c64"
      }
    },
    "agentTrace": {
      "traceId": "trc_case_constart-71freq-ao-ioprobe-repair_9f25ef24dfd6410ab64396cf1195d51b",
      "status": "completed",
      "httpStatus": 200,
      "source": "hwlab-cli.client.agent.trace",
      "lookup": {
        "source": "hwlab-cli.client.agent",
        "strategy": "id_plus_existing_cli",
        "note": "CaseRun records trace/session identity and reuses existing HWLAB Web-equivalent agent CLI for trace/result/inspect; it does not implement a separate trace query path.",
        "baseUrl": "http://74.48.78.17:19666",
        "traceId": "trc_case_constart-71freq-ao-ioprobe-repair_9f25ef24dfd6410ab64396cf1195d51b",
        "sessionId": "ses_b7677e50-06d1-4190-87d2-491ff2a13c64",
        "conversationId": "cnv_case_constart-71freq-ao-ioprobe-repair_constart-71freq-ao-ioprobe-repair-20260614052517-641c9492",
        "commands": {
          "result": "hwlab-cli client agent result trc_case_constart-71freq-ao-ioprobe-repair_9f25ef24dfd6410ab64396cf1195d51b",
          "trace": "hwlab-cli client agent trace trc_case_constart-71freq-ao-ioprobe-repair_9f25ef24dfd6410ab64396cf1195d51b --render web",
          "traceFull": "hwlab-cli client agent trace trc_case_constart-71freq-ao-ioprobe-repair_9f25ef24dfd6410ab64396cf1195d51b --render web --full",
          "inspect": "hwlab-cli client agent inspect --trace-id trc_case_constart-71freq-ao-ioprobe-repair_9f25ef24dfd6410ab64396cf1195d51b",
          "sessionStatus": "hwlab-cli client agent session status ses_b7677e50-06d1-4190-87d2-491ff2a13c64"
        }
      },
      "sourceEventCount": 317,
      "renderedRowCount": 114,
      "commandCount": 38,
      "hwpodCommandCount": 38,
      "hwpodBuildCommandCount": 2,
      "keilJobCandidates": [
        "20260614_133010_6556c51f",
        "20260614_133440_911c8f8c",
        "20260614_133529_669d9a04",
        "20260614_133114_9274c252"
      ],
      "agentBuildJobIds": [
        "20260614_133010_6556c51f",
        "20260614_133440_911c8f8c",
        "20260614_133529_669d9a04",
        "20260614_133114_9274c252"
      ],
      "terminalStatus": "completed",
      "commands": [
        {
          "source": "trace-row",
          "seq": 27,
          "rowId": "tool:call_WUTCuZYLYzIXGTbKB5V1Bhij",
          "header": "05:26:09 total=00:00:27 ok commandExecution",
          "command": "hwpod-ctl spec validate --hwpod-id constart-71freq-c --workspace-path \"F:\\Work\\ConStart\\.worktree\\caserun-constart-71freq-ao-ioprobe-repair-20260614052517-641c9492\"",
          "normalizedCommand": "hwpod-ctl spec validate --hwpod-id constart-71freq-c --workspace-path \"F:\\Work\\ConStart\\.worktree\\caserun-constart-71freq-ao-ioprobe-repair-20260614052517-641c9492",
          "bodyPreview": "hwpod-ctl spec validate --hwpod-id constart-71freq-c --workspace-path \"F:\\Work\\ConStart\\.worktree\\caserun-constart-71freq-ao-ioprobe-repair-20260614052517-641c9492\"\nstdout:\n{ \"ok\": true, \"action\": \"hwpod-ctl.spec.validate\", \"status\": \"succeeded\", \"specPath\": \"/home/agentrun/workspaces/gitbundle-bd8af3b3e5f52f99/workspace/tools/hwpod-specs/constart-71freq-c.yaml\", \"hwpodId\": \"constart-71freq-c\", \"specAuthority\": \"gitbundle-bundled-spec\", \"resolvedAuthority\": { \"hwpodId\": \"constart-71freq-c\", \"specPath\": \"/home/agentrun/workspaces/gitbundle-bd8af3b3e5f52f99/workspace/tools/hwpod-specs/constart-71freq-c.yaml\", \"specAuthority\": \"gitbundle-bundled-spec\", \"workspacePath\": \"F:\\\\Work\\\\ConStart\\\\.worktree\\\\caserun-constart-71freq-ao-ioprobe-repair-20260614052517-641c94...\nexitCode=0\ndurationMs=0\noutputBytes=4240\noutputTruncated=true\nsourceSeq=22",
          "exitCode": 0
        },
        {
          "source": "trace-row",
          "seq": 31,
          "rowId": "tool:call_DKJ0054vb94cxoHRcZL6KCMT",
          "header": "05:26:25 total=00:00:43 ok commandExecution",
          "command": "hwpod inspect --hwpod-id constart-71freq-c --workspace-path \"F:\\Work\\ConStart\\.worktree\\caserun-constart-71freq-ao-ioprobe-repair-20260614052517-641c9492\"",
          "normalizedCommand": "hwpod inspect --hwpod-id constart-71freq-c --workspace-path \"F:\\Work\\ConStart\\.worktree\\caserun-constart-71freq-ao-ioprobe-repair-20260614052517-641c9492",
          "bodyPreview": "hwpod inspect --hwpod-id constart-71freq-c --workspace-path \"F:\\Work\\ConStart\\.worktree\\caserun-constart-71freq-ao-ioprobe-repair-20260614052517-641c9492\"\nstdout:\n{ \"ok\": true, \"action\": \"hwpod-cli.invoke\", \"status\": \"completed\", \"specPath\": \"/home/agentrun/workspaces/gitbundle-bd8af3b3e5f52f99/workspace/tools/hwpod-specs/constart-71freq-c.yaml\", \"hwpodId\": \"constart-71freq-c\", \"specAuthority\": \"gitbundle-bundled-spec\", \"resolvedAuthority\": { \"hwpodId\": \"constart-71freq-c\", \"specPath\": \"/home/agentrun/workspaces/gitbundle-bd8af3b3e5f52f99/workspace/tools/hwpod-specs/constart-71freq-c.yaml\", \"specAuthority\": \"gitbundle-bundled-spec\", \"workspacePath\": \"F:\\\\Work\\\\ConStart\\\\.worktree\\\\caserun-constart-71freq-ao-ioprobe-repair-20260614052517-641c9492\", \"e...\nexitCode=0\ndurationMs=1079\noutputBytes=4070\noutputTruncated=true\nsourceSeq=26",
          "exitCode": 0
        },
        {
          "source": "trace-row",
          "seq": 65,
          "rowId": "tool:call_4CNkv0JMvMTjH6ABCjXvzpDo",
          "header": "05:29:52 total=00:04:10 ok commandExecution",
          "command": "cat <<'PATCH' | hwpod workspace apply-patch --reason \"model bad AO current calibration baseline\" --hwpod-id constart-71freq-c --workspace-path \"F:\\Work\\ConStart\\.worktree\\caserun-constart-71freq-ao-ioprobe-repair-20260614052517-641c9492\" *** Begin Patch *** Update File: projects/71-00075-11/FirmWare/APP/driver/aout.c @@ -#define AO_CAL_ZERO_UA 39U +#define AO_CAL_ZERO_UA 0U #define AO_CAL_DUTY_NUM 100000U -#define AO_CAL_DUTY_DEN 170375U +#define AO_CAL_DUTY_DEN 200000U *** End Patch PATCH",
          "normalizedCommand": "hwpod workspace apply-patch --reason \"model bad AO current calibration baseline\" --hwpod-id constart-71freq-c --workspace-path \"F:\\Work\\ConStart\\.worktree\\caserun-constart-71freq-ao-ioprobe-repair-20260614052517-641c9492\" *** Begin Patch *** Update File: projects/71-00075-11/FirmWare/APP/driver/aout.c @@ -#define AO_CAL_ZERO_UA 39U +#define AO_CAL_ZERO_UA 0U #define AO_CAL_DUTY_NUM 100000U -#define AO_CAL_DUTY_DEN 170375U +#define AO_CAL_DUTY_DEN 200000U *** End Patch PATCH",
          "bodyPreview": "cat <<'PATCH' | hwpod workspace apply-patch --reason \"model bad AO current calibration baseline\" --hwpod-id constart-71freq-c --workspace-path \"F:\\Work\\ConStart\\.worktree\\caserun-constart-71freq-ao-ioprobe-repair-20260614052517-641c9492\" *** Begin Patch *** Update File: projects/71-00075-11/FirmWare/APP/driver/aout.c @@ -#define AO_CAL_ZERO_UA 39U +#define AO_CAL_ZERO_UA 0U #define AO_CAL_DUTY_NUM 100000U -#define AO_CAL_DUTY_DEN 170375U +#define AO_CAL_DUTY_DEN 200000U *** End Patch PATCH\nstdout:\n{ \"ok\": true, \"action\": \"hwpod-cli.invoke\", \"status\": \"completed\", \"specPath\": \"/home/agentrun/workspaces/gitbundle-bd8af3b3e5f52f99/workspace/tools/hwpod-specs/constart-71freq-c.yaml\", \"hwpodId\": \"constart-71freq-c\", \"specAuthority\": \"gitbundle-bundled-spec\", \"resolvedAuthority\": { \"hwpodId\": \"constart-71freq-c\", \"specPath\": \"/home/agentrun/workspaces/gitbundle-bd8af3b3e5f52f99/workspace/tools/hwpod-specs/constart-71freq-c.yaml\", \"specAuthority\": \"gitbundle-bundled-spec\", \"workspacePath\": \"F:\\\\Work\\\\ConStart\\\\.worktree\\\\caserun-constart-71freq-ao-ioprobe-repair-20260614052517-641c9492\", \"e...\nexitCode=0\ndurationMs=1224\noutputBytes=4576\noutputTruncated=true\nsourceSeq=60",
          "exitCode": 0
        },
        {
          "source": "trace-row",
          "seq": 70,
          "rowId": "tool:call_7TljkJfavwY8pIbrB9dO2kpF",
          "header": "05:30:12 total=00:04:31 ok commandExecution",
          "command": "hwpod build --hwpod-id constart-71freq-c --workspace-path \"F:\\Work\\ConStart\\.worktree\\caserun-constart-71freq-ao-ioprobe-repair-20260614052517-641c9492\"",
          "normalizedCommand": "hwpod build --hwpod-id constart-71freq-c --workspace-path \"F:\\Work\\ConStart\\.worktree\\caserun-constart-71freq-ao-ioprobe-repair-20260614052517-641c9492",
          "bodyPreview": "hwpod build --hwpod-id constart-71freq-c --workspace-path \"F:\\Work\\ConStart\\.worktree\\caserun-constart-71freq-ao-ioprobe-repair-20260614052517-641c9492\"\nstdout:\n{ \"ok\": true, \"action\": \"hwpod-cli.invoke\", \"status\": \"completed\", \"specPath\": \"/home/agentrun/workspaces/gitbundle-bd8af3b3e5f52f99/workspace/tools/hwpod-specs/constart-71freq-c.yaml\", \"hwpodId\": \"constart-71freq-c\", \"specAuthority\": \"gitbundle-bundled-spec\", \"resolvedAuthority\": { \"hwpodId\": \"constart-71freq-c\", \"specPath\": \"/home/agentrun/workspaces/gitbundle-bd8af3b3e5f52f99/workspace/tools/hwpod-specs/constart-71freq-c.yaml\", \"specAuthority\": \"gitbundle-bundled-spec\", \"workspacePath\": \"F:\\\\Work\\\\ConStart\\\\.worktree\\\\caserun-constart-71freq-ao-ioprobe-repair-20260614052517-641c9492\", \"e...\nexitCode=0\ndurationMs=1179\noutputBytes=4231\noutputTruncated=true\nsourceSeq=65",
          "exitCode": 0
        },
        {
          "source": "trace-row",
          "seq": 86,
          "rowId": "tool:call_JGPXAm65zTy56zksc3zLSM0d",
          "header": "05:31:16 total=00:05:35 ok commandExecution",
          "command": "hwpod download --hwpod-id constart-71freq-c --workspace-path \"F:\\Work\\ConStart\\.worktree\\caserun-constart-71freq-ao-ioprobe-repair-20260614052517-641c9492\"",
          "normalizedCommand": "hwpod download --hwpod-id constart-71freq-c --workspace-path \"F:\\Work\\ConStart\\.worktree\\caserun-constart-71freq-ao-ioprobe-repair-20260614052517-641c9492",
          "bodyPreview": "hwpod download --hwpod-id constart-71freq-c --workspace-path \"F:\\Work\\ConStart\\.worktree\\caserun-constart-71freq-ao-ioprobe-repair-20260614052517-641c9492\"\nstdout:\n{ \"ok\": true, \"action\": \"hwpod-cli.invoke\", \"status\": \"completed\", \"specPath\": \"/home/agentrun/workspaces/gitbundle-bd8af3b3e5f52f99/workspace/tools/hwpod-specs/constart-71freq-c.yaml\", \"hwpodId\": \"constart-71freq-c\", \"specAuthority\": \"gitbundle-bundled-spec\", \"resolvedAuthority\": { \"hwpodId\": \"constart-71freq-c\", \"specPath\": \"/home/agentrun/workspaces/gitbundle-bd8af3b3e5f52f99/workspace/tools/hwpod-specs/constart-71freq-c.yaml\", \"specAuthority\": \"gitbundle-bundled-spec\", \"workspacePath\": \"F:\\\\Work\\\\ConStart\\\\.worktree\\\\caserun-constart-71freq-ao-ioprobe-repair-20260614052517-641c9492\", \"e...\nexitCode=0\ndurationMs=2122\noutputBytes=4234\noutputTruncated=true\nsourceSeq=81",
          "exitCode": 0
        },
        {
          "source": "trace-row",
          "seq": 40,
          "rowId": "tool:call_eby6NDBLA09SVKxfgSTT6Z1d",
          "header": "05:26:56 total=00:01:14 ok commandExecution",
          "command": "hwpod io-probe read main41.ai0.current --hwpod-id constart-71freq-c --workspace-path \"F:\\Work\\ConStart\\.worktree\\caserun-constart-71freq-ao-ioprobe-repair-20260614052517-641c9492\"",
          "normalizedCommand": "hwpod io-probe read main41.ai0.current --hwpod-id constart-71freq-c --workspace-path \"F:\\Work\\ConStart\\.worktree\\caserun-constart-71freq-ao-ioprobe-repair-20260614052517-641c9492",
          "bodyPreview": "hwpod io-probe read main41.ai0.current --hwpod-id constart-71freq-c --workspace-path \"F:\\Work\\ConStart\\.worktree\\caserun-constart-71freq-ao-ioprobe-repair-20260614052517-641c9492\"\nstdout:\n{ \"ok\": true, \"action\": \"hwpod-cli.invoke\", \"status\": \"completed\", \"specPath\": \"/home/agentrun/workspaces/gitbundle-bd8af3b3e5f52f99/workspace/tools/hwpod-specs/constart-71freq-c.yaml\", \"hwpodId\": \"constart-71freq-c\", \"specAuthority\": \"gitbundle-bundled-spec\", \"resolvedAuthority\": { \"hwpodId\": \"constart-71freq-c\", \"specPath\": \"/home/agentrun/workspaces/gitbundle-bd8af3b3e5f52f99/workspace/tools/hwpod-specs/constart-71freq-c.yaml\", \"specAuthority\": \"gitbundle-bundled-spec\", \"workspacePath\": \"F:\\\\Work\\\\ConStart\\\\.worktree\\\\caserun-constart-71freq-ao-ioprobe-repair-20260614052517-641c9492\", \"e...\nexitCode=0\ndurationMs=4604\noutputBytes=4258\noutputTruncated=true\nsourceSeq=35",
          "exitCode": 0
        },
        {
          "source": "trace-row",
          "seq": 102,
          "rowId": "tool:call_go8NAnT3RZ53xQFjrFD6oRmE",
          "header": "05:32:15 total=00:06:33 ok commandExecution",
          "command": "hwpod board-comm jrpctcp put hardware/ao/current/4000 --hwpod-id constart-71freq-c --workspace-path \"F:\\Work\\ConStart\\.worktree\\caserun-constart-71freq-ao-ioprobe-repair-20260614052517-641c9492\"",
          "normalizedCommand": "hwpod board-comm jrpctcp put hardware/ao/current/4000 --hwpod-id constart-71freq-c --workspace-path \"F:\\Work\\ConStart\\.worktree\\caserun-constart-71freq-ao-ioprobe-repair-20260614052517-641c9492",
          "bodyPreview": "hwpod board-comm jrpctcp put hardware/ao/current/4000 --hwpod-id constart-71freq-c --workspace-path \"F:\\Work\\ConStart\\.worktree\\caserun-constart-71freq-ao-ioprobe-repair-20260614052517-641c9492\"\nstdout:\n{ \"ok\": true, \"action\": \"hwpod-cli.invoke\", \"status\": \"completed\", \"specPath\": \"/home/agentrun/workspaces/gitbundle-bd8af3b3e5f52f99/workspace/tools/hwpod-specs/constart-71freq-c.yaml\", \"hwpodId\": \"constart-71freq-c\", \"specAuthority\": \"gitbundle-bundled-spec\", \"resolvedAuthority\": { \"hwpodId\": \"constart-71freq-c\", \"specPath\": \"/home/agentrun/workspaces/gitbundle-bd8af3b3e5f52f99/workspace/tools/hwpod-specs/constart-71freq-c.yaml\", \"specAuthority\": \"gitbundle-bundled-spec\", \"workspacePath\": \"F:\\\\Work\\\\ConStart\\\\.worktree\\\\caserun-constart-71freq-ao-ioprobe-repair-20260614052517-641c9492\", \"e...\nexitCode=0\ndurationMs=3621\noutputBytes=4273\noutputTruncated=true\nsourceSeq=97",
          "exitCode": 0
        },
        {
          "source": "trace-row",
          "seq": 33,
          "rowId": "tool:call_wks6CaeUitULzFn0EJuZLEWu",
          "header": "05:26:41 total=00:01:00 ok commandExecution",
          "command": "hwpod io-probe inspect main41.ai0.current --hwpod-id constart-71freq-c --workspace-path \"F:\\Work\\ConStart\\.worktree\\caserun-constart-71freq-ao-ioprobe-repair-20260614052517-641c9492\"",
          "normalizedCommand": "hwpod io-probe inspect main41.ai0.current --hwpod-id constart-71freq-c --workspace-path \"F:\\Work\\ConStart\\.worktree\\caserun-constart-71freq-ao-ioprobe-repair-20260614052517-641c9492",
          "bodyPreview": "hwpod io-probe inspect main41.ai0.current --hwpod-id constart-71freq-c --workspace-path \"F:\\Work\\ConStart\\.worktree\\caserun-constart-71freq-ao-ioprobe-repair-20260614052517-641c9492\"\nstdout:\n{ \"ok\": true, \"action\": \"hwpod-cli.io-probe.inspect\", \"status\": \"succeeded\", \"specPath\": \"/home/agentrun/workspaces/gitbundle-bd8af3b3e5f52f99/workspace/tools/hwpod-specs/constart-71freq-c.yaml\", \"hwpodId\": \"constart-71freq-c\", \"specAuthority\": \"gitbundle-bundled-spec\", \"resolvedAuthority\": { \"hwpodId\": \"constart-71freq-c\", \"specPath\": \"/home/agentrun/workspaces/gitbundle-bd8af3b3e5f52f99/workspace/tools/hwpod-specs/constart-71freq-c.yaml\", \"specAuthority\": \"gitbundle-bundled-spec\", \"workspacePath\": \"F:\\\\Work\\\\ConStart\\\\.worktree\\\\caserun-constart-71freq-ao-ioprobe-repair-20260614052517-641...\nexitCode=0\ndurationMs=0\noutputBytes=2501\nsourceSeq=28",
          "exitCode": 0
        },
        {
          "source": "trace-row",
          "seq": 44,
          "rowId": "tool:call_y3BAiOelU3ObPCrPaEX3SJFB",
          "header": "05:27:20 total=00:01:38 ok commandExecution",
          "command": "hwpod workspace --help --hwpod-id constart-71freq-c --workspace-path \"F:\\Work\\ConStart\\.worktree\\caserun-constart-71freq-ao-ioprobe-repair-20260614052517-641c9492\"",
          "normalizedCommand": "hwpod workspace --help --hwpod-id constart-71freq-c --workspace-path \"F:\\Work\\ConStart\\.worktree\\caserun-constart-71freq-ao-ioprobe-repair-20260614052517-641c9492",
          "bodyPreview": "hwpod workspace --help --hwpod-id constart-71freq-c --workspace-path \"F:\\Work\\ConStart\\.worktree\\caserun-constart-71freq-ao-ioprobe-repair-20260614052517-641c9492\"\nstdout:\n{ \"ok\": true, \"action\": \"hwpod-cli.workspace.help\", \"status\": \"succeeded\", \"contractVersion\": \"hwpod-node-ops-v1\", \"command\": \"workspace\", \"subcommand\": null, \"applyPatchExample\": \"cat > /tmp/hwpod.patch <<'PATCH'\\n*** Begin Patch\\n*** Update File: projects/01_baseline/User/main.c\\n@@\\n #include \\\"d601_lcd.h\\\"\\n+#include \\\"d601_arm2d_demo.h\\\"\\n \\n int main(void)\\n@@\\n d601_lcd_init();\\n+ d601_arm2d_demo_show();\\n*** End Patch\\nPATCH\\ncat /tmp/hwpod.patch | hwpod workspace apply-patch --reason \\\"edit subject workspace through hwpod-node\\\"\", \"applyPatchRules\": [ \"Use a multi-line Codex/UniDes...\nexitCode=0\ndurationMs=0\noutputBytes=2871\nsourceSeq=39",
          "exitCode": 0
        },
        {
          "source": "trace-row",
          "seq": 48,
          "rowId": "tool:call_LCQ562A8AoZih78Bml5kMxdl",
          "header": "05:27:39 total=00:01:57 ok commandExecution",
          "command": "hwpod cmd git rev-parse HEAD --hwpod-id constart-71freq-c --workspace-path \"F:\\Work\\ConStart\\.worktree\\caserun-constart-71freq-ao-ioprobe-repair-20260614052517-641c9492\"",
          "normalizedCommand": "hwpod cmd git rev-parse HEAD --hwpod-id constart-71freq-c --workspace-path \"F:\\Work\\ConStart\\.worktree\\caserun-constart-71freq-ao-ioprobe-repair-20260614052517-641c9492",
          "bodyPreview": "hwpod cmd git rev-parse HEAD --hwpod-id constart-71freq-c --workspace-path \"F:\\Work\\ConStart\\.worktree\\caserun-constart-71freq-ao-ioprobe-repair-20260614052517-641c9492\"\nstdout:\n{ \"ok\": true, \"action\": \"hwpod-cli.invoke\", \"status\": \"completed\", \"specPath\": \"/home/agentrun/workspaces/gitbundle-bd8af3b3e5f52f99/workspace/tools/hwpod-specs/constart-71freq-c.yaml\", \"hwpodId\": \"constart-71freq-c\", \"specAuthority\": \"gitbundle-bundled-spec\", \"resolvedAuthority\": { \"hwpodId\": \"constart-71freq-c\", \"specPath\": \"/home/agentrun/workspaces/gitbundle-bd8af3b3e5f52f99/workspace/tools/hwpod-specs/constart-71freq-c.yaml\", \"specAuthority\": \"gitbundle-bundled-spec\", \"workspacePath\": \"F:\\\\Work\\\\ConStart\\\\.worktree\\\\caserun-constart-71freq-ao-ioprobe-repair-20260614052517-641c9492\", \"e...\nexitCode=0\ndurationMs=952\noutputBytes=4247\noutputTruncated=true\nsourceSeq=43",
          "exitCode": 0
        },
        {
          "source": "trace-row",
          "seq": 54,
          "rowId": "tool:call_Dd0v6dxAQMsbBKKbvB5ABhEZ",
          "header": "05:28:31 total=00:02:49 ok commandExecution",
          "command": "hwpod cmd git -C projects/71-00075-11 rev-parse HEAD --hwpod-id constart-71freq-c --workspace-path \"F:\\Work\\ConStart\\.worktree\\caserun-constart-71freq-ao-ioprobe-repair-20260614052517-641c9492\"",
          "normalizedCommand": "hwpod cmd git -C projects/71-00075-11 rev-parse HEAD --hwpod-id constart-71freq-c --workspace-path \"F:\\Work\\ConStart\\.worktree\\caserun-constart-71freq-ao-ioprobe-repair-20260614052517-641c9492",
          "bodyPreview": "hwpod cmd git -C projects/71-00075-11 rev-parse HEAD --hwpod-id constart-71freq-c --workspace-path \"F:\\Work\\ConStart\\.worktree\\caserun-constart-71freq-ao-ioprobe-repair-20260614052517-641c9492\"\nstdout:\n{ \"ok\": true, \"action\": \"hwpod-cli.invoke\", \"status\": \"completed\", \"specPath\": \"/home/agentrun/workspaces/gitbundle-bd8af3b3e5f52f99/workspace/tools/hwpod-specs/constart-71freq-c.yaml\", \"hwpodId\": \"constart-71freq-c\", \"specAuthority\": \"gitbundle-bundled-spec\", \"resolvedAuthority\": { \"hwpodId\": \"constart-71freq-c\", \"specPath\": \"/home/agentrun/workspaces/gitbundle-bd8af3b3e5f52f99/workspace/tools/hwpod-specs/constart-71freq-c.yaml\", \"specAuthority\": \"gitbundle-bundled-spec\", \"workspacePath\": \"F:\\\\Work\\\\ConStart\\\\.worktree\\\\caserun-constart-71freq-ao-ioprobe-repair-20260614052517-641c9492\", \"e...\nexitCode=0\ndurationMs=840\noutputBytes=4271\noutputTruncated=true\nsourceSeq=49",
          "exitCode": 0
        },
        {
          "source": "trace-row",
          "seq": 56,
          "rowId": "tool:call_7yqf40ZnPRdpYvnQaZpkv55L",
          "header": "05:28:31 total=00:02:50 ok commandExecution",
          "command": "hwpod workspace cat projects/71-00075-11/FirmWare/APP/driver/aout.c --hwpod-id constart-71freq-c --workspace-path \"F:\\Work\\ConStart\\.worktree\\caserun-constart-71freq-ao-ioprobe-repair-20260614052517-641c9492\"",
          "normalizedCommand": "hwpod workspace cat projects/71-00075-11/FirmWare/APP/driver/aout.c --hwpod-id constart-71freq-c --workspace-path \"F:\\Work\\ConStart\\.worktree\\caserun-constart-71freq-ao-ioprobe-repair-20260614052517-641c9492",
          "bodyPreview": "hwpod workspace cat projects/71-00075-11/FirmWare/APP/driver/aout.c --hwpod-id constart-71freq-c --workspace-path \"F:\\Work\\ConStart\\.worktree\\caserun-constart-71freq-ao-ioprobe-repair-20260614052517-641c9492\"\nstdout:\n{ \"ok\": true, \"action\": \"hwpod-cli.invoke\", \"status\": \"completed\", \"specPath\": \"/home/agentrun/workspaces/gitbundle-bd8af3b3e5f52f99/workspace/tools/hwpod-specs/constart-71freq-c.yaml\", \"hwpodId\": \"constart-71freq-c\", \"specAuthority\": \"gitbundle-bundled-spec\", \"resolvedAuthority\": { \"hwpodId\": \"constart-71freq-c\", \"specPath\": \"/home/agentrun/workspaces/gitbundle-bd8af3b3e5f52f99/workspace/tools/hwpod-specs/constart-71freq-c.yaml\", \"specAuthority\": \"gitbundle-bundled-spec\", \"workspacePath\": \"F:\\\\Work\\\\ConStart\\\\.worktree\\\\caserun-constart-71freq-ao-ioprobe-repair-20260614052517-641c9492\", \"e...\nexitCode=0\ndurationMs=1200\noutputBytes=4287\noutputTruncated=true\nsourceSeq=51",
          "exitCode": 0
        },
        {
          "source": "trace-row",
          "seq": 58,
          "rowId": "tool:call_TFzjWCemNgrRT52bz2GsGTrn",
          "header": "05:28:32 total=00:02:50 ok commandExecution",
          "command": "hwpod workspace cat projects/71-00075-11/FirmWare/APP/user_config.h --hwpod-id constart-71freq-c --workspace-path \"F:\\Work\\ConStart\\.worktree\\caserun-constart-71freq-ao-ioprobe-repair-20260614052517-641c9492\"",
          "normalizedCommand": "hwpod workspace cat projects/71-00075-11/FirmWare/APP/user_config.h --hwpod-id constart-71freq-c --workspace-path \"F:\\Work\\ConStart\\.worktree\\caserun-constart-71freq-ao-ioprobe-repair-20260614052517-641c9492",
          "bodyPreview": "hwpod workspace cat projects/71-00075-11/FirmWare/APP/user_config.h --hwpod-id constart-71freq-c --workspace-path \"F:\\Work\\ConStart\\.worktree\\caserun-constart-71freq-ao-ioprobe-repair-20260614052517-641c9492\"\nstdout:\n{ \"ok\": true, \"action\": \"hwpod-cli.invoke\", \"status\": \"completed\", \"specPath\": \"/home/agentrun/workspaces/gitbundle-bd8af3b3e5f52f99/workspace/tools/hwpod-specs/constart-71freq-c.yaml\", \"hwpodId\": \"constart-71freq-c\", \"specAuthority\": \"gitbundle-bundled-spec\", \"resolvedAuthority\": { \"hwpodId\": \"constart-71freq-c\", \"specPath\": \"/home/agentrun/workspaces/gitbundle-bd8af3b3e5f52f99/workspace/tools/hwpod-specs/constart-71freq-c.yaml\", \"specAuthority\": \"gitbundle-bundled-spec\", \"workspacePath\": \"F:\\\\Work\\\\ConStart\\\\.worktree\\\\caserun-constart-71freq-ao-ioprobe-repair-20260614052517-641c9492\", \"e...\nexitCode=0\ndurationMs=1363\noutputBytes=4287\noutputTruncated=true\nsourceSeq=53",
          "exitCode": 0
        },
        {
          "source": "trace-row",
          "seq": 175,
          "rowId": "tool:call_5yq302TGnAb2qJK6WsrOCe0L",
          "header": "05:36:26 total=00:10:44 ok commandExecution",
          "command": "hwpod board-comm jrpctcp put hardware/ao/current/4000 --hwpod-id constart-71freq-c --workspace-path \"F:\\Work\\ConStart\\.worktree\\caserun-constart-71freq-ao-ioprobe-repair-20260614052517-641c9492\"",
          "normalizedCommand": "hwpod board-comm jrpctcp put hardware/ao/current/4000 --hwpod-id constart-71freq-c --workspace-path \"F:\\Work\\ConStart\\.worktree\\caserun-constart-71freq-ao-ioprobe-repair-20260614052517-641c9492",
          "bodyPreview": "hwpod board-comm jrpctcp put hardware/ao/current/4000 --hwpod-id constart-71freq-c --workspace-path \"F:\\Work\\ConStart\\.worktree\\caserun-constart-71freq-ao-ioprobe-repair-20260614052517-641c9492\"\nstdout:\n{ \"ok\": true, \"action\": \"hwpod-cli.invoke\", \"status\": \"completed\", \"specPath\": \"/home/agentrun/workspaces/gitbundle-bd8af3b3e5f52f99/workspace/tools/hwpod-specs/constart-71freq-c.yaml\", \"hwpodId\": \"constart-71freq-c\", \"specAuthority\": \"gitbundle-bundled-spec\", \"resolvedAuthority\": { \"hwpodId\": \"constart-71freq-c\", \"specPath\": \"/home/agentrun/workspaces/gitbundle-bd8af3b3e5f52f99/workspace/tools/hwpod-specs/constart-71freq-c.yaml\", \"specAuthority\": \"gitbundle-bundled-spec\", \"workspacePath\": \"F:\\\\Work\\\\ConStart\\\\.worktree\\\\caserun-constart-71freq-ao-ioprobe-repair-20260614052517-641c9492\", \"e...\nexitCode=0\ndurationMs=1595\noutputBytes=4273\noutputTruncated=true\nsourceSeq=170",
          "exitCode": 0
        },
        {
          "source": "trace-row",
          "seq": 184,
          "rowId": "tool:call_XQzMwaUpWuKd91gzpbEphLqR",
          "header": "05:36:51 total=00:11:09 ok commandExecution",
          "command": "hwpod io-probe read main41.ai0.current --hwpod-id constart-71freq-c --workspace-path \"F:\\Work\\ConStart\\.worktree\\caserun-constart-71freq-ao-ioprobe-repair-20260614052517-641c9492\"",
          "normalizedCommand": "hwpod io-probe read main41.ai0.current --hwpod-id constart-71freq-c --workspace-path \"F:\\Work\\ConStart\\.worktree\\caserun-constart-71freq-ao-ioprobe-repair-20260614052517-641c9492",
          "bodyPreview": "hwpod io-probe read main41.ai0.current --hwpod-id constart-71freq-c --workspace-path \"F:\\Work\\ConStart\\.worktree\\caserun-constart-71freq-ao-ioprobe-repair-20260614052517-641c9492\"\nstdout:\n{ \"ok\": true, \"action\": \"hwpod-cli.invoke\", \"status\": \"completed\", \"specPath\": \"/home/agentrun/workspaces/gitbundle-bd8af3b3e5f52f99/workspace/tools/hwpod-specs/constart-71freq-c.yaml\", \"hwpodId\": \"constart-71freq-c\", \"specAuthority\": \"gitbundle-bundled-spec\", \"resolvedAuthority\": { \"hwpodId\": \"constart-71freq-c\", \"specPath\": \"/home/agentrun/workspaces/gitbundle-bd8af3b3e5f52f99/workspace/tools/hwpod-specs/constart-71freq-c.yaml\", \"specAuthority\": \"gitbundle-bundled-spec\", \"workspacePath\": \"F:\\\\Work\\\\ConStart\\\\.worktree\\\\caserun-constart-71freq-ao-ioprobe-repair-20260614052517-641c9492\", \"e...\nexitCode=0\ndurationMs=3273\noutputBytes=4258\noutputTruncated=true\nsourceSeq=179",
          "exitCode": 0
        },
        {
          "source": "trace-row",
          "seq": 189,
          "rowId": "tool:call_KXbikqCBshfv7prSp4xkOjt1",
          "header": "05:37:10 total=00:11:28 ok commandExecution",
          "command": "hwpod board-comm jrpctcp put hardware/ao/current/8000 --hwpod-id constart-71freq-c --workspace-path \"F:\\Work\\ConStart\\.worktree\\caserun-constart-71freq-ao-ioprobe-repair-20260614052517-641c9492\"",
          "normalizedCommand": "hwpod board-comm jrpctcp put hardware/ao/current/8000 --hwpod-id constart-71freq-c --workspace-path \"F:\\Work\\ConStart\\.worktree\\caserun-constart-71freq-ao-ioprobe-repair-20260614052517-641c9492",
          "bodyPreview": "hwpod board-comm jrpctcp put hardware/ao/current/8000 --hwpod-id constart-71freq-c --workspace-path \"F:\\Work\\ConStart\\.worktree\\caserun-constart-71freq-ao-ioprobe-repair-20260614052517-641c9492\"\nstdout:\n{ \"ok\": true, \"action\": \"hwpod-cli.invoke\", \"status\": \"completed\", \"specPath\": \"/home/agentrun/workspaces/gitbundle-bd8af3b3e5f52f99/workspace/tools/hwpod-specs/constart-71freq-c.yaml\", \"hwpodId\": \"constart-71freq-c\", \"specAuthority\": \"gitbundle-bundled-spec\", \"resolvedAuthority\": { \"hwpodId\": \"constart-71freq-c\", \"specPath\": \"/home/agentrun/workspaces/gitbundle-bd8af3b3e5f52f99/workspace/tools/hwpod-specs/constart-71freq-c.yaml\", \"specAuthority\": \"gitbundle-bundled-spec\", \"workspacePath\": \"F:\\\\Work\\\\ConStart\\\\.worktree\\\\caserun-constart-71freq-ao-ioprobe-repair-20260614052517-641c9492\", \"e...\nexitCode=0\ndurationMs=2003\noutputBytes=4273\noutputTruncated=true\nsourceSeq=184",
          "exitCode": 0
        },
        {
          "source": "trace-row",
          "seq": 198,
          "rowId": "tool:call_rCXelGIcJnRpJRUVezcu35YE",
          "header": "05:37:37 total=00:11:55 ok commandExecution",
          "command": "hwpod io-probe read main41.ai0.current --hwpod-id constart-71freq-c --workspace-path \"F:\\Work\\ConStart\\.worktree\\caserun-constart-71freq-ao-ioprobe-repair-20260614052517-641c9492\"",
          "normalizedCommand": "hwpod io-probe read main41.ai0.current --hwpod-id constart-71freq-c --workspace-path \"F:\\Work\\ConStart\\.worktree\\caserun-constart-71freq-ao-ioprobe-repair-20260614052517-641c9492",
          "bodyPreview": "hwpod io-probe read main41.ai0.current --hwpod-id constart-71freq-c --workspace-path \"F:\\Work\\ConStart\\.worktree\\caserun-constart-71freq-ao-ioprobe-repair-20260614052517-641c9492\"\nstdout:\n{ \"ok\": true, \"action\": \"hwpod-cli.invoke\", \"status\": \"completed\", \"specPath\": \"/home/agentrun/workspaces/gitbundle-bd8af3b3e5f52f99/workspace/tools/hwpod-specs/constart-71freq-c.yaml\", \"hwpodId\": \"constart-71freq-c\", \"specAuthority\": \"gitbundle-bundled-spec\", \"resolvedAuthority\": { \"hwpodId\": \"constart-71freq-c\", \"specPath\": \"/home/agentrun/workspaces/gitbundle-bd8af3b3e5f52f99/workspace/tools/hwpod-specs/constart-71freq-c.yaml\", \"specAuthority\": \"gitbundle-bundled-spec\", \"workspacePath\": \"F:\\\\Work\\\\ConStart\\\\.worktree\\\\caserun-constart-71freq-ao-ioprobe-repair-20260614052517-641c9492\", \"e...\nexitCode=0\ndurationMs=3320\noutputBytes=4258\noutputTruncated=true\nsourceSeq=193",
          "exitCode": 0
        },
        {
          "source": "trace-row",
          "seq": 203,
          "rowId": "tool:call_a63yXRF85bkKJUhcc4D4FKQg",
          "header": "05:37:57 total=00:12:15 ok commandExecution",
          "command": "hwpod board-comm jrpctcp put hardware/ao/current/12000 --hwpod-id constart-71freq-c --workspace-path \"F:\\Work\\ConStart\\.worktree\\caserun-constart-71freq-ao-ioprobe-repair-20260614052517-641c9492\"",
          "normalizedCommand": "hwpod board-comm jrpctcp put hardware/ao/current/12000 --hwpod-id constart-71freq-c --workspace-path \"F:\\Work\\ConStart\\.worktree\\caserun-constart-71freq-ao-ioprobe-repair-20260614052517-641c9492",
          "bodyPreview": "hwpod board-comm jrpctcp put hardware/ao/current/12000 --hwpod-id constart-71freq-c --workspace-path \"F:\\Work\\ConStart\\.worktree\\caserun-constart-71freq-ao-ioprobe-repair-20260614052517-641c9492\"\nstdout:\n{ \"ok\": true, \"action\": \"hwpod-cli.invoke\", \"status\": \"completed\", \"specPath\": \"/home/agentrun/workspaces/gitbundle-bd8af3b3e5f52f99/workspace/tools/hwpod-specs/constart-71freq-c.yaml\", \"hwpodId\": \"constart-71freq-c\", \"specAuthority\": \"gitbundle-bundled-spec\", \"resolvedAuthority\": { \"hwpodId\": \"constart-71freq-c\", \"specPath\": \"/home/agentrun/workspaces/gitbundle-bd8af3b3e5f52f99/workspace/tools/hwpod-specs/constart-71freq-c.yaml\", \"specAuthority\": \"gitbundle-bundled-spec\", \"workspacePath\": \"F:\\\\Work\\\\ConStart\\\\.worktree\\\\caserun-constart-71freq-ao-ioprobe-repair-20260614052517-641c9492\", \"e...\nexitCode=0\ndurationMs=1669\noutputBytes=4274\noutputTruncated=true\nsourceSeq=198",
          "exitCode": 0
        },
        {
          "source": "trace-row",
          "seq": 212,
          "rowId": "tool:call_RpyZJXyKkGf9roky0CHECugy",
          "header": "05:38:23 total=00:12:41 ok commandExecution",
          "command": "hwpod io-probe read main41.ai0.current --hwpod-id constart-71freq-c --workspace-path \"F:\\Work\\ConStart\\.worktree\\caserun-constart-71freq-ao-ioprobe-repair-20260614052517-641c9492\"",
          "normalizedCommand": "hwpod io-probe read main41.ai0.current --hwpod-id constart-71freq-c --workspace-path \"F:\\Work\\ConStart\\.worktree\\caserun-constart-71freq-ao-ioprobe-repair-20260614052517-641c9492",
          "bodyPreview": "hwpod io-probe read main41.ai0.current --hwpod-id constart-71freq-c --workspace-path \"F:\\Work\\ConStart\\.worktree\\caserun-constart-71freq-ao-ioprobe-repair-20260614052517-641c9492\"\nstdout:\n{ \"ok\": true, \"action\": \"hwpod-cli.invoke\", \"status\": \"completed\", \"specPath\": \"/home/agentrun/workspaces/gitbundle-bd8af3b3e5f52f99/workspace/tools/hwpod-specs/constart-71freq-c.yaml\", \"hwpodId\": \"constart-71freq-c\", \"specAuthority\": \"gitbundle-bundled-spec\", \"resolvedAuthority\": { \"hwpodId\": \"constart-71freq-c\", \"specPath\": \"/home/agentrun/workspaces/gitbundle-bd8af3b3e5f52f99/workspace/tools/hwpod-specs/constart-71freq-c.yaml\", \"specAuthority\": \"gitbundle-bundled-spec\", \"workspacePath\": \"F:\\\\Work\\\\ConStart\\\\.worktree\\\\caserun-constart-71freq-ao-ioprobe-repair-20260614052517-641c9492\", \"e...\nexitCode=0\ndurationMs=4231\noutputBytes=4258\noutputTruncated=true\nsourceSeq=207",
          "exitCode": 0
        },
        {
          "source": "trace-row",
          "seq": 217,
          "rowId": "tool:call_TCD0zmUiMdsH5PEFDWvQxWmV",
          "header": "05:38:42 total=00:13:00 ok commandExecution",
          "command": "hwpod board-comm jrpctcp put hardware/ao/current/20000 --hwpod-id constart-71freq-c --workspace-path \"F:\\Work\\ConStart\\.worktree\\caserun-constart-71freq-ao-ioprobe-repair-20260614052517-641c9492\"",
          "normalizedCommand": "hwpod board-comm jrpctcp put hardware/ao/current/20000 --hwpod-id constart-71freq-c --workspace-path \"F:\\Work\\ConStart\\.worktree\\caserun-constart-71freq-ao-ioprobe-repair-20260614052517-641c9492",
          "bodyPreview": "hwpod board-comm jrpctcp put hardware/ao/current/20000 --hwpod-id constart-71freq-c --workspace-path \"F:\\Work\\ConStart\\.worktree\\caserun-constart-71freq-ao-ioprobe-repair-20260614052517-641c9492\"\nstdout:\n{ \"ok\": true, \"action\": \"hwpod-cli.invoke\", \"status\": \"completed\", \"specPath\": \"/home/agentrun/workspaces/gitbundle-bd8af3b3e5f52f99/workspace/tools/hwpod-specs/constart-71freq-c.yaml\", \"hwpodId\": \"constart-71freq-c\", \"specAuthority\": \"gitbundle-bundled-spec\", \"resolvedAuthority\": { \"hwpodId\": \"constart-71freq-c\", \"specPath\": \"/home/agentrun/workspaces/gitbundle-bd8af3b3e5f52f99/workspace/tools/hwpod-specs/constart-71freq-c.yaml\", \"specAuthority\": \"gitbundle-bundled-spec\", \"workspacePath\": \"F:\\\\Work\\\\ConStart\\\\.worktree\\\\caserun-constart-71freq-ao-ioprobe-repair-20260614052517-641c9492\", \"e...\nexitCode=0\ndurationMs=1701\noutputBytes=4274\noutputTruncated=true\nsourceSeq=212",
          "exitCode": 0
        },
        {
          "source": "trace-row",
          "seq": 226,
          "rowId": "tool:call_KnYJ5IJzPlqtb7iVjImyZnsw",
          "header": "05:39:06 total=00:13:24 ok commandExecution",
          "command": "hwpod io-probe read main41.ai0.current --hwpod-id constart-71freq-c --workspace-path \"F:\\Work\\ConStart\\.worktree\\caserun-constart-71freq-ao-ioprobe-repair-20260614052517-641c9492\"",
          "normalizedCommand": "hwpod io-probe read main41.ai0.current --hwpod-id constart-71freq-c --workspace-path \"F:\\Work\\ConStart\\.worktree\\caserun-constart-71freq-ao-ioprobe-repair-20260614052517-641c9492",
          "bodyPreview": "hwpod io-probe read main41.ai0.current --hwpod-id constart-71freq-c --workspace-path \"F:\\Work\\ConStart\\.worktree\\caserun-constart-71freq-ao-ioprobe-repair-20260614052517-641c9492\"\nstdout:\n{ \"ok\": true, \"action\": \"hwpod-cli.invoke\", \"status\": \"completed\", \"specPath\": \"/home/agentrun/workspaces/gitbundle-bd8af3b3e5f52f99/workspace/tools/hwpod-specs/constart-71freq-c.yaml\", \"hwpodId\": \"constart-71freq-c\", \"specAuthority\": \"gitbundle-bundled-spec\", \"resolvedAuthority\": { \"hwpodId\": \"constart-71freq-c\", \"specPath\": \"/home/agentrun/workspaces/gitbundle-bd8af3b3e5f52f99/workspace/tools/hwpod-specs/constart-71freq-c.yaml\", \"specAuthority\": \"gitbundle-bundled-spec\", \"workspacePath\": \"F:\\\\Work\\\\ConStart\\\\.worktree\\\\caserun-constart-71freq-ao-ioprobe-repair-20260614052517-641c9492\", \"e...\nexitCode=0\ndurationMs=3096\noutputBytes=4258\noutputTruncated=true\nsourceSeq=221",
          "exitCode": 0
        },
        {
          "source": "trace-row",
          "seq": 231,
          "rowId": "tool:call_qIszoOiXsUuCslXxuTs5P7aK",
          "header": "05:39:26 total=00:13:44 ok commandExecution",
          "command": "hwpod board-comm jrpctcp put hardware/ao/current/4000 --hwpod-id constart-71freq-c --workspace-path \"F:\\Work\\ConStart\\.worktree\\caserun-constart-71freq-ao-ioprobe-repair-20260614052517-641c9492\"",
          "normalizedCommand": "hwpod board-comm jrpctcp put hardware/ao/current/4000 --hwpod-id constart-71freq-c --workspace-path \"F:\\Work\\ConStart\\.worktree\\caserun-constart-71freq-ao-ioprobe-repair-20260614052517-641c9492",
          "bodyPreview": "hwpod board-comm jrpctcp put hardware/ao/current/4000 --hwpod-id constart-71freq-c --workspace-path \"F:\\Work\\ConStart\\.worktree\\caserun-constart-71freq-ao-ioprobe-repair-20260614052517-641c9492\"\nstdout:\n{ \"ok\": true, \"action\": \"hwpod-cli.invoke\", \"status\": \"completed\", \"specPath\": \"/home/agentrun/workspaces/gitbundle-bd8af3b3e5f52f99/workspace/tools/hwpod-specs/constart-71freq-c.yaml\", \"hwpodId\": \"constart-71freq-c\", \"specAuthority\": \"gitbundle-bundled-spec\", \"resolvedAuthority\": { \"hwpodId\": \"constart-71freq-c\", \"specPath\": \"/home/agentrun/workspaces/gitbundle-bd8af3b3e5f52f99/workspace/tools/hwpod-specs/constart-71freq-c.yaml\", \"specAuthority\": \"gitbundle-bundled-spec\", \"workspacePath\": \"F:\\\\Work\\\\ConStart\\\\.worktree\\\\caserun-constart-71freq-ao-ioprobe-repair-20260614052517-641c9492\", \"e...\nexitCode=0\ndurationMs=1632\noutputBytes=4273\noutputTruncated=true\nsourceSeq=226",
          "exitCode": 0
        },
        {
          "source": "trace-row",
          "seq": 240,
          "rowId": "tool:call_RaGioevCcUAOsWG5wz0H8kqC",
          "header": "05:39:48 total=00:14:06 ok commandExecution",
          "command": "hwpod io-probe read main41.ai0.current --hwpod-id constart-71freq-c --workspace-path \"F:\\Work\\ConStart\\.worktree\\caserun-constart-71freq-ao-ioprobe-repair-20260614052517-641c9492\"",
          "normalizedCommand": "hwpod io-probe read main41.ai0.current --hwpod-id constart-71freq-c --workspace-path \"F:\\Work\\ConStart\\.worktree\\caserun-constart-71freq-ao-ioprobe-repair-20260614052517-641c9492",
          "bodyPreview": "hwpod io-probe read main41.ai0.current --hwpod-id constart-71freq-c --workspace-path \"F:\\Work\\ConStart\\.worktree\\caserun-constart-71freq-ao-ioprobe-repair-20260614052517-641c9492\"\nstdout:\n{ \"ok\": true, \"action\": \"hwpod-cli.invoke\", \"status\": \"completed\", \"specPath\": \"/home/agentrun/workspaces/gitbundle-bd8af3b3e5f52f99/workspace/tools/hwpod-specs/constart-71freq-c.yaml\", \"hwpodId\": \"constart-71freq-c\", \"specAuthority\": \"gitbundle-bundled-spec\", \"resolvedAuthority\": { \"hwpodId\": \"constart-71freq-c\", \"specPath\": \"/home/agentrun/workspaces/gitbundle-bd8af3b3e5f52f99/workspace/tools/hwpod-specs/constart-71freq-c.yaml\", \"specAuthority\": \"gitbundle-bundled-spec\", \"workspacePath\": \"F:\\\\Work\\\\ConStart\\\\.worktree\\\\caserun-constart-71freq-ao-ioprobe-repair-20260614052517-641c9492\", \"e...\nexitCode=0\ndurationMs=3536\noutputBytes=4258\noutputTruncated=true\nsourceSeq=235",
          "exitCode": 0
        },
        {
          "source": "trace-row",
          "seq": 76,
          "rowId": "tool:call_3cvM9wuR0ncIghGoalNLBBUp",
          "header": "05:30:31 total=00:04:49 ok commandExecution",
          "command": "hwpod job status 20260614_133010_6556c51f --hwpod-id constart-71freq-c --workspace-path \"F:\\Work\\ConStart\\.worktree\\caserun-constart-71freq-ao-ioprobe-repair-20260614052517-641c9492\"",
          "normalizedCommand": "hwpod job status 20260614_133010_6556c51f --hwpod-id constart-71freq-c --workspace-path \"F:\\Work\\ConStart\\.worktree\\caserun-constart-71freq-ao-ioprobe-repair-20260614052517-641c9492",
          "bodyPreview": "hwpod job status 20260614_133010_6556c51f --hwpod-id constart-71freq-c --workspace-path \"F:\\Work\\ConStart\\.worktree\\caserun-constart-71freq-ao-ioprobe-repair-20260614052517-641c9492\"\nstdout:\n{ \"ok\": true, \"action\": \"hwpod-cli.invoke\", \"status\": \"completed\", \"specPath\": \"/home/agentrun/workspaces/gitbundle-bd8af3b3e5f52f99/workspace/tools/hwpod-specs/constart-71freq-c.yaml\", \"hwpodId\": \"constart-71freq-c\", \"specAuthority\": \"gitbundle-bundled-spec\", \"resolvedAuthority\": { \"hwpodId\": \"constart-71freq-c\", \"specPath\": \"/home/agentrun/workspaces/gitbundle-bd8af3b3e5f52f99/workspace/tools/hwpod-specs/constart-71freq-c.yaml\", \"specAuthority\": \"gitbundle-bundled-spec\", \"workspacePath\": \"F:\\\\Work\\\\ConStart\\\\.worktree\\\\caserun-constart-71freq-ao-ioprobe-repair-20260614052517-641c9492\", \"e...\nexitCode=0\ndurationMs=1578\noutputBytes=4261\noutputTruncated=true\nsourceSeq=71",
          "exitCode": 0
        },
        {
          "source": "trace-row",
          "seq": 81,
          "rowId": "tool:call_Mv4YugjZynVjlgyQRjaRWCHP",
          "header": "05:30:49 total=00:05:08 ok commandExecution",
          "command": "hwpod job status 20260614_133010_6556c51f --hwpod-id constart-71freq-c --workspace-path \"F:\\Work\\ConStart\\.worktree\\caserun-constart-71freq-ao-ioprobe-repair-20260614052517-641c9492\"",
          "normalizedCommand": "hwpod job status 20260614_133010_6556c51f --hwpod-id constart-71freq-c --workspace-path \"F:\\Work\\ConStart\\.worktree\\caserun-constart-71freq-ao-ioprobe-repair-20260614052517-641c9492",
          "bodyPreview": "hwpod job status 20260614_133010_6556c51f --hwpod-id constart-71freq-c --workspace-path \"F:\\Work\\ConStart\\.worktree\\caserun-constart-71freq-ao-ioprobe-repair-20260614052517-641c9492\"\nstdout:\n{ \"ok\": true, \"action\": \"hwpod-cli.invoke\", \"status\": \"completed\", \"specPath\": \"/home/agentrun/workspaces/gitbundle-bd8af3b3e5f52f99/workspace/tools/hwpod-specs/constart-71freq-c.yaml\", \"hwpodId\": \"constart-71freq-c\", \"specAuthority\": \"gitbundle-bundled-spec\", \"resolvedAuthority\": { \"hwpodId\": \"constart-71freq-c\", \"specPath\": \"/home/agentrun/workspaces/gitbundle-bd8af3b3e5f52f99/workspace/tools/hwpod-specs/constart-71freq-c.yaml\", \"specAuthority\": \"gitbundle-bundled-spec\", \"workspacePath\": \"F:\\\\Work\\\\ConStart\\\\.worktree\\\\caserun-constart-71freq-ao-ioprobe-repair-20260614052517-641c9492\", \"e...\nexitCode=0\ndurationMs=1232\noutputBytes=4261\noutputTruncated=true\nsourceSeq=76",
          "exitCode": 0
        },
        {
          "source": "trace-row",
          "seq": 92,
          "rowId": "tool:call_6jbsaK6ulLBhcfg0cllxHwOk",
          "header": "05:31:36 total=00:05:54 ok commandExecution",
          "command": "hwpod job status 20260614_133114_9274c252 --hwpod-id constart-71freq-c --workspace-path \"F:\\Work\\ConStart\\.worktree\\caserun-constart-71freq-ao-ioprobe-repair-20260614052517-641c9492\"",
          "normalizedCommand": "hwpod job status 20260614_133114_9274c252 --hwpod-id constart-71freq-c --workspace-path \"F:\\Work\\ConStart\\.worktree\\caserun-constart-71freq-ao-ioprobe-repair-20260614052517-641c9492",
          "bodyPreview": "hwpod job status 20260614_133114_9274c252 --hwpod-id constart-71freq-c --workspace-path \"F:\\Work\\ConStart\\.worktree\\caserun-constart-71freq-ao-ioprobe-repair-20260614052517-641c9492\"\nstdout:\n{ \"ok\": true, \"action\": \"hwpod-cli.invoke\", \"status\": \"completed\", \"specPath\": \"/home/agentrun/workspaces/gitbundle-bd8af3b3e5f52f99/workspace/tools/hwpod-specs/constart-71freq-c.yaml\", \"hwpodId\": \"constart-71freq-c\", \"specAuthority\": \"gitbundle-bundled-spec\", \"resolvedAuthority\": { \"hwpodId\": \"constart-71freq-c\", \"specPath\": \"/home/agentrun/workspaces/gitbundle-bd8af3b3e5f52f99/workspace/tools/hwpod-specs/constart-71freq-c.yaml\", \"specAuthority\": \"gitbundle-bundled-spec\", \"workspacePath\": \"F:\\\\Work\\\\ConStart\\\\.worktree\\\\caserun-constart-71freq-ao-ioprobe-repair-20260614052517-641c9492\", \"e...\nexitCode=0\ndurationMs=1791\noutputBytes=4261\noutputTruncated=true\nsourceSeq=87",
          "exitCode": 0
        },
        {
          "source": "trace-row",
          "seq": 98,
          "rowId": "tool:call_NUwRP3rWiZgsNLihoP3UN7AH",
          "header": "05:31:55 total=00:06:13 ok commandExecution",
          "command": "hwpod job status 20260614_133114_9274c252 --hwpod-id constart-71freq-c --workspace-path \"F:\\Work\\ConStart\\.worktree\\caserun-constart-71freq-ao-ioprobe-repair-20260614052517-641c9492\"",
          "normalizedCommand": "hwpod job status 20260614_133114_9274c252 --hwpod-id constart-71freq-c --workspace-path \"F:\\Work\\ConStart\\.worktree\\caserun-constart-71freq-ao-ioprobe-repair-20260614052517-641c9492",
          "bodyPreview": "hwpod job status 20260614_133114_9274c252 --hwpod-id constart-71freq-c --workspace-path \"F:\\Work\\ConStart\\.worktree\\caserun-constart-71freq-ao-ioprobe-repair-20260614052517-641c9492\"\nstdout:\n{ \"ok\": true, \"action\": \"hwpod-cli.invoke\", \"status\": \"completed\", \"specPath\": \"/home/agentrun/workspaces/gitbundle-bd8af3b3e5f52f99/workspace/tools/hwpod-specs/constart-71freq-c.yaml\", \"hwpodId\": \"constart-71freq-c\", \"specAuthority\": \"gitbundle-bundled-spec\", \"resolvedAuthority\": { \"hwpodId\": \"constart-71freq-c\", \"specPath\": \"/home/agentrun/workspaces/gitbundle-bd8af3b3e5f52f99/workspace/tools/hwpod-specs/constart-71freq-c.yaml\", \"specAuthority\": \"gitbundle-bundled-spec\", \"workspacePath\": \"F:\\\\Work\\\\ConStart\\\\.worktree\\\\caserun-constart-71freq-ao-ioprobe-repair-20260614052517-641c9492\", \"e...\nexitCode=0\ndurationMs=1676\noutputBytes=4261\noutputTruncated=true\nsourceSeq=93",
          "exitCode": 0
        },
        {
          "source": "trace-row",
          "seq": 111,
          "rowId": "tool:call_4c9MPS2ZIVZYhdmIocSu6low",
          "header": "05:32:34 total=00:06:52 ok commandExecution",
          "command": "hwpod io-probe read main41.ai0.current --hwpod-id constart-71freq-c --workspace-path \"F:\\Work\\ConStart\\.worktree\\caserun-constart-71freq-ao-ioprobe-repair-20260614052517-641c9492\"",
          "normalizedCommand": "hwpod io-probe read main41.ai0.current --hwpod-id constart-71freq-c --workspace-path \"F:\\Work\\ConStart\\.worktree\\caserun-constart-71freq-ao-ioprobe-repair-20260614052517-641c9492",
          "bodyPreview": "hwpod io-probe read main41.ai0.current --hwpod-id constart-71freq-c --workspace-path \"F:\\Work\\ConStart\\.worktree\\caserun-constart-71freq-ao-ioprobe-repair-20260614052517-641c9492\"\nstdout:\n{ \"ok\": true, \"action\": \"hwpod-cli.invoke\", \"status\": \"completed\", \"specPath\": \"/home/agentrun/workspaces/gitbundle-bd8af3b3e5f52f99/workspace/tools/hwpod-specs/constart-71freq-c.yaml\", \"hwpodId\": \"constart-71freq-c\", \"specAuthority\": \"gitbundle-bundled-spec\", \"resolvedAuthority\": { \"hwpodId\": \"constart-71freq-c\", \"specPath\": \"/home/agentrun/workspaces/gitbundle-bd8af3b3e5f52f99/workspace/tools/hwpod-specs/constart-71freq-c.yaml\", \"specAuthority\": \"gitbundle-bundled-spec\", \"workspacePath\": \"F:\\\\Work\\\\ConStart\\\\.worktree\\\\caserun-constart-71freq-ao-ioprobe-repair-20260614052517-641c9492\", \"e...\nexitCode=0\ndurationMs=3896\noutputBytes=4258\noutputTruncated=true\nsourceSeq=106",
          "exitCode": 0
        },
        {
          "source": "trace-row",
          "seq": 115,
          "rowId": "tool:call_JhHXOwJqpe4FHMa6JkHrYS3v",
          "header": "05:32:55 total=00:07:13 ok commandExecution",
          "command": "hwpod board-comm jrpctcp put hardware/ao/current/8000 --hwpod-id constart-71freq-c --workspace-path \"F:\\Work\\ConStart\\.worktree\\caserun-constart-71freq-ao-ioprobe-repair-20260614052517-641c9492\"",
          "normalizedCommand": "hwpod board-comm jrpctcp put hardware/ao/current/8000 --hwpod-id constart-71freq-c --workspace-path \"F:\\Work\\ConStart\\.worktree\\caserun-constart-71freq-ao-ioprobe-repair-20260614052517-641c9492",
          "bodyPreview": "hwpod board-comm jrpctcp put hardware/ao/current/8000 --hwpod-id constart-71freq-c --workspace-path \"F:\\Work\\ConStart\\.worktree\\caserun-constart-71freq-ao-ioprobe-repair-20260614052517-641c9492\"\nstdout:\n{ \"ok\": true, \"action\": \"hwpod-cli.invoke\", \"status\": \"completed\", \"specPath\": \"/home/agentrun/workspaces/gitbundle-bd8af3b3e5f52f99/workspace/tools/hwpod-specs/constart-71freq-c.yaml\", \"hwpodId\": \"constart-71freq-c\", \"specAuthority\": \"gitbundle-bundled-spec\", \"resolvedAuthority\": { \"hwpodId\": \"constart-71freq-c\", \"specPath\": \"/home/agentrun/workspaces/gitbundle-bd8af3b3e5f52f99/workspace/tools/hwpod-specs/constart-71freq-c.yaml\", \"specAuthority\": \"gitbundle-bundled-spec\", \"workspacePath\": \"F:\\\\Work\\\\ConStart\\\\.worktree\\\\caserun-constart-71freq-ao-ioprobe-repair-20260614052517-641c9492\", \"e...\nexitCode=0\ndurationMs=1501\noutputBytes=4273\noutputTruncated=true\nsourceSeq=110",
          "exitCode": 0
        },
        {
          "source": "trace-row",
          "seq": 124,
          "rowId": "tool:call_8goQ2x5Jt8e43PibEp58O12C",
          "header": "05:33:26 total=00:07:45 ok commandExecution",
          "command": "hwpod io-probe read main41.ai0.current --hwpod-id constart-71freq-c --workspace-path \"F:\\Work\\ConStart\\.worktree\\caserun-constart-71freq-ao-ioprobe-repair-20260614052517-641c9492\"",
          "normalizedCommand": "hwpod io-probe read main41.ai0.current --hwpod-id constart-71freq-c --workspace-path \"F:\\Work\\ConStart\\.worktree\\caserun-constart-71freq-ao-ioprobe-repair-20260614052517-641c9492",
          "bodyPreview": "hwpod io-probe read main41.ai0.current --hwpod-id constart-71freq-c --workspace-path \"F:\\Work\\ConStart\\.worktree\\caserun-constart-71freq-ao-ioprobe-repair-20260614052517-641c9492\"\nstdout:\n{ \"ok\": true, \"action\": \"hwpod-cli.invoke\", \"status\": \"completed\", \"specPath\": \"/home/agentrun/workspaces/gitbundle-bd8af3b3e5f52f99/workspace/tools/hwpod-specs/constart-71freq-c.yaml\", \"hwpodId\": \"constart-71freq-c\", \"specAuthority\": \"gitbundle-bundled-spec\", \"resolvedAuthority\": { \"hwpodId\": \"constart-71freq-c\", \"specPath\": \"/home/agentrun/workspaces/gitbundle-bd8af3b3e5f52f99/workspace/tools/hwpod-specs/constart-71freq-c.yaml\", \"specAuthority\": \"gitbundle-bundled-spec\", \"workspacePath\": \"F:\\\\Work\\\\ConStart\\\\.worktree\\\\caserun-constart-71freq-ao-ioprobe-repair-20260614052517-641c9492\", \"e...\nexitCode=0\ndurationMs=3654\noutputBytes=4258\noutputTruncated=true\nsourceSeq=119",
          "exitCode": 0
        }
      ]
    },
    "agentDiff": {
      "statusShort": "m projects/71-00075-11",
      "diffStat": "projects/71-00075-11 | 0\n 1 file changed, 0 insertions(+), 0 deletions(-)\nprojects/71-00075-11/FirmWare/MDK-ARM/FREQ_Controller_FW.uvoptx | 6 +++---\n 1 file changed, 3 insertions(+), 3 deletions(-)",
      "diffPatchPath": "/root/hwlab-v02/.state/hwlab-cli/caserun/constart-71freq-ao-ioprobe-repair-20260614052517-641c9492/agent-diff.patch",
      "diffPatchSha256": "d027f38e42b15080aa70f0407a6750c8b583f445340391c6a8ed87338d6e0328",
      "diffCollection": {
        "contractVersion": "hwpod-case-run-diff-collection-v1",
        "included": [],
        "omitted": [],
        "config": {
          "include": [
            {
              "pattern": "projects/71-00075-11/FirmWare/APP/driver/aout.c",
              "reason": "included by CaseRun diff collection rule"
            },
            {
              "pattern": "projects/71-00075-11/FirmWare/APP/user_config.h",
              "reason": "included by CaseRun diff collection rule"
            },
            {
              "pattern": "projects/71-00075-11/FirmWare/APP/freq_control.c",
              "reason": "included by CaseRun diff collection rule"
            },
            {
              "pattern": "projects/71-00075-11/FirmWare/APP/freq_jsonrpc_service.c",
              "reason": "included by CaseRun diff collection rule"
            }
          ],
          "ignore": []
        },
        "tracked": {
          "paths": [
            "projects/71-00075-11"
          ],
          "diffStat": "projects/71-00075-11 | 0\n 1 file changed, 0 insertions(+), 0 deletions(-)",
          "diffPatchSha256": "db3e2d1da1b75236537762dda6372540f82972b8a096c38d36577f452fa17a25"
        },
        "untracked": {
          "total": 0,
          "included": 0,
          "omitted": 0
        },
        "submodules": [
          {
            "path": "projects/71-00075-11",
            "commitId": "5ef2fc874782713d1e4752636a8db05cc4a18cd2",
            "statusShort": "M FirmWare/MDK-ARM/FREQ_Controller_FW.uvoptx\n M FirmWare/MDK-ARM/RTE/_FREQ_Controller_FW/RTE_Components.h",
            "tracked": {
              "paths": [
                "projects/71-00075-11/FirmWare/MDK-ARM/FREQ_Controller_FW.uvoptx"
              ],
              "diffStat": "projects/71-00075-11/FirmWare/MDK-ARM/FREQ_Controller_FW.uvoptx | 6 +++---\n 1 file changed, 3 insertions(+), 3 deletions(-)",
              "diffPatchSha256": "fcd18feee5bf8ec84ed046efc312e50848f058c3565152ba21024685ec1ca60f"
            },
            "untracked": {
              "total": 0,
              "included": 0,
              "omitted": 0
            },
            "included": [],
            "omitted": []
          }
        ]
      },
      "sourceRootStatusShort": "M \"docs/MDTODO/20260609_\\351\\242\\221\\347\\216\\207\\345\\210\\244\\346\\226\\255_\\347\\224\\250\\346\\210\\267\\345\\217\\215\\351\\246\\210.md\"\n M docs/reference/projects/41-00426-20-Controller-Code/Slave_AC_Module/canopen_communication_usage.md\n M docs/reference/projects/71-00075-11/configuration_usage.md\n M docs/reference/projects/71-00075-11/control_algorithm_gap_closure_loopback_plan.md\n M docs/reference/projects/71-00075-11/control_algorithm_implementation_plan.md\n M docs/reference/projects/71-00075-11/current_implementation_acceptance_and_architecture.md\n M docs/reference/projects/71-00075-11/jsonrpce_api_design.md\n M docs/reference/projects/71-00075-11/original_spec_p0_p1_implementation_plan.md\n M docs/reference/projects/71-00075-11/real_hardware_regression_checklist.md\n M docs/reference/projects/71-00075-11/software_design.md\n m projects/71-00075-11\n?? .worktree/\n?? \"docs/MDTODO/details/20260609_\\351\\242\\221\\347\\216\\207\\345\\210\\244\\346\\226\\255_\\347\\224\\250\\346\\210\\267\\345\\217\\215\\351\\246\\210/20260611_152857_Task_Report.md\"\n?? \"docs/MDTODO/details/20260609_\\351\\242\\221\\347\\216\\207\\345\\210\\244\\346\\226\\255_\\347\\224\\250\\346\\210\\267\\345\\217\\215\\351\\246\\210/20260611_154822_Task_Report.md\"\n?? \"docs/MDTODO/details/20260609_\\351\\242\\221\\347\\216\\207\\345\\210\\244\\346\\226\\255_\\347\\224\\250\\346\\210\\267\\345\\217\\215\\351\\246\\210/20260611_155756_Task_Report.md\"\n?? \"docs/MDTODO/details/20260609_\\351\\242\\221\\347\\216\\207\\345\\210\\244\\346\\226\\255_\\347\\224\\250\\346\\210\\267\\345\\217\\215\\351\\246\\210/20260611_161550_Task_Report.md\"\n?? \"docs/MDTODO/details/20260609_\\351\\242\\221\\347\\216\\207\\345\\210\\244\\346\\226\\255_\\347\\224\\250\\346\\210\\267\\345\\217\\215\\351\\246\\210/20260611_162137_Task_Report.md\"\n?? \"docs/MDTODO/details/20260609_\\351\\242\\221\\347\\216\\207\\345\\210\\244\\346\\226\\255_\\347\\224\\250\\346\\210\\267\\345\\217\\215\\351\\246\\210/20260611_164205_Task_Report.md\"\n?? \"docs/MDTODO/details/20260609_\\351\\242\\221\\347\\216\\207\\345\\210\\244\\346\\226\\255_\\347\\224\\250\\346\\210\\267\\345\\217\\215\\351\\246\\210/20260611_165817_Task_Report.md\"\n?? \"docs/MDTODO/details/20260609_\\351\\242\\221\\347\\216\\207\\345\\210\\244\\346\\226\\255_\\347\\224\\250\\346\\210\\267\\345\\217\\215\\351\\246\\210/20260613_121137_Task_Report.md\"\n?? \"docs/MDTODO/details/20260609_\\351\\242\\221\\347\\216\\207\\345\\210\\244\\346\\226\\255_\\347\\224\\250\\346\\210\\267\\345\\217\\215\\351\\246\\210/20260613_213543_Task_Report.md\"\n?? \"docs/MDTODO/details/20260609_\\351\\242\\221\\347\\216\\207\\345\\210\\244\\346\\226\\255_\\347\\224\\250\\346\\210\\267\\345\\217\\215\\351\\246\\210/R4.1_Task_Report.md\"\n?? \"docs/MDTODO/details/20260609_\\351\\242\\221\\347\\216\\207\\345\\210\\244\\346\\226\\255_\\347\\224\\250\\346\\210\\267\\345\\217\\215\\351\\246\\210/R4_Task_Report.md\"",
      "sourceRootBaseline": {
        "label": "before-prepare",
        "statusShort": "M \"docs/MDTODO/20260609_\\351\\242\\221\\347\\216\\207\\345\\210\\244\\346\\226\\255_\\347\\224\\250\\346\\210\\267\\345\\217\\215\\351\\246\\210.md\"\n M docs/reference/projects/41-00426-20-Controller-Code/Slave_AC_Module/canopen_communication_usage.md\n M docs/reference/projects/71-00075-11/configuration_usage.md\n M docs/reference/projects/71-00075-11/control_algorithm_gap_closure_loopback_plan.md\n M docs/reference/projects/71-00075-11/control_algorithm_implementation_plan.md\n M docs/reference/projects/71-00075-11/current_implementation_acceptance_and_architecture.md\n M docs/reference/projects/71-00075-11/jsonrpce_api_design.md\n M docs/reference/projects/71-00075-11/original_spec_p0_p1_implementation_plan.md\n M docs/reference/projects/71-00075-11/real_hardware_regression_checklist.md\n M docs/reference/projects/71-00075-11/software_design.md\n m projects/71-00075-11\n?? .worktree/\n?? \"docs/MDTODO/details/20260609_\\351\\242\\221\\347\\216\\207\\345\\210\\244\\346\\226\\255_\\347\\224\\250\\346\\210\\267\\345\\217\\215\\351\\246\\210/20260611_152857_Task_Report.md\"\n?? \"docs/MDTODO/details/20260609_\\351\\242\\221\\347\\216\\207\\345\\210\\244\\346\\226\\255_\\347\\224\\250\\346\\210\\267\\345\\217\\215\\351\\246\\210/20260611_154822_Task_Report.md\"\n?? \"docs/MDTODO/details/20260609_\\351\\242\\221\\347\\216\\207\\345\\210\\244\\346\\226\\255_\\347\\224\\250\\346\\210\\267\\345\\217\\215\\351\\246\\210/20260611_155756_Task_Report.md\"\n?? \"docs/MDTODO/details/20260609_\\351\\242\\221\\347\\216\\207\\345\\210\\244\\346\\226\\255_\\347\\224\\250\\346\\210\\267\\345\\217\\215\\351\\246\\210/20260611_161550_Task_Report.md\"\n?? \"docs/MDTODO/details/20260609_\\351\\242\\221\\347\\216\\207\\345\\210\\244\\346\\226\\255_\\347\\224\\250\\346\\210\\267\\345\\217\\215\\351\\246\\210/20260611_162137_Task_Report.md\"\n?? \"docs/MDTODO/details/20260609_\\351\\242\\221\\347\\216\\207\\345\\210\\244\\346\\226\\255_\\347\\224\\250\\346\\210\\267\\345\\217\\215\\351\\246\\210/20260611_164205_Task_Report.md\"\n?? \"docs/MDTODO/details/20260609_\\351\\242\\221\\347\\216\\207\\345\\210\\244\\346\\226\\255_\\347\\224\\250\\346\\210\\267\\345\\217\\215\\351\\246\\210/20260611_165817_Task_Report.md\"\n?? \"docs/MDTODO/details/20260609_\\351\\242\\221\\347\\216\\207\\345\\210\\244\\346\\226\\255_\\347\\224\\250\\346\\210\\267\\345\\217\\215\\351\\246\\210/20260613_121137_Task_Report.md\"\n?? \"docs/MDTODO/details/20260609_\\351\\242\\221\\347\\216\\207\\345\\210\\244\\346\\226\\255_\\347\\224\\250\\346\\210\\267\\345\\217\\215\\351\\246\\210/20260613_213543_Task_Report.md\"\n?? \"docs/MDTODO/details/20260609_\\351\\242\\221\\347\\216\\207\\345\\210\\244\\346\\226\\255_\\347\\224\\250\\346\\210\\267\\345\\217\\215\\351\\246\\210/R4.1_Task_Report.md\"\n?? \"docs/MDTODO/details/20260609_\\351\\242\\221\\347\\216\\207\\345\\210\\244\\346\\226\\255_\\347\\224\\250\\346\\210\\267\\345\\217\\215\\351\\246\\210/R4_Task_Report.md\"",
        "diffStat": "...224\\250\\346\\210\\267\\345\\217\\215\\351\\246\\210.md\" | 91 ++++++++++++++++++++++\n .../Slave_AC_Module/canopen_communication_usage.md | 11 +++\n .../projects/71-00075-11/configuration_usage.md    |  6 +-\n .../control_algorithm_gap_closure_loopback_plan.md |  6 +-\n .../control_algorithm_implementation_plan.md       | 10 +--\n ...t_implementation_acceptance_and_architecture.md |  6 +-\n .../projects/71-00075-11/jsonrpce_api_design.md    |  7 +-\n .../original_spec_p0_p1_implementation_plan.md     |  6 +-\n .../real_hardware_regression_checklist.md          | 60 ++++++++++++++\n .../projects/71-00075-11/software_design.md        |  4 +-\n projects/71-00075-11                               |  0\n 11 files changed, 186 insertions(+), 21 deletions(-)",
        "diffSha256": "cfaf512a206e421e4e8b0fd1370437733c7564347e5355b20c40ce4b83b5438f",
        "diffBytes": 38908,
        "commands": {
          "status": {
            "label": "source-root-status",
            "httpStatus": 200,
            "exitCode": 0,
            "stdoutBytes": 2634,
            "stderr": ""
          },
          "diffStat": {
            "label": "source-root-diff-stat",
            "httpStatus": 200,
            "exitCode": 0,
            "stdoutBytes": 743,
            "stderr": "warning: in the working copy of 'docs/reference/projects/41-00426-20-Controller-Code/Slave_AC_Module/canopen_communication_usage.md', LF will be replaced by CRLF the next time Git touches it\nwarning: in the working copy of 'docs/reference/projects/71-00075-11/configuration_usage.md', LF will be replaced by CRLF the next time Git touches it\nwarning: in the working copy of 'docs/reference/projects/71-00075-11/control_algorithm_gap_closure_loopback_plan.md', LF will be replaced by CRLF the next time Git touches it\nwarning: in the working copy of 'docs/reference/projects/71-00075-11/control_algorithm_implementation_plan.md', LF will be replaced by CRLF the next time Git touches it\nwarning: in the working copy of 'docs/reference/projects/71-00075-11/current_implementation_acceptance_and_architecture.md', LF will be replaced by CRLF the next time Git touches it\nwarning: in the working copy of 'docs/reference/projects/71-00075-11/jsonrpce_api_design.md', LF will be replaced by CRLF the next t\n... clipped ..."
          },
          "diffPatch": {
            "label": "source-root-diff-patch",
            "httpStatus": 200,
            "exitCode": 0,
            "stdoutBytes": 38908,
            "stderr": "warning: in the working copy of 'docs/reference/projects/41-00426-20-Controller-Code/Slave_AC_Module/canopen_communication_usage.md', LF will be replaced by CRLF the next time Git touches it\nwarning: in the working copy of 'docs/reference/projects/71-00075-11/configuration_usage.md', LF will be replaced by CRLF the next time Git touches it\nwarning: in the working copy of 'docs/reference/projects/71-00075-11/control_algorithm_gap_closure_loopback_plan.md', LF will be replaced by CRLF the next time Git touches it\nwarning: in the working copy of 'docs/reference/projects/71-00075-11/control_algorithm_implementation_plan.md', LF will be replaced by CRLF the next time Git touches it\nwarning: in the working copy of 'docs/reference/projects/71-00075-11/current_implementation_acceptance_and_architecture.md', LF will be replaced by CRLF the next time Git touches it\nwarning: in the working copy of 'docs/reference/projects/71-00075-11/jsonrpce_api_design.md', LF will be replaced by CRLF the next t\n... clipped ..."
          }
        }
      },
      "sourceRootAfterPrepare": {
        "label": "after-prepare",
        "statusShort": "M \"docs/MDTODO/20260609_\\351\\242\\221\\347\\216\\207\\345\\210\\244\\346\\226\\255_\\347\\224\\250\\346\\210\\267\\345\\217\\215\\351\\246\\210.md\"\n M docs/reference/projects/41-00426-20-Controller-Code/Slave_AC_Module/canopen_communication_usage.md\n M docs/reference/projects/71-00075-11/configuration_usage.md\n M docs/reference/projects/71-00075-11/control_algorithm_gap_closure_loopback_plan.md\n M docs/reference/projects/71-00075-11/control_algorithm_implementation_plan.md\n M docs/reference/projects/71-00075-11/current_implementation_acceptance_and_architecture.md\n M docs/reference/projects/71-00075-11/jsonrpce_api_design.md\n M docs/reference/projects/71-00075-11/original_spec_p0_p1_implementation_plan.md\n M docs/reference/projects/71-00075-11/real_hardware_regression_checklist.md\n M docs/reference/projects/71-00075-11/software_design.md\n m projects/71-00075-11\n?? .worktree/\n?? \"docs/MDTODO/details/20260609_\\351\\242\\221\\347\\216\\207\\345\\210\\244\\346\\226\\255_\\347\\224\\250\\346\\210\\267\\345\\217\\215\\351\\246\\210/20260611_152857_Task_Report.md\"\n?? \"docs/MDTODO/details/20260609_\\351\\242\\221\\347\\216\\207\\345\\210\\244\\346\\226\\255_\\347\\224\\250\\346\\210\\267\\345\\217\\215\\351\\246\\210/20260611_154822_Task_Report.md\"\n?? \"docs/MDTODO/details/20260609_\\351\\242\\221\\347\\216\\207\\345\\210\\244\\346\\226\\255_\\347\\224\\250\\346\\210\\267\\345\\217\\215\\351\\246\\210/20260611_155756_Task_Report.md\"\n?? \"docs/MDTODO/details/20260609_\\351\\242\\221\\347\\216\\207\\345\\210\\244\\346\\226\\255_\\347\\224\\250\\346\\210\\267\\345\\217\\215\\351\\246\\210/20260611_161550_Task_Report.md\"\n?? \"docs/MDTODO/details/20260609_\\351\\242\\221\\347\\216\\207\\345\\210\\244\\346\\226\\255_\\347\\224\\250\\346\\210\\267\\345\\217\\215\\351\\246\\210/20260611_162137_Task_Report.md\"\n?? \"docs/MDTODO/details/20260609_\\351\\242\\221\\347\\216\\207\\345\\210\\244\\346\\226\\255_\\347\\224\\250\\346\\210\\267\\345\\217\\215\\351\\246\\210/20260611_164205_Task_Report.md\"\n?? \"docs/MDTODO/details/20260609_\\351\\242\\221\\347\\216\\207\\345\\210\\244\\346\\226\\255_\\347\\224\\250\\346\\210\\267\\345\\217\\215\\351\\246\\210/20260611_165817_Task_Report.md\"\n?? \"docs/MDTODO/details/20260609_\\351\\242\\221\\347\\216\\207\\345\\210\\244\\346\\226\\255_\\347\\224\\250\\346\\210\\267\\345\\217\\215\\351\\246\\210/20260613_121137_Task_Report.md\"\n?? \"docs/MDTODO/details/20260609_\\351\\242\\221\\347\\216\\207\\345\\210\\244\\346\\226\\255_\\347\\224\\250\\346\\210\\267\\345\\217\\215\\351\\246\\210/20260613_213543_Task_Report.md\"\n?? \"docs/MDTODO/details/20260609_\\351\\242\\221\\347\\216\\207\\345\\210\\244\\346\\226\\255_\\347\\224\\250\\346\\210\\267\\345\\217\\215\\351\\246\\210/R4.1_Task_Report.md\"\n?? \"docs/MDTODO/details/20260609_\\351\\242\\221\\347\\216\\207\\345\\210\\244\\346\\226\\255_\\347\\224\\250\\346\\210\\267\\345\\217\\215\\351\\246\\210/R4_Task_Report.md\"",
        "diffStat": "...224\\250\\346\\210\\267\\345\\217\\215\\351\\246\\210.md\" | 91 ++++++++++++++++++++++\n .../Slave_AC_Module/canopen_communication_usage.md | 11 +++\n .../projects/71-00075-11/configuration_usage.md    |  6 +-\n .../control_algorithm_gap_closure_loopback_plan.md |  6 +-\n .../control_algorithm_implementation_plan.md       | 10 +--\n ...t_implementation_acceptance_and_architecture.md |  6 +-\n .../projects/71-00075-11/jsonrpce_api_design.md    |  7 +-\n .../original_spec_p0_p1_implementation_plan.md     |  6 +-\n .../real_hardware_regression_checklist.md          | 60 ++++++++++++++\n .../projects/71-00075-11/software_design.md        |  4 +-\n projects/71-00075-11                               |  0\n 11 files changed, 186 insertions(+), 21 deletions(-)",
        "diffSha256": "cfaf512a206e421e4e8b0fd1370437733c7564347e5355b20c40ce4b83b5438f",
        "diffBytes": 38908,
        "commands": {
          "status": {
            "label": "source-root-status",
            "httpStatus": 200,
            "exitCode": 0,
            "stdoutBytes": 2634,
            "stderr": ""
          },
          "diffStat": {
            "label": "source-root-diff-stat",
            "httpStatus": 200,
            "exitCode": 0,
            "stdoutBytes": 743,
            "stderr": "warning: in the working copy of 'docs/reference/projects/41-00426-20-Controller-Code/Slave_AC_Module/canopen_communication_usage.md', LF will be replaced by CRLF the next time Git touches it\nwarning: in the working copy of 'docs/reference/projects/71-00075-11/configuration_usage.md', LF will be replaced by CRLF the next time Git touches it\nwarning: in the working copy of 'docs/reference/projects/71-00075-11/control_algorithm_gap_closure_loopback_plan.md', LF will be replaced by CRLF the next time Git touches it\nwarning: in the working copy of 'docs/reference/projects/71-00075-11/control_algorithm_implementation_plan.md', LF will be replaced by CRLF the next time Git touches it\nwarning: in the working copy of 'docs/reference/projects/71-00075-11/current_implementation_acceptance_and_architecture.md', LF will be replaced by CRLF the next time Git touches it\nwarning: in the working copy of 'docs/reference/projects/71-00075-11/jsonrpce_api_design.md', LF will be replaced by CRLF the next t\n... clipped ..."
          },
          "diffPatch": {
            "label": "source-root-diff-patch",
            "httpStatus": 200,
            "exitCode": 0,
            "stdoutBytes": 38908,
            "stderr": "warning: in the working copy of 'docs/reference/projects/41-00426-20-Controller-Code/Slave_AC_Module/canopen_communication_usage.md', LF will be replaced by CRLF the next time Git touches it\nwarning: in the working copy of 'docs/reference/projects/71-00075-11/configuration_usage.md', LF will be replaced by CRLF the next time Git touches it\nwarning: in the working copy of 'docs/reference/projects/71-00075-11/control_algorithm_gap_closure_loopback_plan.md', LF will be replaced by CRLF the next time Git touches it\nwarning: in the working copy of 'docs/reference/projects/71-00075-11/control_algorithm_implementation_plan.md', LF will be replaced by CRLF the next time Git touches it\nwarning: in the working copy of 'docs/reference/projects/71-00075-11/current_implementation_acceptance_and_architecture.md', LF will be replaced by CRLF the next time Git touches it\nwarning: in the working copy of 'docs/reference/projects/71-00075-11/jsonrpce_api_design.md', LF will be replaced by CRLF the next t\n... clipped ..."
          }
        }
      },
      "sourceRootAfterAgent": {
        "label": "after-agent",
        "statusShort": "M \"docs/MDTODO/20260609_\\351\\242\\221\\347\\216\\207\\345\\210\\244\\346\\226\\255_\\347\\224\\250\\346\\210\\267\\345\\217\\215\\351\\246\\210.md\"\n M docs/reference/projects/41-00426-20-Controller-Code/Slave_AC_Module/canopen_communication_usage.md\n M docs/reference/projects/71-00075-11/configuration_usage.md\n M docs/reference/projects/71-00075-11/control_algorithm_gap_closure_loopback_plan.md\n M docs/reference/projects/71-00075-11/control_algorithm_implementation_plan.md\n M docs/reference/projects/71-00075-11/current_implementation_acceptance_and_architecture.md\n M docs/reference/projects/71-00075-11/jsonrpce_api_design.md\n M docs/reference/projects/71-00075-11/original_spec_p0_p1_implementation_plan.md\n M docs/reference/projects/71-00075-11/real_hardware_regression_checklist.md\n M docs/reference/projects/71-00075-11/software_design.md\n m projects/71-00075-11\n?? .worktree/\n?? \"docs/MDTODO/details/20260609_\\351\\242\\221\\347\\216\\207\\345\\210\\244\\346\\226\\255_\\347\\224\\250\\346\\210\\267\\345\\217\\215\\351\\246\\210/20260611_152857_Task_Report.md\"\n?? \"docs/MDTODO/details/20260609_\\351\\242\\221\\347\\216\\207\\345\\210\\244\\346\\226\\255_\\347\\224\\250\\346\\210\\267\\345\\217\\215\\351\\246\\210/20260611_154822_Task_Report.md\"\n?? \"docs/MDTODO/details/20260609_\\351\\242\\221\\347\\216\\207\\345\\210\\244\\346\\226\\255_\\347\\224\\250\\346\\210\\267\\345\\217\\215\\351\\246\\210/20260611_155756_Task_Report.md\"\n?? \"docs/MDTODO/details/20260609_\\351\\242\\221\\347\\216\\207\\345\\210\\244\\346\\226\\255_\\347\\224\\250\\346\\210\\267\\345\\217\\215\\351\\246\\210/20260611_161550_Task_Report.md\"\n?? \"docs/MDTODO/details/20260609_\\351\\242\\221\\347\\216\\207\\345\\210\\244\\346\\226\\255_\\347\\224\\250\\346\\210\\267\\345\\217\\215\\351\\246\\210/20260611_162137_Task_Report.md\"\n?? \"docs/MDTODO/details/20260609_\\351\\242\\221\\347\\216\\207\\345\\210\\244\\346\\226\\255_\\347\\224\\250\\346\\210\\267\\345\\217\\215\\351\\246\\210/20260611_164205_Task_Report.md\"\n?? \"docs/MDTODO/details/20260609_\\351\\242\\221\\347\\216\\207\\345\\210\\244\\346\\226\\255_\\347\\224\\250\\346\\210\\267\\345\\217\\215\\351\\246\\210/20260611_165817_Task_Report.md\"\n?? \"docs/MDTODO/details/20260609_\\351\\242\\221\\347\\216\\207\\345\\210\\244\\346\\226\\255_\\347\\224\\250\\346\\210\\267\\345\\217\\215\\351\\246\\210/20260613_121137_Task_Report.md\"\n?? \"docs/MDTODO/details/20260609_\\351\\242\\221\\347\\216\\207\\345\\210\\244\\346\\226\\255_\\347\\224\\250\\346\\210\\267\\345\\217\\215\\351\\246\\210/20260613_213543_Task_Report.md\"\n?? \"docs/MDTODO/details/20260609_\\351\\242\\221\\347\\216\\207\\345\\210\\244\\346\\226\\255_\\347\\224\\250\\346\\210\\267\\345\\217\\215\\351\\246\\210/R4.1_Task_Report.md\"\n?? \"docs/MDTODO/details/20260609_\\351\\242\\221\\347\\216\\207\\345\\210\\244\\346\\226\\255_\\347\\224\\250\\346\\210\\267\\345\\217\\215\\351\\246\\210/R4_Task_Report.md\"",
        "diffStat": "...224\\250\\346\\210\\267\\345\\217\\215\\351\\246\\210.md\" | 91 ++++++++++++++++++++++\n .../Slave_AC_Module/canopen_communication_usage.md | 11 +++\n .../projects/71-00075-11/configuration_usage.md    |  6 +-\n .../control_algorithm_gap_closure_loopback_plan.md |  6 +-\n .../control_algorithm_implementation_plan.md       | 10 +--\n ...t_implementation_acceptance_and_architecture.md |  6 +-\n .../projects/71-00075-11/jsonrpce_api_design.md    |  7 +-\n .../original_spec_p0_p1_implementation_plan.md     |  6 +-\n .../real_hardware_regression_checklist.md          | 60 ++++++++++++++\n .../projects/71-00075-11/software_design.md        |  4 +-\n projects/71-00075-11                               |  0\n 11 files changed, 186 insertions(+), 21 deletions(-)",
        "diffSha256": "cfaf512a206e421e4e8b0fd1370437733c7564347e5355b20c40ce4b83b5438f",
        "diffBytes": 38908,
        "commands": {
          "status": {
            "label": "source-root-status",
            "httpStatus": 200,
            "exitCode": 0,
            "stdoutBytes": 2634,
            "stderr": ""
          },
          "diffStat": {
            "label": "source-root-diff-stat",
            "httpStatus": 200,
            "exitCode": 0,
            "stdoutBytes": 743,
            "stderr": "warning: in the working copy of 'docs/reference/projects/41-00426-20-Controller-Code/Slave_AC_Module/canopen_communication_usage.md', LF will be replaced by CRLF the next time Git touches it\nwarning: in the working copy of 'docs/reference/projects/71-00075-11/configuration_usage.md', LF will be replaced by CRLF the next time Git touches it\nwarning: in the working copy of 'docs/reference/projects/71-00075-11/control_algorithm_gap_closure_loopback_plan.md', LF will be replaced by CRLF the next time Git touches it\nwarning: in the working copy of 'docs/reference/projects/71-00075-11/control_algorithm_implementation_plan.md', LF will be replaced by CRLF the next time Git touches it\nwarning: in the working copy of 'docs/reference/projects/71-00075-11/current_implementation_acceptance_and_architecture.md', LF will be replaced by CRLF the next time Git touches it\nwarning: in the working copy of 'docs/reference/projects/71-00075-11/jsonrpce_api_design.md', LF will be replaced by CRLF the next t\n... clipped ..."
          },
          "diffPatch": {
            "label": "source-root-diff-patch",
            "httpStatus": 200,
            "exitCode": 0,
            "stdoutBytes": 38908,
            "stderr": "warning: in the working copy of 'docs/reference/projects/41-00426-20-Controller-Code/Slave_AC_Module/canopen_communication_usage.md', LF will be replaced by CRLF the next time Git touches it\nwarning: in the working copy of 'docs/reference/projects/71-00075-11/configuration_usage.md', LF will be replaced by CRLF the next time Git touches it\nwarning: in the working copy of 'docs/reference/projects/71-00075-11/control_algorithm_gap_closure_loopback_plan.md', LF will be replaced by CRLF the next time Git touches it\nwarning: in the working copy of 'docs/reference/projects/71-00075-11/control_algorithm_implementation_plan.md', LF will be replaced by CRLF the next time Git touches it\nwarning: in the working copy of 'docs/reference/projects/71-00075-11/current_implementation_acceptance_and_architecture.md', LF will be replaced by CRLF the next time Git touches it\nwarning: in the working copy of 'docs/reference/projects/71-00075-11/jsonrpce_api_design.md', LF will be replaced by CRLF the next t\n... clipped ..."
          }
        }
      },
      "sourceRootChangedAfterPrepare": false,
      "sourceRootChangedAfterAgent": false,
      "requests": [
        {
          "label": "status",
          "httpStatus": 200,
          "exitCode": 0,
          "stdoutBytes": 22,
          "stderr": ""
        },
        {
          "label": "diff-stat",
          "httpStatus": 200,
          "exitCode": 0,
          "stdoutBytes": 73,
          "stderr": ""
        },
        {
          "label": "diff-patch",
          "httpStatus": 200,
          "exitCode": 0,
          "stdoutBytes": 248,
          "stderr": ""
        },
        {
          "label": "submodule-status:projects/71-00075-11",
          "httpStatus": 200,
          "exitCode": 0,
          "stdoutBytes": 105,
          "stderr": ""
        },
        {
          "label": "submodule-diff-stat:projects/71-00075-11",
          "httpStatus": 200,
          "exitCode": 0,
          "stdoutBytes": 102,
          "stderr": "warning: in the working copy of 'FirmWare/MDK-ARM/RTE/_FREQ_Controller_FW/RTE_Components.h', LF will be replaced by CRLF the next time Git touches it"
        },
        {
          "label": "submodule-diff-patch:projects/71-00075-11",
          "httpStatus": 200,
          "exitCode": 0,
          "stdoutBytes": 1737,
          "stderr": "warning: in the working copy of 'FirmWare/MDK-ARM/RTE/_FREQ_Controller_FW/RTE_Components.h', LF will be replaced by CRLF the next time Git touches it"
        },
        {
          "label": "source-root-baseline",
          "statusShort": "M \"docs/MDTODO/20260609_\\351\\242\\221\\347\\216\\207\\345\\210\\244\\346\\226\\255_\\347\\224\\250\\346\\210\\267\\345\\217\\215\\351\\246\\210.md\"\n M docs/reference/projects/41-00426-20-Controller-Code/Slave_AC_Module/canopen_communication_usage.md\n M docs/reference/projects/71-00075-11/configuration_usage.md\n M docs/reference/projects/71-00075-11/control_algorithm_gap_closure_loopback_plan.md\n M docs/reference/projects/71-00075-11/control_algorithm_implementation_plan.md\n M docs/reference/projects/71-00075-11/current_implementation_acceptance_and_architecture.md\n M docs/reference/projects/71-00075-11/jsonrpce_api_design.md\n M docs/reference/projects/71-00075-11/original_spec_p0_p1_implementation_plan.md\n M docs/reference/projects/71-00075-11/real_hardware_regression_checklist.md\n M docs/reference/projects/71-00075-11/software_design.md\n m projects/71-00075-11\n?? .worktree/\n?? \"docs/MDTODO/details/20260609_\\351\\242\\221\\347\\216\\207\\345\\210\\244\\346\\226\\255_\\347\\224\\250\\346\\210\\267\\345\\217\\215\\351\\246\\210/20260611_152857_Task_Report.md\"\n?? \"docs/MDTODO/details/20260609_\\351\\242\\221\\347\\216\\207\\345\\210\\244\\346\\226\\255_\\347\\224\\250\\346\\210\\267\\345\\217\\215\\351\\246\\210/20260611_154822_Task_Report.md\"\n?? \"docs/MDTODO/details/20260609_\\351\\242\\221\\347\\216\\207\\345\\210\\244\\346\\226\\255_\\347\\224\\250\\346\\210\\267\\345\\217\\215\\351\\246\\210/20260611_155756_Task_Report.md\"\n?? \"docs/MDTODO/details/20260609_\\351\\242\\221\\347\\216\\207\\345\\210\\244\\346\\226\\255_\\347\\224\\250\\346\\210\\267\\345\\217\\215\\351\\246\\210/20260611_161550_Task_Report.md\"\n?? \"docs/MDTODO/details/20260609_\\351\\242\\221\\347\\216\\207\\345\\210\\244\\346\\226\\255_\\347\\224\\250\\346\\210\\267\\345\\217\\215\\351\\246\\210/20260611_162137_Task_Report.md\"\n?? \"docs/MDTODO/details/20260609_\\351\\242\\221\\347\\216\\207\\345\\210\\244\\346\\226\\255_\\347\\224\\250\\346\\210\\267\\345\\217\\215\\351\\246\\210/20260611_164205_Task_Report.md\"\n?? \"docs/MDTODO/details/20260609_\\351\\242\\221\\347\\216\\207\\345\\210\\244\\346\\226\\255_\\347\\224\\250\\346\\210\\267\\345\\217\\215\\351\\246\\210/20260611_165817_Task_Report.md\"\n?? \"docs/MDTODO/details/20260609_\\351\\242\\221\\347\\216\\207\\345\\210\\244\\346\\226\\255_\\347\\224\\250\\346\\210\\267\\345\\217\\215\\351\\246\\210/20260613_121137_Task_Report.md\"\n?? \"docs/MDTODO/details/20260609_\\351\\242\\221\\347\\216\\207\\345\\210\\244\\346\\226\\255_\\347\\224\\250\\346\\210\\267\\345\\217\\215\\351\\246\\210/20260613_213543_Task_Report.md\"\n?? \"docs/MDTODO/details/20260609_\\351\\242\\221\\347\\216\\207\\345\\210\\244\\346\\226\\255_\\347\\224\\250\\346\\210\\267\\345\\217\\215\\351\\246\\210/R4.1_Task_Report.md\"\n?? \"docs/MDTODO/details/20260609_\\351\\242\\221\\347\\216\\207\\345\\210\\244\\346\\226\\255_\\347\\224\\250\\346\\210\\267\\345\\217\\215\\351\\246\\210/R4_Task_Report.md\"",
          "diffSha256": "cfaf512a206e421e4e8b0fd1370437733c7564347e5355b20c40ce4b83b5438f"
        },
        {
          "label": "source-root-after-prepare",
          "statusShort": "M \"docs/MDTODO/20260609_\\351\\242\\221\\347\\216\\207\\345\\210\\244\\346\\226\\255_\\347\\224\\250\\346\\210\\267\\345\\217\\215\\351\\246\\210.md\"\n M docs/reference/projects/41-00426-20-Controller-Code/Slave_AC_Module/canopen_communication_usage.md\n M docs/reference/projects/71-00075-11/configuration_usage.md\n M docs/reference/projects/71-00075-11/control_algorithm_gap_closure_loopback_plan.md\n M docs/reference/projects/71-00075-11/control_algorithm_implementation_plan.md\n M docs/reference/projects/71-00075-11/current_implementation_acceptance_and_architecture.md\n M docs/reference/projects/71-00075-11/jsonrpce_api_design.md\n M docs/reference/projects/71-00075-11/original_spec_p0_p1_implementation_plan.md\n M docs/reference/projects/71-00075-11/real_hardware_regression_checklist.md\n M docs/reference/projects/71-00075-11/software_design.md\n m projects/71-00075-11\n?? .worktree/\n?? \"docs/MDTODO/details/20260609_\\351\\242\\221\\347\\216\\207\\345\\210\\244\\346\\226\\255_\\347\\224\\250\\346\\210\\267\\345\\217\\215\\351\\246\\210/20260611_152857_Task_Report.md\"\n?? \"docs/MDTODO/details/20260609_\\351\\242\\221\\347\\216\\207\\345\\210\\244\\346\\226\\255_\\347\\224\\250\\346\\210\\267\\345\\217\\215\\351\\246\\210/20260611_154822_Task_Report.md\"\n?? \"docs/MDTODO/details/20260609_\\351\\242\\221\\347\\216\\207\\345\\210\\244\\346\\226\\255_\\347\\224\\250\\346\\210\\267\\345\\217\\215\\351\\246\\210/20260611_155756_Task_Report.md\"\n?? \"docs/MDTODO/details/20260609_\\351\\242\\221\\347\\216\\207\\345\\210\\244\\346\\226\\255_\\347\\224\\250\\346\\210\\267\\345\\217\\215\\351\\246\\210/20260611_161550_Task_Report.md\"\n?? \"docs/MDTODO/details/20260609_\\351\\242\\221\\347\\216\\207\\345\\210\\244\\346\\226\\255_\\347\\224\\250\\346\\210\\267\\345\\217\\215\\351\\246\\210/20260611_162137_Task_Report.md\"\n?? \"docs/MDTODO/details/20260609_\\351\\242\\221\\347\\216\\207\\345\\210\\244\\346\\226\\255_\\347\\224\\250\\346\\210\\267\\345\\217\\215\\351\\246\\210/20260611_164205_Task_Report.md\"\n?? \"docs/MDTODO/details/20260609_\\351\\242\\221\\347\\216\\207\\345\\210\\244\\346\\226\\255_\\347\\224\\250\\346\\210\\267\\345\\217\\215\\351\\246\\210/20260611_165817_Task_Report.md\"\n?? \"docs/MDTODO/details/20260609_\\351\\242\\221\\347\\216\\207\\345\\210\\244\\346\\226\\255_\\347\\224\\250\\346\\210\\267\\345\\217\\215\\351\\246\\210/20260613_121137_Task_Report.md\"\n?? \"docs/MDTODO/details/20260609_\\351\\242\\221\\347\\216\\207\\345\\210\\244\\346\\226\\255_\\347\\224\\250\\346\\210\\267\\345\\217\\215\\351\\246\\210/20260613_213543_Task_Report.md\"\n?? \"docs/MDTODO/details/20260609_\\351\\242\\221\\347\\216\\207\\345\\210\\244\\346\\226\\255_\\347\\224\\250\\346\\210\\267\\345\\217\\215\\351\\246\\210/R4.1_Task_Report.md\"\n?? \"docs/MDTODO/details/20260609_\\351\\242\\221\\347\\216\\207\\345\\210\\244\\346\\226\\255_\\347\\224\\250\\346\\210\\267\\345\\217\\215\\351\\246\\210/R4_Task_Report.md\"",
          "diffSha256": "cfaf512a206e421e4e8b0fd1370437733c7564347e5355b20c40ce4b83b5438f"
        },
        {
          "label": "source-root-after-agent",
          "statusShort": "M \"docs/MDTODO/20260609_\\351\\242\\221\\347\\216\\207\\345\\210\\244\\346\\226\\255_\\347\\224\\250\\346\\210\\267\\345\\217\\215\\351\\246\\210.md\"\n M docs/reference/projects/41-00426-20-Controller-Code/Slave_AC_Module/canopen_communication_usage.md\n M docs/reference/projects/71-00075-11/configuration_usage.md\n M docs/reference/projects/71-00075-11/control_algorithm_gap_closure_loopback_plan.md\n M docs/reference/projects/71-00075-11/control_algorithm_implementation_plan.md\n M docs/reference/projects/71-00075-11/current_implementation_acceptance_and_architecture.md\n M docs/reference/projects/71-00075-11/jsonrpce_api_design.md\n M docs/reference/projects/71-00075-11/original_spec_p0_p1_implementation_plan.md\n M docs/reference/projects/71-00075-11/real_hardware_regression_checklist.md\n M docs/reference/projects/71-00075-11/software_design.md\n m projects/71-00075-11\n?? .worktree/\n?? \"docs/MDTODO/details/20260609_\\351\\242\\221\\347\\216\\207\\345\\210\\244\\346\\226\\255_\\347\\224\\250\\346\\210\\267\\345\\217\\215\\351\\246\\210/20260611_152857_Task_Report.md\"\n?? \"docs/MDTODO/details/20260609_\\351\\242\\221\\347\\216\\207\\345\\210\\244\\346\\226\\255_\\347\\224\\250\\346\\210\\267\\345\\217\\215\\351\\246\\210/20260611_154822_Task_Report.md\"\n?? \"docs/MDTODO/details/20260609_\\351\\242\\221\\347\\216\\207\\345\\210\\244\\346\\226\\255_\\347\\224\\250\\346\\210\\267\\345\\217\\215\\351\\246\\210/20260611_155756_Task_Report.md\"\n?? \"docs/MDTODO/details/20260609_\\351\\242\\221\\347\\216\\207\\345\\210\\244\\346\\226\\255_\\347\\224\\250\\346\\210\\267\\345\\217\\215\\351\\246\\210/20260611_161550_Task_Report.md\"\n?? \"docs/MDTODO/details/20260609_\\351\\242\\221\\347\\216\\207\\345\\210\\244\\346\\226\\255_\\347\\224\\250\\346\\210\\267\\345\\217\\215\\351\\246\\210/20260611_162137_Task_Report.md\"\n?? \"docs/MDTODO/details/20260609_\\351\\242\\221\\347\\216\\207\\345\\210\\244\\346\\226\\255_\\347\\224\\250\\346\\210\\267\\345\\217\\215\\351\\246\\210/20260611_164205_Task_Report.md\"\n?? \"docs/MDTODO/details/20260609_\\351\\242\\221\\347\\216\\207\\345\\210\\244\\346\\226\\255_\\347\\224\\250\\346\\210\\267\\345\\217\\215\\351\\246\\210/20260611_165817_Task_Report.md\"\n?? \"docs/MDTODO/details/20260609_\\351\\242\\221\\347\\216\\207\\345\\210\\244\\346\\226\\255_\\347\\224\\250\\346\\210\\267\\345\\217\\215\\351\\246\\210/20260613_121137_Task_Report.md\"\n?? \"docs/MDTODO/details/20260609_\\351\\242\\221\\347\\216\\207\\345\\210\\244\\346\\226\\255_\\347\\224\\250\\346\\210\\267\\345\\217\\215\\351\\246\\210/20260613_213543_Task_Report.md\"\n?? \"docs/MDTODO/details/20260609_\\351\\242\\221\\347\\216\\207\\345\\210\\244\\346\\226\\255_\\347\\224\\250\\346\\210\\267\\345\\217\\215\\351\\246\\210/R4.1_Task_Report.md\"\n?? \"docs/MDTODO/details/20260609_\\351\\242\\221\\347\\216\\207\\345\\210\\244\\346\\226\\255_\\347\\224\\250\\346\\210\\267\\345\\217\\215\\351\\246\\210/R4_Task_Report.md\"",
          "diffSha256": "cfaf512a206e421e4e8b0fd1370437733c7564347e5355b20c40ce4b83b5438f"
        }
      ]
    },
    "hwpod": {
      "source": "case-run-runner-post-agent-compile-check",
      "command": [
        "bun",
        "hwpod-cli.ts",
        "build",
        "--spec",
        "hwpod-spec.yaml",
        "--reason",
        "case-run constart-71freq-ao-ioprobe-repair constart-71freq-ao-ioprobe-repair-20260614052517-641c9492 compile-only"
      ],
      "exitCode": 0,
      "stdoutJson": {
        "ok": true,
        "action": "hwpod-cli.invoke",
        "status": "completed",
        "results": [
          {
            "opId": "op_01_cmd_run",
            "op": "cmd.run",
            "ok": true,
            "status": "completed",
            "output": {
              "cwd": "F:\\Work\\ConStart\\.worktree\\caserun-constart-71freq-ao-ioprobe-repair-20260614052517-641c9492",
              "command": [
                "py",
                "-3",
                "C:\\Users\\liang\\.agents\\skills\\keil\\keil-cli.py",
                "build",
                "-p",
                "F:\\Work\\ConStart\\.worktree\\caserun-constart-71freq-ao-ioprobe-repair-20260614052517-641c9492\\projects\\71-00075-11\\FirmWare\\MDK-ARM\\FREQ_Controller_FW.uvprojx",
                "-t",
                "FREQ_Controller_FW"
              ],
              "exitCode": 0,
              "stdout": "{\r\n  \"accepted\": true,\r\n  \"command\": \"build\",\r\n  \"mode\": \"async\",\r\n  \"job_id\": \"20260614_134113_b4b389aa\",\r\n  \"status\": \"queued\",\r\n  \"state_file\": \"C:\\\\Users\\\\liang\\\\.agents\\\\skills\\\\keil\\\\.state\\\\jobs\\\\20260614_134113_b4b389aa.json\",\r\n  \"check_command\": \"py -3 keil-cli.py job-status 20260614_134113_b4b389aa\",\r\n  \"hex_file_preview\": \"F:\\\\Work\\\\ConStart\\\\.worktree\\\\caserun-constart-71freq-ao-ioprobe-repair-20260614052517-641c9492\\\\projects\\\\71-00075-11\\\\FirmWare\\\\MDK-ARM\\\\FREQ_Controller_FW\\\\FREQ_Controller_FW.hex\",\r\n  \"axf_file_preview\": \"F:\\\\Work\\\\ConStart\\\\.worktree\\\\caserun-constart-71freq-ao-ioprobe-repair-20260614052517-641c9492\\\\projects\\\\71-00075-11\\\\FirmWare\\\\MDK-ARM\\\\FREQ_Controller_FW\\\\FREQ_Controller_FW.axf\"\r\n}\r\n",
              "stderr": "",
              "ok": true,
              "commandResolution": {
                "requested": "py",
                "command": "py",
                "resolved": false,
                "source": "process-path",
                "candidates": []
              }
            }
          }
        ]
      }
    },
    "keilJob": {
      "status": "completed",
      "returnCode": 0,
      "warningCount": 0,
      "success": true,
      "artifacts": [
        "F:\\Work\\ConStart\\.worktree\\caserun-constart-71freq-ao-ioprobe-repair-20260614052517-641c9492\\projects\\71-00075-11\\FirmWare\\MDK-ARM\\FREQ_Controller_FW\\FREQ_Controller_FW.hex",
        "F:\\Work\\ConStart\\.worktree\\caserun-constart-71freq-ao-ioprobe-repair-20260614052517-641c9492\\projects\\71-00075-11\\FirmWare\\MDK-ARM\\FREQ_Controller_FW\\FREQ_Controller_FW.axf"
      ],
      "raw": {
        "job_id": "20260614_134113_b4b389aa",
        "command": "build",
        "status": "completed",
        "created_at": "2026-06-14T13:41:13.900653",
        "started_at": "2026-06-14T13:41:14.123941",
        "finished_at": "2026-06-14T13:41:30.463269",
        "return_code": 0,
        "success": true,
        "params": {
          "project": "F:\\Work\\ConStart\\.worktree\\caserun-constart-71freq-ao-ioprobe-repair-20260614052517-641c9492\\projects\\71-00075-11\\FirmWare\\MDK-ARM\\FREQ_Controller_FW.uvprojx",
          "programmer": null,
          "probe": null,
          "target": "FREQ_Controller_FW",
          "program_backend": null,
          "erase_mode": null
        },
        "result": {
          "return_code": 0,
          "success": true,
          "message": "Build completed successfully",
          "hex_file": "F:\\Work\\ConStart\\.worktree\\caserun-constart-71freq-ao-ioprobe-repair-20260614052517-641c9492\\projects\\71-00075-11\\FirmWare\\MDK-ARM\\FREQ_Controller_FW\\FREQ_Controller_FW.hex",
          "axf_file": "F:\\Work\\ConStart\\.worktree\\caserun-constart-71freq-ao-ioprobe-repair-20260614052517-641c9492\\projects\\71-00075-11\\FirmWare\\MDK-ARM\\FREQ_Controller_FW\\FREQ_Controller_FW.axf",
          "warning_count": 0,
          "target": "FREQ_Controller_FW",
          "shared_output_cleanup": {
            "performed": true,
            "patterns": [
              "*.axf",
              "*.hex"
            ],
            "output_dirs": [],
            "removed_count": 0,
            "removed_files": []
          },
          "cleared_build_state_file": "F:\\Work\\ConStart\\.worktree\\caserun-constart-71freq-ao-ioprobe-repair-20260614052517-641c9492\\projects\\71-00075-11\\FirmWare\\MDK-ARM\\output\\.keil_target_build_state.json",
          "build_state_file": "F:\\Work\\ConStart\\.worktree\\caserun-constart-71freq-ao-ioprobe-repair-20260614052517-641c9492\\projects\\71-00075-11\\FirmWare\\MDK-ARM\\output\\.keil_target_build_state.json",
          "_log_file": "C:\\Users\\liang\\.agents\\skills\\keil\\logs\\20260614\\keil_build_20260614_134114.jsonl"
        },
        "log_file": "C:\\Users\\liang\\.agents\\skills\\keil\\logs\\20260614\\keil_build_20260614_134114.jsonl",
        "runner": {
          "argv": [
            "C:\\Users\\liang\\AppData\\Local\\Microsoft\\WindowsApps\\PythonSoftwareFoundation.Python.3.13_qbz5n2kfra8p0\\python.exe",
            "C:\\Users\\liang\\.agents\\skills\\keil\\keil-cli.py",
            "__job-runner",
            "--job-id",
            "20260614_134113_b4b389aa",
            "--target-command",
            "build",
            "--project",
            "F:\\Work\\ConStart\\.worktree\\caserun-constart-71freq-ao-ioprobe-repair-20260614052517-641c9492\\projects\\71-00075-11\\FirmWare\\MDK-ARM\\FREQ_Controller_FW.uvprojx",
            "--target",
            "FREQ_Controller_FW"
          ],
          "cwd": "C:\\Users\\liang\\.agents\\skills\\keil",
          "stdout_file": "C:\\Users\\liang\\.agents\\skills\\keil\\.state\\job-logs\\20260614_134113_b4b389aa.stdout.txt",
          "stderr_file": "C:\\Users\\liang\\.agents\\skills\\keil\\.state\\job-logs\\20260614_134113_b4b389aa.stderr.txt",
          "launched_at": "2026-06-14T13:41:13.906876",
          "pid": 27624
        },
        "state_file": "C:\\Users\\liang\\.agents\\skills\\keil\\.state\\jobs\\20260614_134113_b4b389aa.json",
        "runner_pid": 27624,
        "heartbeat_at": "2026-06-14T13:41:30.463274",
        "phase": "completed"
      },
      "jobId": "20260614_134113_b4b389aa",
      "polls": 8,
      "timedOut": false
    },
    "artifacts": [
      "F:\\Work\\ConStart\\.worktree\\caserun-constart-71freq-ao-ioprobe-repair-20260614052517-641c9492\\projects\\71-00075-11\\FirmWare\\MDK-ARM\\FREQ_Controller_FW\\FREQ_Controller_FW.hex",
      "F:\\Work\\ConStart\\.worktree\\caserun-constart-71freq-ao-ioprobe-repair-20260614052517-641c9492\\projects\\71-00075-11\\FirmWare\\MDK-ARM\\FREQ_Controller_FW\\FREQ_Controller_FW.axf"
    ],
    "decisions": {
      "autoEvaluation": false,
      "runnerPostAgentCompileCheck": "recorded",
      "reason": "flow-only run: CaseRun records agent, diff and compile evidence without auto-grading them",
      "buildJobRelationship": "agent-build-observed-plus-runner-post-agent-check"
    },
    "buildJobs": {
      "agentBuildJobIds": [
        "20260614_133010_6556c51f",
        "20260614_133440_911c8f8c",
        "20260614_133529_669d9a04",
        "20260614_133114_9274c252"
      ],
      "postAgentCompileJobId": "20260614_134113_b4b389aa",
      "agentReportedBuild": {
        "source": "agent-final-response",
        "jobId": "20260614_133010_6556c51f",
        "returnCode": 0,
        "warningCount": 4
      },
      "runnerPostAgentCompile": {
        "source": "case-run-runner-post-agent-compile-check",
        "jobId": "20260614_134113_b4b389aa",
        "status": "completed",
        "returnCode": 0,
        "warningCount": 0
      },
      "relationship": "agent-build-observed-plus-runner-post-agent-check",
      "runnerPostAgentCompileCheck": "recorded"
    }
  }
}
