{
  "generatedAt": "2026-06-06T12:56:31.008Z",
  "cli": "hwlab-cli",
  "version": "0.2.0-client",
  "ok": true,
  "action": "case.run",
  "status": "completed",
  "caseId": "d601-f103-v2-main-marker-download-uart",
  "runId": "issue1018-smooth-600s-20260606-125203",
  "runDir": "/root/hwlab-v02/.state/hwlab-cli/caserun/issue1018-smooth-600s-20260606-125203",
  "compileOnly": true,
  "prepare": {
    "status": "prepared",
    "caseId": "d601-f103-v2-main-marker-download-uart",
    "runId": "issue1018-smooth-600s-20260606-125203",
    "specPath": "/root/hwlab-v02/.state/hwlab-cli/caserun/issue1018-smooth-600s-20260606-125203/.hwlab/hwpod-spec.yaml",
    "apiUrl": "http://74.48.78.17:19667",
    "subject": {
      "repoLocalPath": "F:\\Work\\HWLAB-CASE-F103",
      "commitId": "df7a4e6e551fa90d64bde5537cc000f89d63dd20",
      "worktreePath": "F:\\Work\\HWLAB-CASE-F103\\.worktree\\caserun-issue1018-smooth-600s-20260606-125203"
    }
  },
  "agent": {
    "stageStatus": "completed",
    "baseUrl": "http://74.48.78.17:19666",
    "projectId": "prj_hwpod_workbench",
    "providerProfile": "deepseek",
    "conversationId": "cnv_case_d601-f103-v2-main-marker-download-uart_issue1018-smooth-600s-20260606-125203",
    "sessionId": "ses_cb863511-608e-4a2a-a584-1c3bcdfa1e60",
    "traceId": "trc_case_d601-f103-v2-main-marker-download-uart_24b52cbe8f6b4683a0e0eca0cb514214",
    "promptPath": "/root/hwlab-v02/.state/hwlab-cli/caserun/issue1018-smooth-600s-20260606-125203/agent-prompt.md",
    "promptSha256": "54e2fce5a363a19a348ba77088fb7d0c3a3e28afa73dbff9b64f03bacc9b2f02",
    "polls": 86,
    "timedOut": false,
    "timeoutMs": 600000,
    "pollIntervalMs": 1000,
    "lastHttpStatus": 200
  },
  "agentTrace": {
    "traceId": "trc_case_d601-f103-v2-main-marker-download-uart_24b52cbe8f6b4683a0e0eca0cb514214",
    "status": "completed",
    "httpStatus": 200,
    "sourceEventCount": 6000,
    "commandCount": 30,
    "hwpodCommandCount": 1376,
    "hwpodBuildCommandCount": 111,
    "keilJobCandidates": [
      "20260606_205411_79d4cb19"
    ],
    "terminalStatus": "completed",
    "agentRun": {
      "adapter": "agentrun-v01",
      "runId": "run_283f17e8f7fe4602aa9a319de87c6acb",
      "commandId": "cmd_79c93675cbf34b9fa0207aea2dc22c84",
      "attemptId": "attempt_mq2crlf8",
      "runnerId": "runner_36922f5a7b63",
      "jobName": "agentrun-v01-runner-740c7e4edaa1",
      "namespace": "agentrun-v01",
      "terminalStatus": "completed",
      "lastSeq": 0,
      "valuesPrinted": false
    },
    "commands": [
      {
        "source": "trace-event",
        "seq": 3262,
        "toolName": "commandExecution",
        "status": "completed",
        "command": "/bin/sh -lc 'hwpod-ctl spec validate --spec .hwlab/hwpod-spec.yaml 2>&1; echo \"EXIT_CODE=$?\"'",
        "normalizedCommand": "hwpod-ctl spec validate --spec .hwlab/hwpod-spec.yaml 2>&1; echo \"EXIT_CODE=$?\"",
        "bodyPreview": "{ \"ok\": true, \"action\": \"hwpod-ctl.spec.validate\", \"status\": \"succeeded\", \"specPath\": \".hwlab/hwpod-spec.yaml\", \"document\": { \"apiVersion\": \"hwlab.dev/v0alpha1\", \"kind\": \"Hwpod\", \"metadata\": { \"uid\": \"D601-F103-V2\", \"name\": \"d601-f103-v2\" }, \"spec\": { \"targetDevice\": { \"board\": \"D601-F103-V2\", \"mcu\": \"STM32F103\" }, \"workspace\": { \"path\": \"F:\\\\Work\\\\HWLAB-CASE-F103\\\\.worktree\\\\caserun-issue1018-smooth-600s-20260606-125203\", \"toolchain\": \"keil-mdk\", \"keilProject\": \"projects/01_baseline/Projects/MDK-ARM/atk_f103.uvprojx\", \"keilTarget\": \"USART\", \"keilCliPath\": \"C:\\\\Users\\\\liang\\\\.agents\\\\skills\\\\keil\\\\keil-cli.py\" }, \"debugProbe\": { \"type\": \"daplink\", \"adapter\": \"keil\", \"probeUid\": \"3FD750C63E342E24\", \"probeName\": \"MicroLink CMSIS-DAP\", \"programBackend\": \"keil\" }, \"ioProbe\": { \"uart\": { \"id\": \"uart/1\", \"port\": \"COM9\", \"baudrate\": 115200 } }, \"nodeBinding\": { \"nodeId\": \"node-d601-f103-v2\", \"nodeType\": \"pc-host\" } } }, \"fourElements\": [ \"targetDevice\", \"workspace\", \"debugProbe\", \"ioProbe\" ], \"nodeId\": \"node-d601-f103-v2\", \"observedAt\": \"2026-06-06T12:52:24.180Z\" } EXIT_CODE=0",
        "exitCode": 0
      },
      {
        "source": "trace-event",
        "seq": 3267,
        "toolName": "commandExecution",
        "status": "completed",
        "command": "/bin/sh -lc 'hwpod inspect --spec .hwlab/hwpod-spec.yaml 2>&1; echo \"EXIT_CODE=$?\"'",
        "normalizedCommand": "hwpod inspect --spec .hwlab/hwpod-spec.yaml 2>&1; echo \"EXIT_CODE=$?\"",
        "bodyPreview": "{ \"ok\": true, \"action\": \"hwpod-cli.invoke\", \"status\": \"completed\", \"specPath\": \".hwlab/hwpod-spec.yaml\", \"intent\": \"inspect\", \"contractVersion\": \"hwpod-node-ops-v1\", \"compilerInvocation\": { \"compiler\": \"hwpod-compiler-cli\", \"mode\": \"subprocess\", \"entrypoint\": \"tools/hwpod-compiler-cli.ts\", \"argv\": [ \"compile\", \"--spec\", \".hwlab/hwpod-spec.yaml\", \"--intent\", \"inspect\", \"--args\", \"<json>\" ], \"exitCode\": 0, \"action\": \"hwpod-compiler.compile\", \"contractVersion\": \"hwpod-node-ops-v1\", \"planId\": \"hwpod_plan_2668ee22-801e-44f0-8336-e7c342dfad6f\", \"source\": { \"compiler\": \"hwpod-compiler-cli\", \"specPath\": \".hwlab/hwpod-spec.yaml\", \"specAuthority\": \"code-agent-workspace\" } }, \"route\": { \"method\": \"POST\", \"path\": \"/v1/hwpod-node-ops\" }, \"runtimeEndpoint\": { \"kind\": \"api\", \"baseUrl\": \"http://hwlab-cloud-api.hwlab-v02.svc.cluster.local:6667\", \"source\": \"runtime-env\", \"sourceName\": \"HWLAB_RUNTIME_API_URL\", \"explicitOverride\": false, \"lane\": \"v02\", \"namespace\": \"hwlab-v02\", \"urlLane\": \"v02\", \"urlNamespace\": \"hwlab-v02\" }, \"body\": { \"ok\": true, \"status\": \"completed\", \"contractVersion\": \"hwpod-node-ops-v1\", \"planId\": \"hwpod_plan_2668ee22-801e-44f0-8336-e7c342dfad6f\", \"hwpodId\": \"d601-f103-v2\", \"n...",
        "exitCode": 0
      },
      {
        "source": "trace-event",
        "seq": 3230,
        "toolName": "commandExecution",
        "status": "completed",
        "command": "/bin/sh -lc \"hwpod workspace replace --path projects/01_baseline/User/main.c --find ' printf(\\\"[D601-F103] CaseRun UART marker issue1018-smooth-600s-20260606-125203\\\\\\\\r\\\\\\\\n\\\");' --replace '' --all --spec .hwlab/hwpod-spec.yaml --reason \\\"remove misplaced marker\\\" 2>&1; echo \\\"EXIT_CODE=\"'$?\"'",
        "normalizedCommand": "hwpod workspace replace --path projects/01_baseline/User/main.c --find ' printf(\\\"[D601-F103] CaseRun UART marker issue1018-smooth-600s-20260606-125203\\\\\\\\r\\\\\\\\n\\\");' --replace '' --all --spec .hwlab/hwpod-spec.yaml --reason \\\"remove misplaced marker\\\" 2>&1; echo \\\"EXIT_CODE=\"'$?\"",
        "bodyPreview": "{ \"ok\": true, \"action\": \"hwpod-cli.invoke\", \"status\": \"failed\", \"specPath\": \".hwlab/hwpod-spec.yaml\", \"intent\": \"workspace.replace\", \"contractVersion\": \"hwpod-node-ops-v1\", \"compilerInvocation\": { \"compiler\": \"hwpod-compiler-cli\", \"mode\": \"subprocess\", \"entrypoint\": \"tools/hwpod-compiler-cli.ts\", \"argv\": [ \"compile\", \"--spec\", \".hwlab/hwpod-spec.yaml\", \"--intent\", \"workspace.replace\", \"--args\", \"<json>\" ], \"exitCode\": 0, \"action\": \"hwpod-compiler.compile\", \"contractVersion\": \"hwpod-node-ops-v1\", \"planId\": \"hwpod_plan_bae3c4a0-94ea-43ee-99dc-d10a9e37f8b8\", \"source\": { \"compiler\": \"hwpod-compiler-cli\", \"specPath\": \".hwlab/hwpod-spec.yaml\", \"specAuthority\": \"code-agent-workspace\" } }, \"route\": { \"method\": \"POST\", \"path\": \"/v1/hwpod-node-ops\" }, \"runtimeEndpoint\": { \"kind\": \"api\", \"baseUrl\": \"http://hwlab-cloud-api.hwlab-v02.svc.cluster.local:6667\", \"source\": \"runtime-env\", \"sourceName\": \"HWLAB_RUNTIME_API_URL\", \"explicitOverride\": false, \"lane\": \"v02\", \"namespace\": \"hwlab-v02\", \"urlLane\": \"v02\", \"urlNamespace\": \"hwlab-v02\" }, \"body\": { \"ok\": false, \"status\": \"failed\", \"contractVersion\": \"hwpod-node-ops-v1\", \"planId\": \"hwpod_plan_bae3c4a0-94ea-43ee-99dc-d10a9e37f8b8\", \"hwpodId\": \"d6...",
        "exitCode": 0
      },
      {
        "source": "trace-event",
        "seq": 4639,
        "toolName": "commandExecution",
        "status": "completed",
        "command": "/bin/sh -lc 'hwpod build --spec .hwlab/hwpod-spec.yaml 2>&1; echo \"EXIT_CODE=$?\"'",
        "normalizedCommand": "hwpod build --spec .hwlab/hwpod-spec.yaml 2>&1; echo \"EXIT_CODE=$?\"",
        "bodyPreview": "{ \"ok\": true, \"action\": \"hwpod-cli.invoke\", \"status\": \"completed\", \"specPath\": \".hwlab/hwpod-spec.yaml\", \"intent\": \"debug.build\", \"contractVersion\": \"hwpod-node-ops-v1\", \"compilerInvocation\": { \"compiler\": \"hwpod-compiler-cli\", \"mode\": \"subprocess\", \"entrypoint\": \"tools/hwpod-compiler-cli.ts\", \"argv\": [ \"compile\", \"--spec\", \".hwlab/hwpod-spec.yaml\", \"--intent\", \"debug.build\", \"--args\", \"<json>\" ], \"exitCode\": 0, \"action\": \"hwpod-compiler.compile\", \"contractVersion\": \"hwpod-node-ops-v1\", \"planId\": \"hwpod_plan_c949738e-b44e-4dce-bcdb-83f444864af9\", \"source\": { \"compiler\": \"hwpod-compiler-cli\", \"specPath\": \".hwlab/hwpod-spec.yaml\", \"specAuthority\": \"code-agent-workspace\" } }, \"route\": { \"method\": \"POST\", \"path\": \"/v1/hwpod-node-ops\" }, \"runtimeEndpoint\": { \"kind\": \"api\", \"baseUrl\": \"http://hwlab-cloud-api.hwlab-v02.svc.cluster.local:6667\", \"source\": \"runtime-env\", \"sourceName\": \"HWLAB_RUNTIME_API_URL\", \"explicitOverride\": false, \"lane\": \"v02\", \"namespace\": \"hwlab-v02\", \"urlLane\": \"v02\", \"urlNamespace\": \"hwlab-v02\" }, \"body\": { \"ok\": true, \"status\": \"completed\", \"contractVersion\": \"hwpod-node-ops-v1\", \"planId\": \"hwpod_plan_c949738e-b44e-4dce-bcdb-83f444864af9\", \"hwpodId\": \"d601-f103...",
        "exitCode": 0
      },
      {
        "source": "trace-event",
        "seq": 5114,
        "toolName": "commandExecution",
        "status": "started",
        "command": "/bin/sh -lc 'hwpod download --spec .hwlab/hwpod-spec.yaml 2>&1; echo \"EXIT_CODE=$?\"'",
        "normalizedCommand": "hwpod download --spec .hwlab/hwpod-spec.yaml 2>&1; echo \"EXIT_CODE=$?\"",
        "bodyPreview": "commandExecution inProgress: /bin/sh -lc 'hwpod download --spec .hwlab/hwpod-spec.yaml 2>&1; echo \"EXIT_CODE=$?\"'"
      },
      {
        "source": "trace-event",
        "seq": 3217,
        "toolName": "commandExecution",
        "status": "started",
        "command": "/bin/sh -lc 'rg -n \"insert-after|replace\" tools/src/hwpod-harness-lib.ts 2>&1 | head -20'",
        "normalizedCommand": "rg -n \"insert-after|replace\" tools/src/hwpod-harness-lib.ts 2>&1 | head -20",
        "bodyPreview": "commandExecution inProgress: /bin/sh -lc 'rg -n \"insert-after|replace\" tools/src/hwpod-harness-lib.ts 2>&1 | head -20'"
      },
      {
        "source": "trace-event",
        "seq": 3218,
        "toolName": "commandExecution",
        "status": "completed",
        "command": "/bin/sh -lc 'rg -n \"insert-after|replace\" tools/src/hwpod-harness-lib.ts 2>&1 | head -20'",
        "normalizedCommand": "rg -n \"insert-after|replace\" tools/src/hwpod-harness-lib.ts 2>&1 | head -20",
        "bodyPreview": "131: opId: operation.opId ?? `op_${String(index + 1).padStart(2, \"0\")}_${operation.op.replace(/[^a-z0-9]+/giu, \"_\")}`, 188: \"bun tools/hwpod-cli.ts workspace replace --path projects/01_baseline/User/main.c --find \\\"old text\\\" --replace \\\"new text\\\" --expected-sha <sha>\", 189: \"bun tools/hwpod-cli.ts workspace insert-after --path projects/01_baseline/User/main.c --anchor \\\"while (1)\\\" --line \\\" /* marker */\\\"\", 198: replace: \"Replace exact text in a subject file with SHA/diff diagnostics; pass --all for global replacement.\", 220: throw cliError(\"hwpod_spec_exists\", `hwpod spec already exists: ${specPath}`, { specPath, next: \"pass --force to replace it\" }); 333: if (subcommand === \"replace\") return { intent: \"workspace.replace\", args: cleanTextEditArgs({ path: requiredText(parsed.path ?? parsed._[2], \"path\"), find: requiredRawString(parsed.find ?? parsed._[3], \"find\"), replace: rawString(parsed.replace ?? parsed.replacement ?? parsed._[4]), expectedSha: text(parsed.expectedSha), all: parsed.all === true, dryRun: parsed.dryRun === true, reason: text(parsed.reason) }) }; 334: if (subcommand === \"insert-after\") return { intent: \"workspace.insert-after\", args: cleanTextEditArgs({ path...",
        "exitCode": 0
      },
      {
        "source": "trace-event",
        "seq": 3220,
        "toolName": "commandExecution",
        "status": "started",
        "command": "/bin/sh -lc \"hwpod workspace cat projects/01_baseline/User/main.c --spec .hwlab/hwpod-spec.yaml 2>&1 | node -e \\\" let d='';process.stdin.on('data',c=>d+=c);process.stdin.on('end',()=>{ const j=JSON.parse(d); const c=j.body.results[0].output.content; const lines=c.split(String.raw'\\\\r\\\\n'); console.log('DEBUG: lines count:', lines.length); console.log('---raw first 8 chars---'); const raw=c.substring(0,8).split('').map(c=>c.charCodeAt(0)); console.log(JSON.stringify(raw)); console.log('---all lines---'); for(let i=0;i<lines.length;i++) console.log(i+':'+lines[i]); });\\\"\"",
        "normalizedCommand": "hwpod workspace cat projects/01_baseline/User/main.c --spec .hwlab/hwpod-spec.yaml 2>&1 | node -e \\\" let d='';process.stdin.on('data',c=>d+=c);process.stdin.on('end',()=>{ const j=JSON.parse(d); const c=j.body.results[0].output.content; const lines=c.split(String.raw'\\\\r\\\\n'); console.log('DEBUG: lines count:', lines.length); console.log('---raw first 8 chars---'); const raw=c.substring(0,8).split('').map(c=>c.charCodeAt(0)); console.log(JSON.stringify(raw)); console.log('---all lines---'); for(let i=0;i<lines.length;i++) console.log(i+':'+lines[i]); });\\\"",
        "bodyPreview": "commandExecution inProgress: /bin/sh -lc \"hwpod workspace cat projects/01_baseline/User/main.c --spec .hwlab/hwpod-spec.yaml 2>&1 | node -e \\\" let d='';process.stdin.on('data',c=>d+=c);process.stdin.on('end',()=>{ const j=JSON.parse(d); const c=j.body.results[0].output.content; const lines=c.split(String.raw'\\\\r\\\\n'); console.log('DEBUG: lines count:', lines.length); console.log('---raw first 8 chars---'); const raw=c.substring(0,8).split('').map(c=>c.charCodeAt(0)); console.log(JSON.stringify(raw)); console.log('---all lines---'); for(let i=0;i<lines.length;i++) console.log(i+':'+lines[i]); });\\\"\""
      },
      {
        "source": "trace-event",
        "seq": 3221,
        "toolName": "commandExecution",
        "status": "completed",
        "command": "/bin/sh -lc \"hwpod workspace cat projects/01_baseline/User/main.c --spec .hwlab/hwpod-spec.yaml 2>&1 | node -e \\\" let d='';process.stdin.on('data',c=>d+=c);process.stdin.on('end',()=>{ const j=JSON.parse(d); const c=j.body.results[0].output.content; const lines=c.split(String.raw'\\\\r\\\\n'); console.log('DEBUG: lines count:', lines.length); console.log('---raw first 8 chars---'); const raw=c.substring(0,8).split('').map(c=>c.charCodeAt(0)); console.log(JSON.stringify(raw)); console.log('---all lines---'); for(let i=0;i<lines.length;i++) console.log(i+':'+lines[i]); });\\\"\"",
        "normalizedCommand": "hwpod workspace cat projects/01_baseline/User/main.c --spec .hwlab/hwpod-spec.yaml 2>&1 | node -e \\\" let d='';process.stdin.on('data',c=>d+=c);process.stdin.on('end',()=>{ const j=JSON.parse(d); const c=j.body.results[0].output.content; const lines=c.split(String.raw'\\\\r\\\\n'); console.log('DEBUG: lines count:', lines.length); console.log('---raw first 8 chars---'); const raw=c.substring(0,8).split('').map(c=>c.charCodeAt(0)); console.log(JSON.stringify(raw)); console.log('---all lines---'); for(let i=0;i<lines.length;i++) console.log(i+':'+lines[i]); });\\\"",
        "bodyPreview": "commandExecution failed: /bin/sh -lc \"hwpod workspace cat projects/01_baseline/User/main.c --spec .hwlab/hwpod-spec.yaml 2>&1 | node -e \\\" let d='';process.stdin.on('data',c=>d+=c);process.stdin.on('end',()=>{ const j=JSON.parse(d); const c=j.body.results[0].output.content; const lines=c.split(String.raw'\\\\r\\\\n'); console.log('DEBUG: lines count:', lines.length); console.log('---raw first 8 chars---'); const raw=c.substring(0,8).split('').map(c=>c.charCodeAt(0)); console.log(JSON.stringify(raw)); console.log('---all lines---'); for(let i=0;i<lines.length;i++) console.log(i+':'+lines[i]); });\\\"\" exit=1 durationMs=1196",
        "exitCode": 1
      },
      {
        "source": "trace-event",
        "seq": 3222,
        "toolName": "commandExecution",
        "status": "started",
        "command": "/bin/sh -lc \"hwpod workspace cat projects/01_baseline/User/main.c --spec .hwlab/hwpod-spec.yaml 2>&1 | node -e ' let d=\\\"\\\";process.stdin.on(\\\"data\\\",c=>d+=c);process.stdin.on(\\\"end\\\",()=>{ const j=JSON.parse(d); const c=j.body.results[0].output.content; console.log(c); });' 2>&1 | head -30\"",
        "normalizedCommand": "hwpod workspace cat projects/01_baseline/User/main.c --spec .hwlab/hwpod-spec.yaml 2>&1 | node -e ' let d=\\\"\\\";process.stdin.on(\\\"data\\\",c=>d+=c);process.stdin.on(\\\"end\\\",()=>{ const j=JSON.parse(d); const c=j.body.results[0].output.content; console.log(c); });' 2>&1 | head -30",
        "bodyPreview": "commandExecution inProgress: /bin/sh -lc \"hwpod workspace cat projects/01_baseline/User/main.c --spec .hwlab/hwpod-spec.yaml 2>&1 | node -e ' let d=\\\"\\\";process.stdin.on(\\\"data\\\",c=>d+=c);process.stdin.on(\\\"end\\\",()=>{ const j=JSON.parse(d); const c=j.body.results[0].output.content; console.log(c); });' 2>&1 | head -30\""
      },
      {
        "source": "trace-event",
        "seq": 3224,
        "toolName": "commandExecution",
        "status": "completed",
        "command": "/bin/sh -lc \"hwpod workspace cat projects/01_baseline/User/main.c --spec .hwlab/hwpod-spec.yaml 2>&1 | node -e ' let d=\\\"\\\";process.stdin.on(\\\"data\\\",c=>d+=c);process.stdin.on(\\\"end\\\",()=>{ const j=JSON.parse(d); const c=j.body.results[0].output.content; console.log(c); });' 2>&1 | head -30\"",
        "normalizedCommand": "hwpod workspace cat projects/01_baseline/User/main.c --spec .hwlab/hwpod-spec.yaml 2>&1 | node -e ' let d=\\\"\\\";process.stdin.on(\\\"data\\\",c=>d+=c);process.stdin.on(\\\"end\\\",()=>{ const j=JSON.parse(d); const c=j.body.results[0].output.content; console.log(c); });' 2>&1 | head -30",
        "bodyPreview": "printf(\"[D601-F103] CaseRun UART marker issue1018-smooth-600s-20260606-125203\\r\\n\"); #include \"./SYSTEM/usart/usart.h\" #include \"stm32f1xx_hal.h\" #include \"./SYSTEM/sys/sys.h\" #include \"./BSP/LED/led.h\" #include \"jsonrpc_handler.h\" #include \"d601_lcd.h\" #include \"d601_arm2d_demo.h\" #include \"d601_gpio.h\" int main(void) { SystemCoreClockUpdate(); sys_stm32_clock_init(9); HAL_Init(); led_init(); usart_init(115200); printf(\"\\r\\n[D601-F103] device-pod LCD bring-up\\r\\n\"); d601_lcd_init(); d601_gpio_init(); d601_arm2d_demo_show(); printf(\"[D601-F103] LCD ID=0x%04X\\r\\n\", (unsigned int)d601_lcd_get_id()); printf(\"[D601-F103] ARM-2D demo rendered\\r\\n\"); printf(\"[D601-F103] JSON-RPC ready on USART1 115200 8N1\\r\\n\"); while (1) { jsonrpc_process(); d601_arm2d_demo_task();",
        "exitCode": 0
      },
      {
        "source": "trace-event",
        "seq": 3227,
        "toolName": "commandExecution",
        "status": "started",
        "command": "/bin/sh -lc \"hwpod workspace replace --path projects/01_baseline/User/main.c --find ' printf(\\\"[D601-F103] CaseRun UART marker issue1018-smooth-600s-20260606-125203\\\\\\\\r\\\\\\\\n\\\");' --replace '' --all --spec .hwlab/hwpod-spec.yaml --reason \\\"remove misplaced marker\\\" 2>&1; echo \\\"EXIT_CODE=\"'$?\"'",
        "normalizedCommand": "hwpod workspace replace --path projects/01_baseline/User/main.c --find ' printf(\\\"[D601-F103] CaseRun UART marker issue1018-smooth-600s-20260606-125203\\\\\\\\r\\\\\\\\n\\\");' --replace '' --all --spec .hwlab/hwpod-spec.yaml --reason \\\"remove misplaced marker\\\" 2>&1; echo \\\"EXIT_CODE=\"'$?\"",
        "bodyPreview": "commandExecution inProgress: /bin/sh -lc \"hwpod workspace replace --path projects/01_baseline/User/main.c --find ' printf(\\\"[D601-F103] CaseRun UART marker issue1018-smooth-600s-20260606-125203\\\\\\\\r\\\\\\\\n\\\");' --replace '' --all --spec .hwlab/hwpod-spec.yaml --reason \\\"remove misplaced marker\\\" 2>&1; echo \\\"EXIT_CODE=\"'$?\"'"
      },
      {
        "source": "trace-event",
        "seq": 3233,
        "toolName": "commandExecution",
        "status": "started",
        "command": "/bin/sh -lc \"hwpod workspace cat projects/01_baseline/User/main.c --spec .hwlab/hwpod-spec.yaml 2>&1 | node -e ' let d=\\\"\\\";process.stdin.on(\\\"data\\\",c=>d+=c);process.stdin.on(\\\"end\\\",()=>{ const j=JSON.parse(d); const c=j.body.results[0].output.content; // Remove the misplaced marker line at offset 1 const lines=c.split(\\\"\\\\r\\\\n\\\"); const filtered=lines.filter(l => \"'!l.includes(\"CaseRun UART marker\")); console.log(filtered.join(\"'\"\\\\r\\\\n\\\")); });' 2>&1\"",
        "normalizedCommand": "hwpod workspace cat projects/01_baseline/User/main.c --spec .hwlab/hwpod-spec.yaml 2>&1 | node -e ' let d=\\\"\\\";process.stdin.on(\\\"data\\\",c=>d+=c);process.stdin.on(\\\"end\\\",()=>{ const j=JSON.parse(d); const c=j.body.results[0].output.content; // Remove the misplaced marker line at offset 1 const lines=c.split(\\\"\\\\r\\\\n\\\"); const filtered=lines.filter(l => \"'!l.includes(\"CaseRun UART marker\")); console.log(filtered.join(\"'\"\\\\r\\\\n\\\")); });' 2>&1",
        "bodyPreview": "commandExecution inProgress: /bin/sh -lc \"hwpod workspace cat projects/01_baseline/User/main.c --spec .hwlab/hwpod-spec.yaml 2>&1 | node -e ' let d=\\\"\\\";process.stdin.on(\\\"data\\\",c=>d+=c);process.stdin.on(\\\"end\\\",()=>{ const j=JSON.parse(d); const c=j.body.results[0].output.content; // Remove the misplaced marker line at offset 1 const lines=c.split(\\\"\\\\r\\\\n\\\"); const filtered=lines.filter(l => \"'!l.includes(\"CaseRun UART marker\")); console.log(filtered.join(\"'\"\\\\r\\\\n\\\")); });' 2>&1\""
      },
      {
        "source": "trace-event",
        "seq": 3251,
        "toolName": "commandExecution",
        "status": "started",
        "command": "/bin/sh -lc 'ls -la .hwlab/hwpod-spec.yaml 2>&1; echo \"---\"; cat .hwlab/hwpod-spec.yaml 2>&1 | head -80'",
        "normalizedCommand": "ls -la .hwlab/hwpod-spec.yaml 2>&1; echo \"---\"; cat .hwlab/hwpod-spec.yaml 2>&1 | head -80",
        "bodyPreview": "commandExecution inProgress: /bin/sh -lc 'ls -la .hwlab/hwpod-spec.yaml 2>&1; echo \"---\"; cat .hwlab/hwpod-spec.yaml 2>&1 | head -80'"
      },
      {
        "source": "trace-event",
        "seq": 9176,
        "toolName": "commandExecution",
        "status": "completed",
        "command": "/bin/sh -lc \"hwpod build --spec .hwlab/hwpod-spec.yaml 2>&1 | node -e ' let d=\\\"\\\";process.stdin.on(\\\"data\\\",c=>d+=c);process.stdin.on(\\\"end\\\",()=>{ const j=JSON.parse(d); const r=j.body.results[0].output; console.log(\\\"job_id:\\\", r.stdout); });'\"",
        "normalizedCommand": "hwpod build --spec .hwlab/hwpod-spec.yaml 2>&1 | node -e ' let d=\\\"\\\";process.stdin.on(\\\"data\\\",c=>d+=c);process.stdin.on(\\\"end\\\",()=>{ const j=JSON.parse(d); const r=j.body.results[0].output; console.log(\\\"job_id:\\\", r.stdout); });'",
        "bodyPreview": "job_id: { \"accepted\": true, \"command\": \"build\", \"mode\": \"async\", \"job_id\": \"20260606_205411_79d4cb19\", \"status\": \"queued\", \"state_file\": \"C:\\\\Users\\\\liang\\\\.agents\\\\skills\\\\keil\\\\.state\\\\jobs\\\\20260606_205411_79d4cb19.json\", \"check_command\": \"py -3 keil-cli.py job-status 20260606_205411_79d4cb19\", \"hex_file_preview\": null, \"axf_file_preview\": null }",
        "exitCode": 0
      },
      {
        "source": "trace-event",
        "seq": 9178,
        "toolName": "commandExecution",
        "status": "started",
        "command": "/bin/sh -lc 'hwpod download --spec .hwlab/hwpod-spec.yaml 2>&1; echo \"EXIT_CODE=$?\"'",
        "normalizedCommand": "hwpod download --spec .hwlab/hwpod-spec.yaml 2>&1; echo \"EXIT_CODE=$?\"",
        "bodyPreview": "commandExecution inProgress: /bin/sh -lc 'hwpod download --spec .hwlab/hwpod-spec.yaml 2>&1; echo \"EXIT_CODE=$?\"'"
      },
      {
        "source": "trace-event",
        "seq": 9181,
        "toolName": "agentrun:backend:item/commandExecution/terminalInteraction",
        "status": "running",
        "command": "item/commandExecution/terminalInteraction",
        "normalizedCommand": "item/commandExecution/terminalInteraction",
        "bodyPreview": "item/commandExecution/terminalInteraction"
      },
      {
        "source": "trace-event",
        "seq": 9182,
        "toolName": "agentrun:backend:item/commandExecution/terminalInteraction",
        "status": "running",
        "command": "item/commandExecution/terminalInteraction",
        "normalizedCommand": "item/commandExecution/terminalInteraction",
        "bodyPreview": "item/commandExecution/terminalInteraction"
      },
      {
        "source": "trace-event",
        "seq": 9183,
        "toolName": "commandExecution",
        "status": "started",
        "command": "/bin/sh -lc 'echo \"download timed out after 20s\" 2>&1'",
        "normalizedCommand": "echo \"download timed out after 20s\" 2>&1",
        "bodyPreview": "commandExecution inProgress: /bin/sh -lc 'echo \"download timed out after 20s\" 2>&1'"
      },
      {
        "source": "trace-event",
        "seq": 9184,
        "toolName": "commandExecution",
        "status": "completed",
        "command": "/bin/sh -lc 'echo \"download timed out after 20s\" 2>&1'",
        "normalizedCommand": "echo \"download timed out after 20s\" 2>&1",
        "bodyPreview": "download timed out after 20s",
        "exitCode": 0
      },
      {
        "source": "trace-event",
        "seq": 9186,
        "toolName": "commandExecution",
        "status": "started",
        "command": "/bin/sh -lc 'timeout 15 hwpod download --spec .hwlab/hwpod-spec.yaml 2>&1; echo \"EXIT_CODE=$?\"'",
        "normalizedCommand": "timeout 15 hwpod download --spec .hwlab/hwpod-spec.yaml 2>&1; echo \"EXIT_CODE=$?\"",
        "bodyPreview": "commandExecution inProgress: /bin/sh -lc 'timeout 15 hwpod download --spec .hwlab/hwpod-spec.yaml 2>&1; echo \"EXIT_CODE=$?\"'"
      },
      {
        "source": "trace-event",
        "seq": 9189,
        "toolName": "commandExecution",
        "status": "completed",
        "command": "/bin/sh -lc 'timeout 15 hwpod download --spec .hwlab/hwpod-spec.yaml 2>&1; echo \"EXIT_CODE=$?\"'",
        "normalizedCommand": "timeout 15 hwpod download --spec .hwlab/hwpod-spec.yaml 2>&1; echo \"EXIT_CODE=$?\"",
        "bodyPreview": "Terminated EXIT_CODE=143",
        "exitCode": 0
      },
      {
        "source": "trace-event",
        "seq": 9191,
        "toolName": "commandExecution",
        "status": "started",
        "command": "/bin/sh -lc 'timeout 15 hwpod uart read --spec .hwlab/hwpod-spec.yaml --port uart1 --max-bytes 4096 2>&1; echo \"EXIT_CODE=$?\"'",
        "normalizedCommand": "timeout 15 hwpod uart read --spec .hwlab/hwpod-spec.yaml --port uart1 --max-bytes 4096 2>&1; echo \"EXIT_CODE=$?\"",
        "bodyPreview": "commandExecution inProgress: /bin/sh -lc 'timeout 15 hwpod uart read --spec .hwlab/hwpod-spec.yaml --port uart1 --max-bytes 4096 2>&1; echo \"EXIT_CODE=$?\"'"
      },
      {
        "source": "trace-event",
        "seq": 9199,
        "toolName": "commandExecution",
        "status": "completed",
        "command": "/bin/sh -lc 'timeout 15 hwpod uart read --spec .hwlab/hwpod-spec.yaml --port uart1 --max-bytes 4096 2>&1; echo \"EXIT_CODE=$?\"'",
        "normalizedCommand": "timeout 15 hwpod uart read --spec .hwlab/hwpod-spec.yaml --port uart1 --max-bytes 4096 2>&1; echo \"EXIT_CODE=$?\"",
        "bodyPreview": "{ \"ok\": true, \"action\": \"hwpod-cli.invoke\", \"status\": \"failed\", \"specPath\": \".hwlab/hwpod-spec.yaml\", \"intent\": \"io.uart.read\", \"contractVersion\": \"hwpod-node-ops-v1\", \"compilerInvocation\": { \"compiler\": \"hwpod-compiler-cli\", \"mode\": \"subprocess\", \"entrypoint\": \"tools/hwpod-compiler-cli.ts\", \"argv\": [ \"compile\", \"--spec\", \".hwlab/hwpod-spec.yaml\", \"--intent\", \"io.uart.read\", \"--args\", \"<json>\" ], \"exitCode\": 0, \"action\": \"hwpod-compiler.compile\", \"contractVersion\": \"hwpod-node-ops-v1\", \"planId\": \"hwpod_plan_425d65ce-5576-474e-bd56-57d659fbceb6\", \"source\": { \"compiler\": \"hwpod-compiler-cli\", \"specPath\": \".hwlab/hwpod-spec.yaml\", \"specAuthority\": \"code-agent-workspace\" } }, \"route\": { \"method\": \"POST\", \"path\": \"/v1/hwpod-node-ops\" }, \"runtimeEndpoint\": { \"kind\": \"api\", \"baseUrl\": \"http://hwlab-cloud-api.hwlab-v02.svc.cluster.local:6667\", \"source\": \"runtime-env\", \"sourceName\": \"HWLAB_RUNTIME_API_URL\", \"explicitOverride\": false, \"lane\": \"v02\", \"namespace\": \"hwlab-v02\", \"urlLane\": \"v02\", \"urlNamespace\": \"hwlab-v02\" }, \"body\": { \"ok\": false, \"status\": \"failed\", \"contractVersion\": \"hwpod-node-ops-v1\", \"planId\": \"hwpod_plan_425d65ce-5576-474e-bd56-57d659fbceb6\", \"hwpodId\": \"d601-f103-v2...",
        "exitCode": 0
      },
      {
        "source": "trace-event",
        "seq": 3261,
        "toolName": "commandExecution",
        "status": "started",
        "command": "/bin/sh -lc 'hwpod-ctl spec validate --spec .hwlab/hwpod-spec.yaml 2>&1; echo \"EXIT_CODE=$?\"'",
        "normalizedCommand": "hwpod-ctl spec validate --spec .hwlab/hwpod-spec.yaml 2>&1; echo \"EXIT_CODE=$?\"",
        "bodyPreview": "commandExecution inProgress: /bin/sh -lc 'hwpod-ctl spec validate --spec .hwlab/hwpod-spec.yaml 2>&1; echo \"EXIT_CODE=$?\"'"
      },
      {
        "source": "trace-event",
        "seq": 3264,
        "toolName": "commandExecution",
        "status": "started",
        "command": "/bin/sh -lc 'hwpod inspect --spec .hwlab/hwpod-spec.yaml 2>&1; echo \"EXIT_CODE=$?\"'",
        "normalizedCommand": "hwpod inspect --spec .hwlab/hwpod-spec.yaml 2>&1; echo \"EXIT_CODE=$?\"",
        "bodyPreview": "commandExecution inProgress: /bin/sh -lc 'hwpod inspect --spec .hwlab/hwpod-spec.yaml 2>&1; echo \"EXIT_CODE=$?\"'"
      },
      {
        "source": "trace-event",
        "seq": 3270,
        "toolName": "commandExecution",
        "status": "started",
        "command": "/bin/sh -lc 'hwpod workspace --help 2>&1 || hwpod --help 2>&1 | head -40'",
        "normalizedCommand": "hwpod workspace --help 2>&1 || hwpod --help 2>&1 | head -40",
        "bodyPreview": "commandExecution inProgress: /bin/sh -lc 'hwpod workspace --help 2>&1 || hwpod --help 2>&1 | head -40'"
      },
      {
        "source": "trace-event",
        "seq": 3272,
        "toolName": "commandExecution",
        "status": "completed",
        "command": "/bin/sh -lc 'hwpod workspace --help 2>&1 || hwpod --help 2>&1 | head -40'",
        "normalizedCommand": "hwpod workspace --help 2>&1 || hwpod --help 2>&1 | head -40",
        "bodyPreview": "{ \"ok\": true, \"action\": \"hwpod-cli.invoke\", \"status\": \"completed\", \"specPath\": \".hwlab/hwpod-spec.yaml\", \"intent\": \"workspace.ls\", \"contractVersion\": \"hwpod-node-ops-v1\", \"compilerInvocation\": { \"compiler\": \"hwpod-compiler-cli\", \"mode\": \"subprocess\", \"entrypoint\": \"tools/hwpod-compiler-cli.ts\", \"argv\": [ \"compile\", \"--spec\", \".hwlab/hwpod-spec.yaml\", \"--intent\", \"workspace.ls\", \"--args\", \"<json>\" ], \"exitCode\": 0, \"action\": \"hwpod-compiler.compile\", \"contractVersion\": \"hwpod-node-ops-v1\", \"planId\": \"hwpod_plan_a95adcb3-2e34-409b-8039-3e097b7a4304\", \"source\": { \"compiler\": \"hwpod-compiler-cli\", \"specPath\": \".hwlab/hwpod-spec.yaml\", \"specAuthority\": \"code-agent-workspace\" } }, \"route\": { \"method\": \"POST\", \"path\": \"/v1/hwpod-node-ops\" }, \"runtimeEndpoint\": { \"kind\": \"api\", \"baseUrl\": \"http://hwlab-cloud-api.hwlab-v02.svc.cluster.local:6667\", \"source\": \"runtime-env\", \"sourceName\": \"HWLAB_RUNTIME_API_URL\", \"explicitOverride\": false, \"lane\": \"v02\", \"namespace\": \"hwlab-v02\", \"urlLane\": \"v02\", \"urlNamespace\": \"hwlab-v02\" }, \"body\": { \"ok\": true, \"status\": \"completed\", \"contractVersion\": \"hwpod-node-ops-v1\", \"planId\": \"hwpod_plan_a95adcb3-2e34-409b-8039-3e097b7a4304\", \"hwpodId\": \"d601-f1...",
        "exitCode": 0
      },
      {
        "source": "trace-event",
        "seq": 3274,
        "toolName": "commandExecution",
        "status": "started",
        "command": "/bin/sh -lc 'hwpod workspace --help 2>&1; echo \"===\"; hwpod workspace read --help 2>&1 || true'",
        "normalizedCommand": "hwpod workspace --help 2>&1; echo \"===\"; hwpod workspace read --help 2>&1 || true",
        "bodyPreview": "commandExecution inProgress: /bin/sh -lc 'hwpod workspace --help 2>&1; echo \"===\"; hwpod workspace read --help 2>&1 || true'"
      },
      {
        "source": "trace-event",
        "seq": 3278,
        "toolName": "commandExecution",
        "status": "completed",
        "command": "/bin/sh -lc 'hwpod workspace --help 2>&1; echo \"===\"; hwpod workspace read --help 2>&1 || true'",
        "normalizedCommand": "hwpod workspace --help 2>&1; echo \"===\"; hwpod workspace read --help 2>&1 || true",
        "bodyPreview": "{ \"ok\": true, \"action\": \"hwpod-cli.invoke\", \"status\": \"completed\", \"specPath\": \".hwlab/hwpod-spec.yaml\", \"intent\": \"workspace.ls\", \"contractVersion\": \"hwpod-node-ops-v1\", \"compilerInvocation\": { \"compiler\": \"hwpod-compiler-cli\", \"mode\": \"subprocess\", \"entrypoint\": \"tools/hwpod-compiler-cli.ts\", \"argv\": [ \"compile\", \"--spec\", \".hwlab/hwpod-spec.yaml\", \"--intent\", \"workspace.ls\", \"--args\", \"<json>\" ], \"exitCode\": 0, \"action\": \"hwpod-compiler.compile\", \"contractVersion\": \"hwpod-node-ops-v1\", \"planId\": \"hwpod_plan_1f395a12-34ac-43f4-a48e-6679c7309412\", \"source\": { \"compiler\": \"hwpod-compiler-cli\", \"specPath\": \".hwlab/hwpod-spec.yaml\", \"specAuthority\": \"code-agent-workspace\" } }, \"route\": { \"method\": \"POST\", \"path\": \"/v1/hwpod-node-ops\" }, \"runtimeEndpoint\": { \"kind\": \"api\", \"baseUrl\": \"http://hwlab-cloud-api.hwlab-v02.svc.cluster.local:6667\", \"source\": \"runtime-env\", \"sourceName\": \"HWLAB_RUNTIME_API_URL\", \"explicitOverride\": false, \"lane\": \"v02\", \"namespace\": \"hwlab-v02\", \"urlLane\": \"v02\", \"urlNamespace\": \"hwlab-v02\" }, \"body\": { \"ok\": true, \"status\": \"completed\", \"contractVersion\": \"hwpod-node-ops-v1\", \"planId\": \"hwpod_plan_1f395a12-34ac-43f4-a48e-6679c7309412\", \"hwpodId\": \"d601-f1...",
        "exitCode": 0
      }
    ]
  },
  "agentDiff": {
    "statusShort": "M projects/01_baseline/User/main.c",
    "diffStat": "projects/01_baseline/User/main.c | 2 ++\n 1 file changed, 2 insertions(+)",
    "diffPatchPath": "/root/hwlab-v02/.state/hwlab-cli/caserun/issue1018-smooth-600s-20260606-125203/agent-diff.patch",
    "diffPatchSha256": "7cb04707310c05415820834b6b3ccfe67601e95cfe556ad52b28724acf4e5df4",
    "sourceRootStatusShort": "",
    "requests": [
      {
        "label": "status",
        "httpStatus": 200,
        "exitCode": 0,
        "stdoutBytes": 34,
        "stderr": ""
      },
      {
        "label": "diff-stat",
        "httpStatus": 200,
        "exitCode": 0,
        "stdoutBytes": 72,
        "stderr": ""
      },
      {
        "label": "diff-patch",
        "httpStatus": 200,
        "exitCode": 0,
        "stdoutBytes": 538,
        "stderr": ""
      },
      {
        "label": "source-root-status",
        "httpStatus": 200,
        "exitCode": 0,
        "stdoutBytes": 0,
        "stderr": ""
      }
    ]
  },
  "build": {
    "status": "recorded",
    "autoEvaluation": false,
    "agentTraceCommandCount": 30,
    "agentTraceHwpodCommandCount": 1376,
    "agentStage": {
      "source": "agent-trace-commands",
      "autoEvaluation": false,
      "commands": [
        {
          "kind": "spec-validate",
          "seq": 3262,
          "status": "completed",
          "exitCode": 0,
          "command": "hwpod-ctl spec validate --spec .hwlab/hwpod-spec.yaml 2>&1; echo \"EXIT_CODE=$?\"",
          "detail": "{ \"ok\": true, \"action\": \"hwpod-ctl.spec.validate\", \"status\": \"succeeded\", \"specPath\": \".hwlab/hwpod-spec.yaml\", \"document\": { \"apiVersion\": \"hwlab.dev/v0alpha1\", \"kind\": \"Hwpod\", \"metadata\": { \"uid\": \"D601-F103-V2\", \"name\": \"d601-f103-v2\" }, \"spec\": { \"targetDevice\": { \"board\": \"D601-F103-V2\", \"mcu\": \"STM32F103\" }, \"workspace\": { \"path\": \"F:\\\\Work\\\\HWLAB-CASE-F103\\\\.worktree\\\\caserun-issue1018-smooth-600s-20260606-125203\", \"toolchain\": \"keil-mdk\", \"keilProject\": \"projects/01_baseline/Projects/MDK-ARM/atk_f103.uvprojx\", \"keilTarget\": \"USART\", \"keilCliPath\": \"C:\\\\Users\\\\liang\\\\.agents\\\\skills\\\\keil\\\\keil-cli.py\" }, \"debugProbe\": { \"type\": \"daplink\", \"adapter\": \"keil\", \"probeUid\": \"3FD750C63E342E24\", \"probeName\": \"MicroLink CMSIS-DAP\", \"programBackend\": \"keil\" }, \"ioProbe\": { \"uart\": { \"id\": \"uart/1\", \"port\": \"COM9\", \"baudrate\": 115200 } }, \"nodeBinding\": { \"nodeId\": \"node-d601-f103-v2\", \"nodeType\": \"pc-host\" } } }, \"fourElements\": [ \"targetDevice\", \"workspace\", \"debugProbe\", \"ioProbe\" ],\n... clipped ..."
        },
        {
          "kind": "inspect",
          "seq": 3267,
          "status": "completed",
          "exitCode": 0,
          "command": "hwpod inspect --spec .hwlab/hwpod-spec.yaml 2>&1; echo \"EXIT_CODE=$?\"",
          "detail": "{ \"ok\": true, \"action\": \"hwpod-cli.invoke\", \"status\": \"completed\", \"specPath\": \".hwlab/hwpod-spec.yaml\", \"intent\": \"inspect\", \"contractVersion\": \"hwpod-node-ops-v1\", \"compilerInvocation\": { \"compiler\": \"hwpod-compiler-cli\", \"mode\": \"subprocess\", \"entrypoint\": \"tools/hwpod-compiler-cli.ts\", \"argv\": [ \"compile\", \"--spec\", \".hwlab/hwpod-spec.yaml\", \"--intent\", \"inspect\", \"--args\", \"<json>\" ], \"exitCode\": 0, \"action\": \"hwpod-compiler.compile\", \"contractVersion\": \"hwpod-node-ops-v1\", \"planId\": \"hwpod_plan_2668ee22-801e-44f0-8336-e7c342dfad6f\", \"source\": { \"compiler\": \"hwpod-compiler-cli\", \"specPath\": \".hwlab/hwpod-spec.yaml\", \"specAuthority\": \"code-agent-workspace\" } }, \"route\": { \"method\": \"POST\", \"path\": \"/v1/hwpod-node-ops\" }, \"runtimeEndpoint\": { \"kind\": \"api\", \"baseUrl\": \"http://hwlab-cloud-api.hwlab-v02.svc.cluster.local:6667\", \"source\": \"runtime-env\", \"sourceName\": \"HWLAB_RUNTIME_API_URL\", \"explicitOverride\": false, \"lane\": \"v02\", \"namespace\": \"hwlab-v02\", \"urlLane\": \"v02\", \"urlNames\n... clipped ..."
        },
        {
          "kind": "workspace-edit",
          "seq": 3230,
          "status": "completed",
          "exitCode": 0,
          "command": "hwpod workspace replace --path projects/01_baseline/User/main.c --find ' printf(\\\"[D601-F103] CaseRun UART marker issue1018-smooth-600s-20260606-125203\\\\\\\\r\\\\\\\\n\\\");' --replace '' --all --spec .hwlab/hwpod-spec.yaml --reason \\\"remove misplaced marker\\\" 2>&1; echo \\\"EXIT_CODE=\"'$?\"",
          "detail": "{ \"ok\": true, \"action\": \"hwpod-cli.invoke\", \"status\": \"failed\", \"specPath\": \".hwlab/hwpod-spec.yaml\", \"intent\": \"workspace.replace\", \"contractVersion\": \"hwpod-node-ops-v1\", \"compilerInvocation\": { \"compiler\": \"hwpod-compiler-cli\", \"mode\": \"subprocess\", \"entrypoint\": \"tools/hwpod-compiler-cli.ts\", \"argv\": [ \"compile\", \"--spec\", \".hwlab/hwpod-spec.yaml\", \"--intent\", \"workspace.replace\", \"--args\", \"<json>\" ], \"exitCode\": 0, \"action\": \"hwpod-compiler.compile\", \"contractVersion\": \"hwpod-node-ops-v1\", \"planId\": \"hwpod_plan_bae3c4a0-94ea-43ee-99dc-d10a9e37f8b8\", \"source\": { \"compiler\": \"hwpod-compiler-cli\", \"specPath\": \".hwlab/hwpod-spec.yaml\", \"specAuthority\": \"code-agent-workspace\" } }, \"route\": { \"method\": \"POST\", \"path\": \"/v1/hwpod-node-ops\" }, \"runtimeEndpoint\": { \"kind\": \"api\", \"baseUrl\": \"http://hwlab-cloud-api.hwlab-v02.svc.cluster.local:6667\", \"source\": \"runtime-env\", \"sourceName\": \"HWLAB_RUNTIME_API_URL\", \"explicitOverride\": false, \"lane\": \"v02\", \"namespace\": \"hwlab-v02\", \"urlLane\":\n... clipped ..."
        },
        {
          "kind": "build",
          "seq": 9176,
          "status": "completed",
          "exitCode": 0,
          "command": "hwpod build --spec .hwlab/hwpod-spec.yaml 2>&1 | node -e ' let d=\\\"\\\";process.stdin.on(\\\"data\\\",c=>d+=c);process.stdin.on(\\\"end\\\",()=>{ const j=JSON.parse(d); const r=j.body.results[0].output; console.log(\\\"job_id:\\\", r.stdout); });'",
          "detail": "job_id: { \"accepted\": true, \"command\": \"build\", \"mode\": \"async\", \"job_id\": \"20260606_205411_79d4cb19\", \"status\": \"queued\", \"state_file\": \"C:\\\\Users\\\\liang\\\\.agents\\\\skills\\\\keil\\\\.state\\\\jobs\\\\20260606_205411_79d4cb19.json\", \"check_command\": \"py -3 keil-cli.py job-status 20260606_205411_79d4cb19\", \"hex_file_preview\": null, \"axf_file_preview\": null }"
        },
        {
          "kind": "download",
          "seq": 5114,
          "status": "started",
          "command": "hwpod download --spec .hwlab/hwpod-spec.yaml 2>&1; echo \"EXIT_CODE=$?\"",
          "detail": "commandExecution inProgress: /bin/sh -lc 'hwpod download --spec .hwlab/hwpod-spec.yaml 2>&1; echo \"EXIT_CODE=$?\"'"
        },
        {
          "kind": "build",
          "seq": 4639,
          "status": "completed",
          "exitCode": 0,
          "command": "hwpod build --spec .hwlab/hwpod-spec.yaml 2>&1; echo \"EXIT_CODE=$?\"",
          "detail": "{ \"ok\": true, \"action\": \"hwpod-cli.invoke\", \"status\": \"completed\", \"specPath\": \".hwlab/hwpod-spec.yaml\", \"intent\": \"debug.build\", \"contractVersion\": \"hwpod-node-ops-v1\", \"compilerInvocation\": { \"compiler\": \"hwpod-compiler-cli\", \"mode\": \"subprocess\", \"entrypoint\": \"tools/hwpod-compiler-cli.ts\", \"argv\": [ \"compile\", \"--spec\", \".hwlab/hwpod-spec.yaml\", \"--intent\", \"debug.build\", \"--args\", \"<json>\" ], \"exitCode\": 0, \"action\": \"hwpod-compiler.compile\", \"contractVersion\": \"hwpod-node-ops-v1\", \"planId\": \"hwpod_plan_c949738e-b44e-4dce-bcdb-83f444864af9\", \"source\": { \"compiler\": \"hwpod-compiler-cli\", \"specPath\": \".hwlab/hwpod-spec.yaml\", \"specAuthority\": \"code-agent-workspace\" } }, \"route\": { \"method\": \"POST\", \"path\": \"/v1/hwpod-node-ops\" }, \"runtimeEndpoint\": { \"kind\": \"api\", \"baseUrl\": \"http://hwlab-cloud-api.hwlab-v02.svc.cluster.local:6667\", \"source\": \"runtime-env\", \"sourceName\": \"HWLAB_RUNTIME_API_URL\", \"explicitOverride\": false, \"lane\": \"v02\", \"namespace\": \"hwlab-v02\", \"urlLane\": \"v02\", \"\n... clipped ..."
        },
        {
          "kind": "hwpod-other",
          "seq": 3220,
          "status": "started",
          "command": "hwpod workspace cat projects/01_baseline/User/main.c --spec .hwlab/hwpod-spec.yaml 2>&1 | node -e \\\" let d='';process.stdin.on('data',c=>d+=c);process.stdin.on('end',()=>{ const j=JSON.parse(d); const c=j.body.results[0].output.content; const lines=c.split(String.raw'\\\\r\\\\n'); console.log('DEBUG: lines count:', lines.length); console.log('---raw first 8 chars---'); const raw=c.substring(0,8).split('').map(c=>c.charCodeAt(0)); console.log(JSON.stringify(raw)); console.log('---all lines---'); for(let i=0;i<lines.length;i++) console.log(i+':'+lines[i]); });\\\"",
          "detail": "commandExecution inProgress: /bin/sh -lc \"hwpod workspace cat projects/01_baseline/User/main.c --spec .hwlab/hwpod-spec.yaml 2>&1 | node -e \\\" let d='';process.stdin.on('data',c=>d+=c);process.stdin.on('end',()=>{ const j=JSON.parse(d); const c=j.body.results[0].output.content; const lines=c.split(String.raw'\\\\r\\\\n'); console.log('DEBUG: lines count:', lines.length); console.log('---raw first 8 chars---'); const raw=c.substring(0,8).split('').map(c=>c.charCodeAt(0)); console.log(JSON.stringify(raw)); console.log('---all lines---'); for(let i=0;i<lines.length;i++) console.log(i+':'+lines[i]); });\\\"\""
        },
        {
          "kind": "hwpod-other",
          "seq": 3221,
          "status": "completed",
          "exitCode": 1,
          "command": "hwpod workspace cat projects/01_baseline/User/main.c --spec .hwlab/hwpod-spec.yaml 2>&1 | node -e \\\" let d='';process.stdin.on('data',c=>d+=c);process.stdin.on('end',()=>{ const j=JSON.parse(d); const c=j.body.results[0].output.content; const lines=c.split(String.raw'\\\\r\\\\n'); console.log('DEBUG: lines count:', lines.length); console.log('---raw first 8 chars---'); const raw=c.substring(0,8).split('').map(c=>c.charCodeAt(0)); console.log(JSON.stringify(raw)); console.log('---all lines---'); for(let i=0;i<lines.length;i++) console.log(i+':'+lines[i]); });\\\"",
          "detail": "commandExecution failed: /bin/sh -lc \"hwpod workspace cat projects/01_baseline/User/main.c --spec .hwlab/hwpod-spec.yaml 2>&1 | node -e \\\" let d='';process.stdin.on('data',c=>d+=c);process.stdin.on('end',()=>{ const j=JSON.parse(d); const c=j.body.results[0].output.content; const lines=c.split(String.raw'\\\\r\\\\n'); console.log('DEBUG: lines count:', lines.length); console.log('---raw first 8 chars---'); const raw=c.substring(0,8).split('').map(c=>c.charCodeAt(0)); console.log(JSON.stringify(raw)); console.log('---all lines---'); for(let i=0;i<lines.length;i++) console.log(i+':'+lines[i]); });\\\"\" exit=1 durationMs=1196"
        },
        {
          "kind": "hwpod-other",
          "seq": 3222,
          "status": "started",
          "command": "hwpod workspace cat projects/01_baseline/User/main.c --spec .hwlab/hwpod-spec.yaml 2>&1 | node -e ' let d=\\\"\\\";process.stdin.on(\\\"data\\\",c=>d+=c);process.stdin.on(\\\"end\\\",()=>{ const j=JSON.parse(d); const c=j.body.results[0].output.content; console.log(c); });' 2>&1 | head -30",
          "detail": "commandExecution inProgress: /bin/sh -lc \"hwpod workspace cat projects/01_baseline/User/main.c --spec .hwlab/hwpod-spec.yaml 2>&1 | node -e ' let d=\\\"\\\";process.stdin.on(\\\"data\\\",c=>d+=c);process.stdin.on(\\\"end\\\",()=>{ const j=JSON.parse(d); const c=j.body.results[0].output.content; console.log(c); });' 2>&1 | head -30\""
        },
        {
          "kind": "hwpod-other",
          "seq": 3224,
          "status": "completed",
          "exitCode": 0,
          "command": "hwpod workspace cat projects/01_baseline/User/main.c --spec .hwlab/hwpod-spec.yaml 2>&1 | node -e ' let d=\\\"\\\";process.stdin.on(\\\"data\\\",c=>d+=c);process.stdin.on(\\\"end\\\",()=>{ const j=JSON.parse(d); const c=j.body.results[0].output.content; console.log(c); });' 2>&1 | head -30",
          "detail": "printf(\"[D601-F103] CaseRun UART marker issue1018-smooth-600s-20260606-125203\\r\\n\"); #include \"./SYSTEM/usart/usart.h\" #include \"stm32f1xx_hal.h\" #include \"./SYSTEM/sys/sys.h\" #include \"./BSP/LED/led.h\" #include \"jsonrpc_handler.h\" #include \"d601_lcd.h\" #include \"d601_arm2d_demo.h\" #include \"d601_gpio.h\" int main(void) { SystemCoreClockUpdate(); sys_stm32_clock_init(9); HAL_Init(); led_init(); usart_init(115200); printf(\"\\r\\n[D601-F103] device-pod LCD bring-up\\r\\n\"); d601_lcd_init(); d601_gpio_init(); d601_arm2d_demo_show(); printf(\"[D601-F103] LCD ID=0x%04X\\r\\n\", (unsigned int)d601_lcd_get_id()); printf(\"[D601-F103] ARM-2D demo rendered\\r\\n\"); printf(\"[D601-F103] JSON-RPC ready on USART1 115200 8N1\\r\\n\"); while (1) { jsonrpc_process(); d601_arm2d_demo_task();"
        },
        {
          "kind": "hwpod-other",
          "seq": 3233,
          "status": "started",
          "command": "hwpod workspace cat projects/01_baseline/User/main.c --spec .hwlab/hwpod-spec.yaml 2>&1 | node -e ' let d=\\\"\\\";process.stdin.on(\\\"data\\\",c=>d+=c);process.stdin.on(\\\"end\\\",()=>{ const j=JSON.parse(d); const c=j.body.results[0].output.content; // Remove the misplaced marker line at offset 1 const lines=c.split(\\\"\\\\r\\\\n\\\"); const filtered=lines.filter(l => \"'!l.includes(\"CaseRun UART marker\")); console.log(filtered.join(\"'\"\\\\r\\\\n\\\")); });' 2>&1",
          "detail": "commandExecution inProgress: /bin/sh -lc \"hwpod workspace cat projects/01_baseline/User/main.c --spec .hwlab/hwpod-spec.yaml 2>&1 | node -e ' let d=\\\"\\\";process.stdin.on(\\\"data\\\",c=>d+=c);process.stdin.on(\\\"end\\\",()=>{ const j=JSON.parse(d); const c=j.body.results[0].output.content; // Remove the misplaced marker line at offset 1 const lines=c.split(\\\"\\\\r\\\\n\\\"); const filtered=lines.filter(l => \"'!l.includes(\"CaseRun UART marker\")); console.log(filtered.join(\"'\"\\\\r\\\\n\\\")); });' 2>&1\""
        },
        {
          "kind": "hwpod-other",
          "seq": 3270,
          "status": "started",
          "command": "hwpod workspace --help 2>&1 || hwpod --help 2>&1 | head -40",
          "detail": "commandExecution inProgress: /bin/sh -lc 'hwpod workspace --help 2>&1 || hwpod --help 2>&1 | head -40'"
        },
        {
          "kind": "hwpod-other",
          "seq": 3272,
          "status": "completed",
          "exitCode": 0,
          "command": "hwpod workspace --help 2>&1 || hwpod --help 2>&1 | head -40",
          "detail": "{ \"ok\": true, \"action\": \"hwpod-cli.invoke\", \"status\": \"completed\", \"specPath\": \".hwlab/hwpod-spec.yaml\", \"intent\": \"workspace.ls\", \"contractVersion\": \"hwpod-node-ops-v1\", \"compilerInvocation\": { \"compiler\": \"hwpod-compiler-cli\", \"mode\": \"subprocess\", \"entrypoint\": \"tools/hwpod-compiler-cli.ts\", \"argv\": [ \"compile\", \"--spec\", \".hwlab/hwpod-spec.yaml\", \"--intent\", \"workspace.ls\", \"--args\", \"<json>\" ], \"exitCode\": 0, \"action\": \"hwpod-compiler.compile\", \"contractVersion\": \"hwpod-node-ops-v1\", \"planId\": \"hwpod_plan_a95adcb3-2e34-409b-8039-3e097b7a4304\", \"source\": { \"compiler\": \"hwpod-compiler-cli\", \"specPath\": \".hwlab/hwpod-spec.yaml\", \"specAuthority\": \"code-agent-workspace\" } }, \"route\": { \"method\": \"POST\", \"path\": \"/v1/hwpod-node-ops\" }, \"runtimeEndpoint\": { \"kind\": \"api\", \"baseUrl\": \"http://hwlab-cloud-api.hwlab-v02.svc.cluster.local:6667\", \"source\": \"runtime-env\", \"sourceName\": \"HWLAB_RUNTIME_API_URL\", \"explicitOverride\": false, \"lane\": \"v02\", \"namespace\": \"hwlab-v02\", \"urlLane\": \"v02\",\n... clipped ..."
        },
        {
          "kind": "hwpod-other",
          "seq": 3274,
          "status": "started",
          "command": "hwpod workspace --help 2>&1; echo \"===\"; hwpod workspace read --help 2>&1 || true",
          "detail": "commandExecution inProgress: /bin/sh -lc 'hwpod workspace --help 2>&1; echo \"===\"; hwpod workspace read --help 2>&1 || true'"
        },
        {
          "kind": "hwpod-other",
          "seq": 3278,
          "status": "completed",
          "exitCode": 0,
          "command": "hwpod workspace --help 2>&1; echo \"===\"; hwpod workspace read --help 2>&1 || true",
          "detail": "{ \"ok\": true, \"action\": \"hwpod-cli.invoke\", \"status\": \"completed\", \"specPath\": \".hwlab/hwpod-spec.yaml\", \"intent\": \"workspace.ls\", \"contractVersion\": \"hwpod-node-ops-v1\", \"compilerInvocation\": { \"compiler\": \"hwpod-compiler-cli\", \"mode\": \"subprocess\", \"entrypoint\": \"tools/hwpod-compiler-cli.ts\", \"argv\": [ \"compile\", \"--spec\", \".hwlab/hwpod-spec.yaml\", \"--intent\", \"workspace.ls\", \"--args\", \"<json>\" ], \"exitCode\": 0, \"action\": \"hwpod-compiler.compile\", \"contractVersion\": \"hwpod-node-ops-v1\", \"planId\": \"hwpod_plan_1f395a12-34ac-43f4-a48e-6679c7309412\", \"source\": { \"compiler\": \"hwpod-compiler-cli\", \"specPath\": \".hwlab/hwpod-spec.yaml\", \"specAuthority\": \"code-agent-workspace\" } }, \"route\": { \"method\": \"POST\", \"path\": \"/v1/hwpod-node-ops\" }, \"runtimeEndpoint\": { \"kind\": \"api\", \"baseUrl\": \"http://hwlab-cloud-api.hwlab-v02.svc.cluster.local:6667\", \"source\": \"runtime-env\", \"sourceName\": \"HWLAB_RUNTIME_API_URL\", \"explicitOverride\": false, \"lane\": \"v02\", \"namespace\": \"hwlab-v02\", \"urlLane\": \"v02\",\n... clipped ..."
        }
      ],
      "kinds": [
        "spec-validate",
        "inspect",
        "workspace-edit",
        "build",
        "download",
        "hwpod-other"
      ]
    },
    "hwpodExitCode": 0,
    "hwpodSource": "case-run-runner-post-agent-compile-check",
    "jobId": "20260606_205536_651adf13",
    "keilStatus": "running",
    "artifacts": []
  },
  "collect": {
    "caseRepo": "/root/hwlab-case-registry",
    "caseRepoRunDir": "/root/hwlab-case-registry/runs/d601-f103-v2-main-marker-download-uart/issue1018-smooth-600s-20260606-125203",
    "caseRepoFiles": [
      "runs/d601-f103-v2-main-marker-download-uart/issue1018-smooth-600s-20260606-125203/evidence.json",
      "runs/d601-f103-v2-main-marker-download-uart/issue1018-smooth-600s-20260606-125203/summary.md",
      "runs/d601-f103-v2-main-marker-download-uart/issue1018-smooth-600s-20260606-125203/agent-messages.json",
      "runs/d601-f103-v2-main-marker-download-uart/issue1018-smooth-600s-20260606-125203/agent-trace.md",
      "runs/d601-f103-v2-main-marker-download-uart/issue1018-smooth-600s-20260606-125203/agent-transcript.md",
      "runs/d601-f103-v2-main-marker-download-uart/issue1018-smooth-600s-20260606-125203/final-response.md",
      "runs/d601-f103-v2-main-marker-download-uart/issue1018-smooth-600s-20260606-125203/run.json",
      "runs/d601-f103-v2-main-marker-download-uart/issue1018-smooth-600s-20260606-125203/result.json",
      "runs/d601-f103-v2-main-marker-download-uart/issue1018-smooth-600s-20260606-125203/agent-trace.json",
      "runs/d601-f103-v2-main-marker-download-uart/issue1018-smooth-600s-20260606-125203/agent-prompt.md",
      "runs/d601-f103-v2-main-marker-download-uart/issue1018-smooth-600s-20260606-125203/agent-diff.patch",
      "runs/d601-f103-v2-main-marker-download-uart/issue1018-smooth-600s-20260606-125203/.hwlab/hwpod-spec.yaml",
      "runs/d601-f103-v2-main-marker-download-uart/issue1018-smooth-600s-20260606-125203/worker.stdout.log",
      "runs/d601-f103-v2-main-marker-download-uart/issue1018-smooth-600s-20260606-125203/worker.stderr.log",
      "runs/d601-f103-v2-main-marker-download-uart/issue1018-smooth-600s-20260606-125203/artifact-manifest.json"
    ],
    "artifactManifestPath": "/root/hwlab-case-registry/runs/d601-f103-v2-main-marker-download-uart/issue1018-smooth-600s-20260606-125203/artifact-manifest.json",
    "artifactCount": 15,
    "skippedFiles": [],
    "trace": {
      "traceId": "trc_case_d601-f103-v2-main-marker-download-uart_24b52cbe8f6b4683a0e0eca0cb514214",
      "sessionId": "ses_cb863511-608e-4a2a-a584-1c3bcdfa1e60",
      "conversationId": "cnv_case_d601-f103-v2-main-marker-download-uart_issue1018-smooth-600s-20260606-125203",
      "providerProfile": "deepseek",
      "projectId": "prj_hwpod_workbench",
      "status": "completed",
      "terminalStatus": "completed",
      "commandCount": 30,
      "hwpodCommandCount": 1376,
      "hwpodBuildCommandCount": 111,
      "agentRun": {
        "adapter": "agentrun-v01",
        "runId": "run_283f17e8f7fe4602aa9a319de87c6acb",
        "commandId": "cmd_79c93675cbf34b9fa0207aea2dc22c84",
        "attemptId": "attempt_mq2crlf8",
        "runnerId": "runner_36922f5a7b63",
        "jobName": "agentrun-v01-runner-740c7e4edaa1",
        "namespace": "agentrun-v01",
        "terminalStatus": "completed",
        "lastSeq": 0,
        "valuesPrinted": false
      }
    },
    "agentStage": {
      "source": "agent-trace-commands",
      "autoEvaluation": false,
      "commands": [
        {
          "kind": "spec-validate",
          "seq": 3262,
          "status": "completed",
          "exitCode": 0,
          "command": "hwpod-ctl spec validate --spec .hwlab/hwpod-spec.yaml 2>&1; echo \"EXIT_CODE=$?\"",
          "detail": "{ \"ok\": true, \"action\": \"hwpod-ctl.spec.validate\", \"status\": \"succeeded\", \"specPath\": \".hwlab/hwpod-spec.yaml\", \"document\": { \"apiVersion\": \"hwlab.dev/v0alpha1\", \"kind\": \"Hwpod\", \"metadata\": { \"uid\": \"D601-F103-V2\", \"name\": \"d601-f103-v2\" }, \"spec\": { \"targetDevice\": { \"board\": \"D601-F103-V2\", \"mcu\": \"STM32F103\" }, \"workspace\": { \"path\": \"F:\\\\Work\\\\HWLAB-CASE-F103\\\\.worktree\\\\caserun-issue1018-smooth-600s-20260606-125203\", \"toolchain\": \"keil-mdk\", \"keilProject\": \"projects/01_baseline/Projects/MDK-ARM/atk_f103.uvprojx\", \"keilTarget\": \"USART\", \"keilCliPath\": \"C:\\\\Users\\\\liang\\\\.agents\\\\skills\\\\keil\\\\keil-cli.py\" }, \"debugProbe\": { \"type\": \"daplink\", \"adapter\": \"keil\", \"probeUid\": \"3FD750C63E342E24\", \"probeName\": \"MicroLink CMSIS-DAP\", \"programBackend\": \"keil\" }, \"ioProbe\": { \"uart\": { \"id\": \"uart/1\", \"port\": \"COM9\", \"baudrate\": 115200 } }, \"nodeBinding\": { \"nodeId\": \"node-d601-f103-v2\", \"nodeType\": \"pc-host\" } } }, \"fourElements\": [ \"targetDevice\", \"workspace\", \"debugProbe\", \"ioProbe\" ],\n... clipped ..."
        },
        {
          "kind": "inspect",
          "seq": 3267,
          "status": "completed",
          "exitCode": 0,
          "command": "hwpod inspect --spec .hwlab/hwpod-spec.yaml 2>&1; echo \"EXIT_CODE=$?\"",
          "detail": "{ \"ok\": true, \"action\": \"hwpod-cli.invoke\", \"status\": \"completed\", \"specPath\": \".hwlab/hwpod-spec.yaml\", \"intent\": \"inspect\", \"contractVersion\": \"hwpod-node-ops-v1\", \"compilerInvocation\": { \"compiler\": \"hwpod-compiler-cli\", \"mode\": \"subprocess\", \"entrypoint\": \"tools/hwpod-compiler-cli.ts\", \"argv\": [ \"compile\", \"--spec\", \".hwlab/hwpod-spec.yaml\", \"--intent\", \"inspect\", \"--args\", \"<json>\" ], \"exitCode\": 0, \"action\": \"hwpod-compiler.compile\", \"contractVersion\": \"hwpod-node-ops-v1\", \"planId\": \"hwpod_plan_2668ee22-801e-44f0-8336-e7c342dfad6f\", \"source\": { \"compiler\": \"hwpod-compiler-cli\", \"specPath\": \".hwlab/hwpod-spec.yaml\", \"specAuthority\": \"code-agent-workspace\" } }, \"route\": { \"method\": \"POST\", \"path\": \"/v1/hwpod-node-ops\" }, \"runtimeEndpoint\": { \"kind\": \"api\", \"baseUrl\": \"http://hwlab-cloud-api.hwlab-v02.svc.cluster.local:6667\", \"source\": \"runtime-env\", \"sourceName\": \"HWLAB_RUNTIME_API_URL\", \"explicitOverride\": false, \"lane\": \"v02\", \"namespace\": \"hwlab-v02\", \"urlLane\": \"v02\", \"urlNames\n... clipped ..."
        },
        {
          "kind": "workspace-edit",
          "seq": 3230,
          "status": "completed",
          "exitCode": 0,
          "command": "hwpod workspace replace --path projects/01_baseline/User/main.c --find ' printf(\\\"[D601-F103] CaseRun UART marker issue1018-smooth-600s-20260606-125203\\\\\\\\r\\\\\\\\n\\\");' --replace '' --all --spec .hwlab/hwpod-spec.yaml --reason \\\"remove misplaced marker\\\" 2>&1; echo \\\"EXIT_CODE=\"'$?\"",
          "detail": "{ \"ok\": true, \"action\": \"hwpod-cli.invoke\", \"status\": \"failed\", \"specPath\": \".hwlab/hwpod-spec.yaml\", \"intent\": \"workspace.replace\", \"contractVersion\": \"hwpod-node-ops-v1\", \"compilerInvocation\": { \"compiler\": \"hwpod-compiler-cli\", \"mode\": \"subprocess\", \"entrypoint\": \"tools/hwpod-compiler-cli.ts\", \"argv\": [ \"compile\", \"--spec\", \".hwlab/hwpod-spec.yaml\", \"--intent\", \"workspace.replace\", \"--args\", \"<json>\" ], \"exitCode\": 0, \"action\": \"hwpod-compiler.compile\", \"contractVersion\": \"hwpod-node-ops-v1\", \"planId\": \"hwpod_plan_bae3c4a0-94ea-43ee-99dc-d10a9e37f8b8\", \"source\": { \"compiler\": \"hwpod-compiler-cli\", \"specPath\": \".hwlab/hwpod-spec.yaml\", \"specAuthority\": \"code-agent-workspace\" } }, \"route\": { \"method\": \"POST\", \"path\": \"/v1/hwpod-node-ops\" }, \"runtimeEndpoint\": { \"kind\": \"api\", \"baseUrl\": \"http://hwlab-cloud-api.hwlab-v02.svc.cluster.local:6667\", \"source\": \"runtime-env\", \"sourceName\": \"HWLAB_RUNTIME_API_URL\", \"explicitOverride\": false, \"lane\": \"v02\", \"namespace\": \"hwlab-v02\", \"urlLane\":\n... clipped ..."
        },
        {
          "kind": "build",
          "seq": 9176,
          "status": "completed",
          "exitCode": 0,
          "command": "hwpod build --spec .hwlab/hwpod-spec.yaml 2>&1 | node -e ' let d=\\\"\\\";process.stdin.on(\\\"data\\\",c=>d+=c);process.stdin.on(\\\"end\\\",()=>{ const j=JSON.parse(d); const r=j.body.results[0].output; console.log(\\\"job_id:\\\", r.stdout); });'",
          "detail": "job_id: { \"accepted\": true, \"command\": \"build\", \"mode\": \"async\", \"job_id\": \"20260606_205411_79d4cb19\", \"status\": \"queued\", \"state_file\": \"C:\\\\Users\\\\liang\\\\.agents\\\\skills\\\\keil\\\\.state\\\\jobs\\\\20260606_205411_79d4cb19.json\", \"check_command\": \"py -3 keil-cli.py job-status 20260606_205411_79d4cb19\", \"hex_file_preview\": null, \"axf_file_preview\": null }"
        },
        {
          "kind": "download",
          "seq": 5114,
          "status": "started",
          "command": "hwpod download --spec .hwlab/hwpod-spec.yaml 2>&1; echo \"EXIT_CODE=$?\"",
          "detail": "commandExecution inProgress: /bin/sh -lc 'hwpod download --spec .hwlab/hwpod-spec.yaml 2>&1; echo \"EXIT_CODE=$?\"'"
        },
        {
          "kind": "build",
          "seq": 4639,
          "status": "completed",
          "exitCode": 0,
          "command": "hwpod build --spec .hwlab/hwpod-spec.yaml 2>&1; echo \"EXIT_CODE=$?\"",
          "detail": "{ \"ok\": true, \"action\": \"hwpod-cli.invoke\", \"status\": \"completed\", \"specPath\": \".hwlab/hwpod-spec.yaml\", \"intent\": \"debug.build\", \"contractVersion\": \"hwpod-node-ops-v1\", \"compilerInvocation\": { \"compiler\": \"hwpod-compiler-cli\", \"mode\": \"subprocess\", \"entrypoint\": \"tools/hwpod-compiler-cli.ts\", \"argv\": [ \"compile\", \"--spec\", \".hwlab/hwpod-spec.yaml\", \"--intent\", \"debug.build\", \"--args\", \"<json>\" ], \"exitCode\": 0, \"action\": \"hwpod-compiler.compile\", \"contractVersion\": \"hwpod-node-ops-v1\", \"planId\": \"hwpod_plan_c949738e-b44e-4dce-bcdb-83f444864af9\", \"source\": { \"compiler\": \"hwpod-compiler-cli\", \"specPath\": \".hwlab/hwpod-spec.yaml\", \"specAuthority\": \"code-agent-workspace\" } }, \"route\": { \"method\": \"POST\", \"path\": \"/v1/hwpod-node-ops\" }, \"runtimeEndpoint\": { \"kind\": \"api\", \"baseUrl\": \"http://hwlab-cloud-api.hwlab-v02.svc.cluster.local:6667\", \"source\": \"runtime-env\", \"sourceName\": \"HWLAB_RUNTIME_API_URL\", \"explicitOverride\": false, \"lane\": \"v02\", \"namespace\": \"hwlab-v02\", \"urlLane\": \"v02\", \"\n... clipped ..."
        },
        {
          "kind": "hwpod-other",
          "seq": 3220,
          "status": "started",
          "command": "hwpod workspace cat projects/01_baseline/User/main.c --spec .hwlab/hwpod-spec.yaml 2>&1 | node -e \\\" let d='';process.stdin.on('data',c=>d+=c);process.stdin.on('end',()=>{ const j=JSON.parse(d); const c=j.body.results[0].output.content; const lines=c.split(String.raw'\\\\r\\\\n'); console.log('DEBUG: lines count:', lines.length); console.log('---raw first 8 chars---'); const raw=c.substring(0,8).split('').map(c=>c.charCodeAt(0)); console.log(JSON.stringify(raw)); console.log('---all lines---'); for(let i=0;i<lines.length;i++) console.log(i+':'+lines[i]); });\\\"",
          "detail": "commandExecution inProgress: /bin/sh -lc \"hwpod workspace cat projects/01_baseline/User/main.c --spec .hwlab/hwpod-spec.yaml 2>&1 | node -e \\\" let d='';process.stdin.on('data',c=>d+=c);process.stdin.on('end',()=>{ const j=JSON.parse(d); const c=j.body.results[0].output.content; const lines=c.split(String.raw'\\\\r\\\\n'); console.log('DEBUG: lines count:', lines.length); console.log('---raw first 8 chars---'); const raw=c.substring(0,8).split('').map(c=>c.charCodeAt(0)); console.log(JSON.stringify(raw)); console.log('---all lines---'); for(let i=0;i<lines.length;i++) console.log(i+':'+lines[i]); });\\\"\""
        },
        {
          "kind": "hwpod-other",
          "seq": 3221,
          "status": "completed",
          "exitCode": 1,
          "command": "hwpod workspace cat projects/01_baseline/User/main.c --spec .hwlab/hwpod-spec.yaml 2>&1 | node -e \\\" let d='';process.stdin.on('data',c=>d+=c);process.stdin.on('end',()=>{ const j=JSON.parse(d); const c=j.body.results[0].output.content; const lines=c.split(String.raw'\\\\r\\\\n'); console.log('DEBUG: lines count:', lines.length); console.log('---raw first 8 chars---'); const raw=c.substring(0,8).split('').map(c=>c.charCodeAt(0)); console.log(JSON.stringify(raw)); console.log('---all lines---'); for(let i=0;i<lines.length;i++) console.log(i+':'+lines[i]); });\\\"",
          "detail": "commandExecution failed: /bin/sh -lc \"hwpod workspace cat projects/01_baseline/User/main.c --spec .hwlab/hwpod-spec.yaml 2>&1 | node -e \\\" let d='';process.stdin.on('data',c=>d+=c);process.stdin.on('end',()=>{ const j=JSON.parse(d); const c=j.body.results[0].output.content; const lines=c.split(String.raw'\\\\r\\\\n'); console.log('DEBUG: lines count:', lines.length); console.log('---raw first 8 chars---'); const raw=c.substring(0,8).split('').map(c=>c.charCodeAt(0)); console.log(JSON.stringify(raw)); console.log('---all lines---'); for(let i=0;i<lines.length;i++) console.log(i+':'+lines[i]); });\\\"\" exit=1 durationMs=1196"
        },
        {
          "kind": "hwpod-other",
          "seq": 3222,
          "status": "started",
          "command": "hwpod workspace cat projects/01_baseline/User/main.c --spec .hwlab/hwpod-spec.yaml 2>&1 | node -e ' let d=\\\"\\\";process.stdin.on(\\\"data\\\",c=>d+=c);process.stdin.on(\\\"end\\\",()=>{ const j=JSON.parse(d); const c=j.body.results[0].output.content; console.log(c); });' 2>&1 | head -30",
          "detail": "commandExecution inProgress: /bin/sh -lc \"hwpod workspace cat projects/01_baseline/User/main.c --spec .hwlab/hwpod-spec.yaml 2>&1 | node -e ' let d=\\\"\\\";process.stdin.on(\\\"data\\\",c=>d+=c);process.stdin.on(\\\"end\\\",()=>{ const j=JSON.parse(d); const c=j.body.results[0].output.content; console.log(c); });' 2>&1 | head -30\""
        },
        {
          "kind": "hwpod-other",
          "seq": 3224,
          "status": "completed",
          "exitCode": 0,
          "command": "hwpod workspace cat projects/01_baseline/User/main.c --spec .hwlab/hwpod-spec.yaml 2>&1 | node -e ' let d=\\\"\\\";process.stdin.on(\\\"data\\\",c=>d+=c);process.stdin.on(\\\"end\\\",()=>{ const j=JSON.parse(d); const c=j.body.results[0].output.content; console.log(c); });' 2>&1 | head -30",
          "detail": "printf(\"[D601-F103] CaseRun UART marker issue1018-smooth-600s-20260606-125203\\r\\n\"); #include \"./SYSTEM/usart/usart.h\" #include \"stm32f1xx_hal.h\" #include \"./SYSTEM/sys/sys.h\" #include \"./BSP/LED/led.h\" #include \"jsonrpc_handler.h\" #include \"d601_lcd.h\" #include \"d601_arm2d_demo.h\" #include \"d601_gpio.h\" int main(void) { SystemCoreClockUpdate(); sys_stm32_clock_init(9); HAL_Init(); led_init(); usart_init(115200); printf(\"\\r\\n[D601-F103] device-pod LCD bring-up\\r\\n\"); d601_lcd_init(); d601_gpio_init(); d601_arm2d_demo_show(); printf(\"[D601-F103] LCD ID=0x%04X\\r\\n\", (unsigned int)d601_lcd_get_id()); printf(\"[D601-F103] ARM-2D demo rendered\\r\\n\"); printf(\"[D601-F103] JSON-RPC ready on USART1 115200 8N1\\r\\n\"); while (1) { jsonrpc_process(); d601_arm2d_demo_task();"
        },
        {
          "kind": "hwpod-other",
          "seq": 3233,
          "status": "started",
          "command": "hwpod workspace cat projects/01_baseline/User/main.c --spec .hwlab/hwpod-spec.yaml 2>&1 | node -e ' let d=\\\"\\\";process.stdin.on(\\\"data\\\",c=>d+=c);process.stdin.on(\\\"end\\\",()=>{ const j=JSON.parse(d); const c=j.body.results[0].output.content; // Remove the misplaced marker line at offset 1 const lines=c.split(\\\"\\\\r\\\\n\\\"); const filtered=lines.filter(l => \"'!l.includes(\"CaseRun UART marker\")); console.log(filtered.join(\"'\"\\\\r\\\\n\\\")); });' 2>&1",
          "detail": "commandExecution inProgress: /bin/sh -lc \"hwpod workspace cat projects/01_baseline/User/main.c --spec .hwlab/hwpod-spec.yaml 2>&1 | node -e ' let d=\\\"\\\";process.stdin.on(\\\"data\\\",c=>d+=c);process.stdin.on(\\\"end\\\",()=>{ const j=JSON.parse(d); const c=j.body.results[0].output.content; // Remove the misplaced marker line at offset 1 const lines=c.split(\\\"\\\\r\\\\n\\\"); const filtered=lines.filter(l => \"'!l.includes(\"CaseRun UART marker\")); console.log(filtered.join(\"'\"\\\\r\\\\n\\\")); });' 2>&1\""
        },
        {
          "kind": "hwpod-other",
          "seq": 3270,
          "status": "started",
          "command": "hwpod workspace --help 2>&1 || hwpod --help 2>&1 | head -40",
          "detail": "commandExecution inProgress: /bin/sh -lc 'hwpod workspace --help 2>&1 || hwpod --help 2>&1 | head -40'"
        },
        {
          "kind": "hwpod-other",
          "seq": 3272,
          "status": "completed",
          "exitCode": 0,
          "command": "hwpod workspace --help 2>&1 || hwpod --help 2>&1 | head -40",
          "detail": "{ \"ok\": true, \"action\": \"hwpod-cli.invoke\", \"status\": \"completed\", \"specPath\": \".hwlab/hwpod-spec.yaml\", \"intent\": \"workspace.ls\", \"contractVersion\": \"hwpod-node-ops-v1\", \"compilerInvocation\": { \"compiler\": \"hwpod-compiler-cli\", \"mode\": \"subprocess\", \"entrypoint\": \"tools/hwpod-compiler-cli.ts\", \"argv\": [ \"compile\", \"--spec\", \".hwlab/hwpod-spec.yaml\", \"--intent\", \"workspace.ls\", \"--args\", \"<json>\" ], \"exitCode\": 0, \"action\": \"hwpod-compiler.compile\", \"contractVersion\": \"hwpod-node-ops-v1\", \"planId\": \"hwpod_plan_a95adcb3-2e34-409b-8039-3e097b7a4304\", \"source\": { \"compiler\": \"hwpod-compiler-cli\", \"specPath\": \".hwlab/hwpod-spec.yaml\", \"specAuthority\": \"code-agent-workspace\" } }, \"route\": { \"method\": \"POST\", \"path\": \"/v1/hwpod-node-ops\" }, \"runtimeEndpoint\": { \"kind\": \"api\", \"baseUrl\": \"http://hwlab-cloud-api.hwlab-v02.svc.cluster.local:6667\", \"source\": \"runtime-env\", \"sourceName\": \"HWLAB_RUNTIME_API_URL\", \"explicitOverride\": false, \"lane\": \"v02\", \"namespace\": \"hwlab-v02\", \"urlLane\": \"v02\",\n... clipped ..."
        },
        {
          "kind": "hwpod-other",
          "seq": 3274,
          "status": "started",
          "command": "hwpod workspace --help 2>&1; echo \"===\"; hwpod workspace read --help 2>&1 || true",
          "detail": "commandExecution inProgress: /bin/sh -lc 'hwpod workspace --help 2>&1; echo \"===\"; hwpod workspace read --help 2>&1 || true'"
        },
        {
          "kind": "hwpod-other",
          "seq": 3278,
          "status": "completed",
          "exitCode": 0,
          "command": "hwpod workspace --help 2>&1; echo \"===\"; hwpod workspace read --help 2>&1 || true",
          "detail": "{ \"ok\": true, \"action\": \"hwpod-cli.invoke\", \"status\": \"completed\", \"specPath\": \".hwlab/hwpod-spec.yaml\", \"intent\": \"workspace.ls\", \"contractVersion\": \"hwpod-node-ops-v1\", \"compilerInvocation\": { \"compiler\": \"hwpod-compiler-cli\", \"mode\": \"subprocess\", \"entrypoint\": \"tools/hwpod-compiler-cli.ts\", \"argv\": [ \"compile\", \"--spec\", \".hwlab/hwpod-spec.yaml\", \"--intent\", \"workspace.ls\", \"--args\", \"<json>\" ], \"exitCode\": 0, \"action\": \"hwpod-compiler.compile\", \"contractVersion\": \"hwpod-node-ops-v1\", \"planId\": \"hwpod_plan_1f395a12-34ac-43f4-a48e-6679c7309412\", \"source\": { \"compiler\": \"hwpod-compiler-cli\", \"specPath\": \".hwlab/hwpod-spec.yaml\", \"specAuthority\": \"code-agent-workspace\" } }, \"route\": { \"method\": \"POST\", \"path\": \"/v1/hwpod-node-ops\" }, \"runtimeEndpoint\": { \"kind\": \"api\", \"baseUrl\": \"http://hwlab-cloud-api.hwlab-v02.svc.cluster.local:6667\", \"source\": \"runtime-env\", \"sourceName\": \"HWLAB_RUNTIME_API_URL\", \"explicitOverride\": false, \"lane\": \"v02\", \"namespace\": \"hwlab-v02\", \"urlLane\": \"v02\",\n... clipped ..."
        }
      ],
      "kinds": [
        "spec-validate",
        "inspect",
        "workspace-edit",
        "build",
        "download",
        "hwpod-other"
      ]
    },
    "status": "recorded",
    "autoEvaluation": false
  },
  "evidence": {
    "contractVersion": "hwpod-case-run-evidence-v1",
    "caseId": "d601-f103-v2-main-marker-download-uart",
    "runId": "issue1018-smooth-600s-20260606-125203",
    "compileOnly": true,
    "autoEvaluation": false,
    "status": "recorded",
    "observedAt": "2026-06-06T12:56:30.522Z",
    "apiUrl": "http://74.48.78.17:19667",
    "subject": {
      "repoLocalPath": "F:\\Work\\HWLAB-CASE-F103",
      "commitId": "df7a4e6e551fa90d64bde5537cc000f89d63dd20",
      "subdir": "projects/01_baseline",
      "worktreePath": "F:\\Work\\HWLAB-CASE-F103\\.worktree\\caserun-issue1018-smooth-600s-20260606-125203",
      "workspacePath": "F:\\Work\\HWLAB-CASE-F103\\.worktree\\caserun-issue1018-smooth-600s-20260606-125203",
      "setup": {
        "httpStatus": 200,
        "planId": "case_subject_dabd9142-83af-4e05-afe9-143f29fb80ae",
        "nodeId": "node-d601-f103-v2",
        "exitCode": 0,
        "stdout": "HEAD is now at df7a4e6 chore: initialize D601 HWLAB subject repo\ndf7a4e6e551fa90d64bde5537cc000f89d63dd20",
        "stderr": "Preparing worktree (detached HEAD df7a4e6)"
      }
    },
    "agentTask": {
      "workspace": "subjectWorktree",
      "providerProfile": "deepseek",
      "projectId": "prj_hwpod_workbench",
      "timeoutMs": 600000,
      "promptSha256": "fa9560ddc795672f94e43a54ed70745daebca9f8303fdea86dbdb17f369c7d55",
      "constraints": [
        "只允许修改 projects/01_baseline/User/main.c",
        "marker 必须包含本次 runId，避免串口旧输出混淆",
        "必须通过 HWPOD workspace/node 链路修改 subjectWorktreePath，不得从 Linux runner 直接 cd 到 Windows 路径",
        "必须尝试 hwpod build、hwpod download 和 hwpod uart read 原入口命令",
        "若修改、编译、下载或串口读取失败，继续保留 trace 和原始错误，不要绕过到非 HWPOD 路径",
        "结果只作为 raw trace/evidence 记录，不做自动评价或自动门禁"
      ]
    },
    "agent": {
      "stageStatus": "completed",
      "baseUrl": "http://74.48.78.17:19666",
      "projectId": "prj_hwpod_workbench",
      "providerProfile": "deepseek",
      "conversationId": "cnv_case_d601-f103-v2-main-marker-download-uart_issue1018-smooth-600s-20260606-125203",
      "sessionId": "ses_cb863511-608e-4a2a-a584-1c3bcdfa1e60",
      "traceId": "trc_case_d601-f103-v2-main-marker-download-uart_24b52cbe8f6b4683a0e0eca0cb514214",
      "promptPath": "/root/hwlab-v02/.state/hwlab-cli/caserun/issue1018-smooth-600s-20260606-125203/agent-prompt.md",
      "promptSha256": "54e2fce5a363a19a348ba77088fb7d0c3a3e28afa73dbff9b64f03bacc9b2f02",
      "polls": 86,
      "timedOut": false,
      "timeoutMs": 600000,
      "pollIntervalMs": 1000,
      "lastHttpStatus": 200
    },
    "agentTrace": {
      "traceId": "trc_case_d601-f103-v2-main-marker-download-uart_24b52cbe8f6b4683a0e0eca0cb514214",
      "status": "completed",
      "httpStatus": 200,
      "sourceEventCount": 6000,
      "commandCount": 30,
      "hwpodCommandCount": 1376,
      "hwpodBuildCommandCount": 111,
      "keilJobCandidates": [
        "20260606_205411_79d4cb19"
      ],
      "terminalStatus": "completed",
      "agentRun": {
        "adapter": "agentrun-v01",
        "runId": "run_283f17e8f7fe4602aa9a319de87c6acb",
        "commandId": "cmd_79c93675cbf34b9fa0207aea2dc22c84",
        "attemptId": "attempt_mq2crlf8",
        "runnerId": "runner_36922f5a7b63",
        "jobName": "agentrun-v01-runner-740c7e4edaa1",
        "namespace": "agentrun-v01",
        "terminalStatus": "completed",
        "lastSeq": 0,
        "valuesPrinted": false
      },
      "commands": [
        {
          "source": "trace-event",
          "seq": 3262,
          "toolName": "commandExecution",
          "status": "completed",
          "command": "/bin/sh -lc 'hwpod-ctl spec validate --spec .hwlab/hwpod-spec.yaml 2>&1; echo \"EXIT_CODE=$?\"'",
          "normalizedCommand": "hwpod-ctl spec validate --spec .hwlab/hwpod-spec.yaml 2>&1; echo \"EXIT_CODE=$?\"",
          "bodyPreview": "{ \"ok\": true, \"action\": \"hwpod-ctl.spec.validate\", \"status\": \"succeeded\", \"specPath\": \".hwlab/hwpod-spec.yaml\", \"document\": { \"apiVersion\": \"hwlab.dev/v0alpha1\", \"kind\": \"Hwpod\", \"metadata\": { \"uid\": \"D601-F103-V2\", \"name\": \"d601-f103-v2\" }, \"spec\": { \"targetDevice\": { \"board\": \"D601-F103-V2\", \"mcu\": \"STM32F103\" }, \"workspace\": { \"path\": \"F:\\\\Work\\\\HWLAB-CASE-F103\\\\.worktree\\\\caserun-issue1018-smooth-600s-20260606-125203\", \"toolchain\": \"keil-mdk\", \"keilProject\": \"projects/01_baseline/Projects/MDK-ARM/atk_f103.uvprojx\", \"keilTarget\": \"USART\", \"keilCliPath\": \"C:\\\\Users\\\\liang\\\\.agents\\\\skills\\\\keil\\\\keil-cli.py\" }, \"debugProbe\": { \"type\": \"daplink\", \"adapter\": \"keil\", \"probeUid\": \"3FD750C63E342E24\", \"probeName\": \"MicroLink CMSIS-DAP\", \"programBackend\": \"keil\" }, \"ioProbe\": { \"uart\": { \"id\": \"uart/1\", \"port\": \"COM9\", \"baudrate\": 115200 } }, \"nodeBinding\": { \"nodeId\": \"node-d601-f103-v2\", \"nodeType\": \"pc-host\" } } }, \"fourElements\": [ \"targetDevice\", \"workspace\", \"debugProbe\", \"ioProbe\" ], \"nodeId\": \"node-d601-f103-v2\", \"observedAt\": \"2026-06-06T12:52:24.180Z\" } EXIT_CODE=0",
          "exitCode": 0
        },
        {
          "source": "trace-event",
          "seq": 3267,
          "toolName": "commandExecution",
          "status": "completed",
          "command": "/bin/sh -lc 'hwpod inspect --spec .hwlab/hwpod-spec.yaml 2>&1; echo \"EXIT_CODE=$?\"'",
          "normalizedCommand": "hwpod inspect --spec .hwlab/hwpod-spec.yaml 2>&1; echo \"EXIT_CODE=$?\"",
          "bodyPreview": "{ \"ok\": true, \"action\": \"hwpod-cli.invoke\", \"status\": \"completed\", \"specPath\": \".hwlab/hwpod-spec.yaml\", \"intent\": \"inspect\", \"contractVersion\": \"hwpod-node-ops-v1\", \"compilerInvocation\": { \"compiler\": \"hwpod-compiler-cli\", \"mode\": \"subprocess\", \"entrypoint\": \"tools/hwpod-compiler-cli.ts\", \"argv\": [ \"compile\", \"--spec\", \".hwlab/hwpod-spec.yaml\", \"--intent\", \"inspect\", \"--args\", \"<json>\" ], \"exitCode\": 0, \"action\": \"hwpod-compiler.compile\", \"contractVersion\": \"hwpod-node-ops-v1\", \"planId\": \"hwpod_plan_2668ee22-801e-44f0-8336-e7c342dfad6f\", \"source\": { \"compiler\": \"hwpod-compiler-cli\", \"specPath\": \".hwlab/hwpod-spec.yaml\", \"specAuthority\": \"code-agent-workspace\" } }, \"route\": { \"method\": \"POST\", \"path\": \"/v1/hwpod-node-ops\" }, \"runtimeEndpoint\": { \"kind\": \"api\", \"baseUrl\": \"http://hwlab-cloud-api.hwlab-v02.svc.cluster.local:6667\", \"source\": \"runtime-env\", \"sourceName\": \"HWLAB_RUNTIME_API_URL\", \"explicitOverride\": false, \"lane\": \"v02\", \"namespace\": \"hwlab-v02\", \"urlLane\": \"v02\", \"urlNamespace\": \"hwlab-v02\" }, \"body\": { \"ok\": true, \"status\": \"completed\", \"contractVersion\": \"hwpod-node-ops-v1\", \"planId\": \"hwpod_plan_2668ee22-801e-44f0-8336-e7c342dfad6f\", \"hwpodId\": \"d601-f103-v2\", \"n...",
          "exitCode": 0
        },
        {
          "source": "trace-event",
          "seq": 3230,
          "toolName": "commandExecution",
          "status": "completed",
          "command": "/bin/sh -lc \"hwpod workspace replace --path projects/01_baseline/User/main.c --find ' printf(\\\"[D601-F103] CaseRun UART marker issue1018-smooth-600s-20260606-125203\\\\\\\\r\\\\\\\\n\\\");' --replace '' --all --spec .hwlab/hwpod-spec.yaml --reason \\\"remove misplaced marker\\\" 2>&1; echo \\\"EXIT_CODE=\"'$?\"'",
          "normalizedCommand": "hwpod workspace replace --path projects/01_baseline/User/main.c --find ' printf(\\\"[D601-F103] CaseRun UART marker issue1018-smooth-600s-20260606-125203\\\\\\\\r\\\\\\\\n\\\");' --replace '' --all --spec .hwlab/hwpod-spec.yaml --reason \\\"remove misplaced marker\\\" 2>&1; echo \\\"EXIT_CODE=\"'$?\"",
          "bodyPreview": "{ \"ok\": true, \"action\": \"hwpod-cli.invoke\", \"status\": \"failed\", \"specPath\": \".hwlab/hwpod-spec.yaml\", \"intent\": \"workspace.replace\", \"contractVersion\": \"hwpod-node-ops-v1\", \"compilerInvocation\": { \"compiler\": \"hwpod-compiler-cli\", \"mode\": \"subprocess\", \"entrypoint\": \"tools/hwpod-compiler-cli.ts\", \"argv\": [ \"compile\", \"--spec\", \".hwlab/hwpod-spec.yaml\", \"--intent\", \"workspace.replace\", \"--args\", \"<json>\" ], \"exitCode\": 0, \"action\": \"hwpod-compiler.compile\", \"contractVersion\": \"hwpod-node-ops-v1\", \"planId\": \"hwpod_plan_bae3c4a0-94ea-43ee-99dc-d10a9e37f8b8\", \"source\": { \"compiler\": \"hwpod-compiler-cli\", \"specPath\": \".hwlab/hwpod-spec.yaml\", \"specAuthority\": \"code-agent-workspace\" } }, \"route\": { \"method\": \"POST\", \"path\": \"/v1/hwpod-node-ops\" }, \"runtimeEndpoint\": { \"kind\": \"api\", \"baseUrl\": \"http://hwlab-cloud-api.hwlab-v02.svc.cluster.local:6667\", \"source\": \"runtime-env\", \"sourceName\": \"HWLAB_RUNTIME_API_URL\", \"explicitOverride\": false, \"lane\": \"v02\", \"namespace\": \"hwlab-v02\", \"urlLane\": \"v02\", \"urlNamespace\": \"hwlab-v02\" }, \"body\": { \"ok\": false, \"status\": \"failed\", \"contractVersion\": \"hwpod-node-ops-v1\", \"planId\": \"hwpod_plan_bae3c4a0-94ea-43ee-99dc-d10a9e37f8b8\", \"hwpodId\": \"d6...",
          "exitCode": 0
        },
        {
          "source": "trace-event",
          "seq": 4639,
          "toolName": "commandExecution",
          "status": "completed",
          "command": "/bin/sh -lc 'hwpod build --spec .hwlab/hwpod-spec.yaml 2>&1; echo \"EXIT_CODE=$?\"'",
          "normalizedCommand": "hwpod build --spec .hwlab/hwpod-spec.yaml 2>&1; echo \"EXIT_CODE=$?\"",
          "bodyPreview": "{ \"ok\": true, \"action\": \"hwpod-cli.invoke\", \"status\": \"completed\", \"specPath\": \".hwlab/hwpod-spec.yaml\", \"intent\": \"debug.build\", \"contractVersion\": \"hwpod-node-ops-v1\", \"compilerInvocation\": { \"compiler\": \"hwpod-compiler-cli\", \"mode\": \"subprocess\", \"entrypoint\": \"tools/hwpod-compiler-cli.ts\", \"argv\": [ \"compile\", \"--spec\", \".hwlab/hwpod-spec.yaml\", \"--intent\", \"debug.build\", \"--args\", \"<json>\" ], \"exitCode\": 0, \"action\": \"hwpod-compiler.compile\", \"contractVersion\": \"hwpod-node-ops-v1\", \"planId\": \"hwpod_plan_c949738e-b44e-4dce-bcdb-83f444864af9\", \"source\": { \"compiler\": \"hwpod-compiler-cli\", \"specPath\": \".hwlab/hwpod-spec.yaml\", \"specAuthority\": \"code-agent-workspace\" } }, \"route\": { \"method\": \"POST\", \"path\": \"/v1/hwpod-node-ops\" }, \"runtimeEndpoint\": { \"kind\": \"api\", \"baseUrl\": \"http://hwlab-cloud-api.hwlab-v02.svc.cluster.local:6667\", \"source\": \"runtime-env\", \"sourceName\": \"HWLAB_RUNTIME_API_URL\", \"explicitOverride\": false, \"lane\": \"v02\", \"namespace\": \"hwlab-v02\", \"urlLane\": \"v02\", \"urlNamespace\": \"hwlab-v02\" }, \"body\": { \"ok\": true, \"status\": \"completed\", \"contractVersion\": \"hwpod-node-ops-v1\", \"planId\": \"hwpod_plan_c949738e-b44e-4dce-bcdb-83f444864af9\", \"hwpodId\": \"d601-f103...",
          "exitCode": 0
        },
        {
          "source": "trace-event",
          "seq": 5114,
          "toolName": "commandExecution",
          "status": "started",
          "command": "/bin/sh -lc 'hwpod download --spec .hwlab/hwpod-spec.yaml 2>&1; echo \"EXIT_CODE=$?\"'",
          "normalizedCommand": "hwpod download --spec .hwlab/hwpod-spec.yaml 2>&1; echo \"EXIT_CODE=$?\"",
          "bodyPreview": "commandExecution inProgress: /bin/sh -lc 'hwpod download --spec .hwlab/hwpod-spec.yaml 2>&1; echo \"EXIT_CODE=$?\"'"
        },
        {
          "source": "trace-event",
          "seq": 3217,
          "toolName": "commandExecution",
          "status": "started",
          "command": "/bin/sh -lc 'rg -n \"insert-after|replace\" tools/src/hwpod-harness-lib.ts 2>&1 | head -20'",
          "normalizedCommand": "rg -n \"insert-after|replace\" tools/src/hwpod-harness-lib.ts 2>&1 | head -20",
          "bodyPreview": "commandExecution inProgress: /bin/sh -lc 'rg -n \"insert-after|replace\" tools/src/hwpod-harness-lib.ts 2>&1 | head -20'"
        },
        {
          "source": "trace-event",
          "seq": 3218,
          "toolName": "commandExecution",
          "status": "completed",
          "command": "/bin/sh -lc 'rg -n \"insert-after|replace\" tools/src/hwpod-harness-lib.ts 2>&1 | head -20'",
          "normalizedCommand": "rg -n \"insert-after|replace\" tools/src/hwpod-harness-lib.ts 2>&1 | head -20",
          "bodyPreview": "131: opId: operation.opId ?? `op_${String(index + 1).padStart(2, \"0\")}_${operation.op.replace(/[^a-z0-9]+/giu, \"_\")}`, 188: \"bun tools/hwpod-cli.ts workspace replace --path projects/01_baseline/User/main.c --find \\\"old text\\\" --replace \\\"new text\\\" --expected-sha <sha>\", 189: \"bun tools/hwpod-cli.ts workspace insert-after --path projects/01_baseline/User/main.c --anchor \\\"while (1)\\\" --line \\\" /* marker */\\\"\", 198: replace: \"Replace exact text in a subject file with SHA/diff diagnostics; pass --all for global replacement.\", 220: throw cliError(\"hwpod_spec_exists\", `hwpod spec already exists: ${specPath}`, { specPath, next: \"pass --force to replace it\" }); 333: if (subcommand === \"replace\") return { intent: \"workspace.replace\", args: cleanTextEditArgs({ path: requiredText(parsed.path ?? parsed._[2], \"path\"), find: requiredRawString(parsed.find ?? parsed._[3], \"find\"), replace: rawString(parsed.replace ?? parsed.replacement ?? parsed._[4]), expectedSha: text(parsed.expectedSha), all: parsed.all === true, dryRun: parsed.dryRun === true, reason: text(parsed.reason) }) }; 334: if (subcommand === \"insert-after\") return { intent: \"workspace.insert-after\", args: cleanTextEditArgs({ path...",
          "exitCode": 0
        },
        {
          "source": "trace-event",
          "seq": 3220,
          "toolName": "commandExecution",
          "status": "started",
          "command": "/bin/sh -lc \"hwpod workspace cat projects/01_baseline/User/main.c --spec .hwlab/hwpod-spec.yaml 2>&1 | node -e \\\" let d='';process.stdin.on('data',c=>d+=c);process.stdin.on('end',()=>{ const j=JSON.parse(d); const c=j.body.results[0].output.content; const lines=c.split(String.raw'\\\\r\\\\n'); console.log('DEBUG: lines count:', lines.length); console.log('---raw first 8 chars---'); const raw=c.substring(0,8).split('').map(c=>c.charCodeAt(0)); console.log(JSON.stringify(raw)); console.log('---all lines---'); for(let i=0;i<lines.length;i++) console.log(i+':'+lines[i]); });\\\"\"",
          "normalizedCommand": "hwpod workspace cat projects/01_baseline/User/main.c --spec .hwlab/hwpod-spec.yaml 2>&1 | node -e \\\" let d='';process.stdin.on('data',c=>d+=c);process.stdin.on('end',()=>{ const j=JSON.parse(d); const c=j.body.results[0].output.content; const lines=c.split(String.raw'\\\\r\\\\n'); console.log('DEBUG: lines count:', lines.length); console.log('---raw first 8 chars---'); const raw=c.substring(0,8).split('').map(c=>c.charCodeAt(0)); console.log(JSON.stringify(raw)); console.log('---all lines---'); for(let i=0;i<lines.length;i++) console.log(i+':'+lines[i]); });\\\"",
          "bodyPreview": "commandExecution inProgress: /bin/sh -lc \"hwpod workspace cat projects/01_baseline/User/main.c --spec .hwlab/hwpod-spec.yaml 2>&1 | node -e \\\" let d='';process.stdin.on('data',c=>d+=c);process.stdin.on('end',()=>{ const j=JSON.parse(d); const c=j.body.results[0].output.content; const lines=c.split(String.raw'\\\\r\\\\n'); console.log('DEBUG: lines count:', lines.length); console.log('---raw first 8 chars---'); const raw=c.substring(0,8).split('').map(c=>c.charCodeAt(0)); console.log(JSON.stringify(raw)); console.log('---all lines---'); for(let i=0;i<lines.length;i++) console.log(i+':'+lines[i]); });\\\"\""
        },
        {
          "source": "trace-event",
          "seq": 3221,
          "toolName": "commandExecution",
          "status": "completed",
          "command": "/bin/sh -lc \"hwpod workspace cat projects/01_baseline/User/main.c --spec .hwlab/hwpod-spec.yaml 2>&1 | node -e \\\" let d='';process.stdin.on('data',c=>d+=c);process.stdin.on('end',()=>{ const j=JSON.parse(d); const c=j.body.results[0].output.content; const lines=c.split(String.raw'\\\\r\\\\n'); console.log('DEBUG: lines count:', lines.length); console.log('---raw first 8 chars---'); const raw=c.substring(0,8).split('').map(c=>c.charCodeAt(0)); console.log(JSON.stringify(raw)); console.log('---all lines---'); for(let i=0;i<lines.length;i++) console.log(i+':'+lines[i]); });\\\"\"",
          "normalizedCommand": "hwpod workspace cat projects/01_baseline/User/main.c --spec .hwlab/hwpod-spec.yaml 2>&1 | node -e \\\" let d='';process.stdin.on('data',c=>d+=c);process.stdin.on('end',()=>{ const j=JSON.parse(d); const c=j.body.results[0].output.content; const lines=c.split(String.raw'\\\\r\\\\n'); console.log('DEBUG: lines count:', lines.length); console.log('---raw first 8 chars---'); const raw=c.substring(0,8).split('').map(c=>c.charCodeAt(0)); console.log(JSON.stringify(raw)); console.log('---all lines---'); for(let i=0;i<lines.length;i++) console.log(i+':'+lines[i]); });\\\"",
          "bodyPreview": "commandExecution failed: /bin/sh -lc \"hwpod workspace cat projects/01_baseline/User/main.c --spec .hwlab/hwpod-spec.yaml 2>&1 | node -e \\\" let d='';process.stdin.on('data',c=>d+=c);process.stdin.on('end',()=>{ const j=JSON.parse(d); const c=j.body.results[0].output.content; const lines=c.split(String.raw'\\\\r\\\\n'); console.log('DEBUG: lines count:', lines.length); console.log('---raw first 8 chars---'); const raw=c.substring(0,8).split('').map(c=>c.charCodeAt(0)); console.log(JSON.stringify(raw)); console.log('---all lines---'); for(let i=0;i<lines.length;i++) console.log(i+':'+lines[i]); });\\\"\" exit=1 durationMs=1196",
          "exitCode": 1
        },
        {
          "source": "trace-event",
          "seq": 3222,
          "toolName": "commandExecution",
          "status": "started",
          "command": "/bin/sh -lc \"hwpod workspace cat projects/01_baseline/User/main.c --spec .hwlab/hwpod-spec.yaml 2>&1 | node -e ' let d=\\\"\\\";process.stdin.on(\\\"data\\\",c=>d+=c);process.stdin.on(\\\"end\\\",()=>{ const j=JSON.parse(d); const c=j.body.results[0].output.content; console.log(c); });' 2>&1 | head -30\"",
          "normalizedCommand": "hwpod workspace cat projects/01_baseline/User/main.c --spec .hwlab/hwpod-spec.yaml 2>&1 | node -e ' let d=\\\"\\\";process.stdin.on(\\\"data\\\",c=>d+=c);process.stdin.on(\\\"end\\\",()=>{ const j=JSON.parse(d); const c=j.body.results[0].output.content; console.log(c); });' 2>&1 | head -30",
          "bodyPreview": "commandExecution inProgress: /bin/sh -lc \"hwpod workspace cat projects/01_baseline/User/main.c --spec .hwlab/hwpod-spec.yaml 2>&1 | node -e ' let d=\\\"\\\";process.stdin.on(\\\"data\\\",c=>d+=c);process.stdin.on(\\\"end\\\",()=>{ const j=JSON.parse(d); const c=j.body.results[0].output.content; console.log(c); });' 2>&1 | head -30\""
        },
        {
          "source": "trace-event",
          "seq": 3224,
          "toolName": "commandExecution",
          "status": "completed",
          "command": "/bin/sh -lc \"hwpod workspace cat projects/01_baseline/User/main.c --spec .hwlab/hwpod-spec.yaml 2>&1 | node -e ' let d=\\\"\\\";process.stdin.on(\\\"data\\\",c=>d+=c);process.stdin.on(\\\"end\\\",()=>{ const j=JSON.parse(d); const c=j.body.results[0].output.content; console.log(c); });' 2>&1 | head -30\"",
          "normalizedCommand": "hwpod workspace cat projects/01_baseline/User/main.c --spec .hwlab/hwpod-spec.yaml 2>&1 | node -e ' let d=\\\"\\\";process.stdin.on(\\\"data\\\",c=>d+=c);process.stdin.on(\\\"end\\\",()=>{ const j=JSON.parse(d); const c=j.body.results[0].output.content; console.log(c); });' 2>&1 | head -30",
          "bodyPreview": "printf(\"[D601-F103] CaseRun UART marker issue1018-smooth-600s-20260606-125203\\r\\n\"); #include \"./SYSTEM/usart/usart.h\" #include \"stm32f1xx_hal.h\" #include \"./SYSTEM/sys/sys.h\" #include \"./BSP/LED/led.h\" #include \"jsonrpc_handler.h\" #include \"d601_lcd.h\" #include \"d601_arm2d_demo.h\" #include \"d601_gpio.h\" int main(void) { SystemCoreClockUpdate(); sys_stm32_clock_init(9); HAL_Init(); led_init(); usart_init(115200); printf(\"\\r\\n[D601-F103] device-pod LCD bring-up\\r\\n\"); d601_lcd_init(); d601_gpio_init(); d601_arm2d_demo_show(); printf(\"[D601-F103] LCD ID=0x%04X\\r\\n\", (unsigned int)d601_lcd_get_id()); printf(\"[D601-F103] ARM-2D demo rendered\\r\\n\"); printf(\"[D601-F103] JSON-RPC ready on USART1 115200 8N1\\r\\n\"); while (1) { jsonrpc_process(); d601_arm2d_demo_task();",
          "exitCode": 0
        },
        {
          "source": "trace-event",
          "seq": 3227,
          "toolName": "commandExecution",
          "status": "started",
          "command": "/bin/sh -lc \"hwpod workspace replace --path projects/01_baseline/User/main.c --find ' printf(\\\"[D601-F103] CaseRun UART marker issue1018-smooth-600s-20260606-125203\\\\\\\\r\\\\\\\\n\\\");' --replace '' --all --spec .hwlab/hwpod-spec.yaml --reason \\\"remove misplaced marker\\\" 2>&1; echo \\\"EXIT_CODE=\"'$?\"'",
          "normalizedCommand": "hwpod workspace replace --path projects/01_baseline/User/main.c --find ' printf(\\\"[D601-F103] CaseRun UART marker issue1018-smooth-600s-20260606-125203\\\\\\\\r\\\\\\\\n\\\");' --replace '' --all --spec .hwlab/hwpod-spec.yaml --reason \\\"remove misplaced marker\\\" 2>&1; echo \\\"EXIT_CODE=\"'$?\"",
          "bodyPreview": "commandExecution inProgress: /bin/sh -lc \"hwpod workspace replace --path projects/01_baseline/User/main.c --find ' printf(\\\"[D601-F103] CaseRun UART marker issue1018-smooth-600s-20260606-125203\\\\\\\\r\\\\\\\\n\\\");' --replace '' --all --spec .hwlab/hwpod-spec.yaml --reason \\\"remove misplaced marker\\\" 2>&1; echo \\\"EXIT_CODE=\"'$?\"'"
        },
        {
          "source": "trace-event",
          "seq": 3233,
          "toolName": "commandExecution",
          "status": "started",
          "command": "/bin/sh -lc \"hwpod workspace cat projects/01_baseline/User/main.c --spec .hwlab/hwpod-spec.yaml 2>&1 | node -e ' let d=\\\"\\\";process.stdin.on(\\\"data\\\",c=>d+=c);process.stdin.on(\\\"end\\\",()=>{ const j=JSON.parse(d); const c=j.body.results[0].output.content; // Remove the misplaced marker line at offset 1 const lines=c.split(\\\"\\\\r\\\\n\\\"); const filtered=lines.filter(l => \"'!l.includes(\"CaseRun UART marker\")); console.log(filtered.join(\"'\"\\\\r\\\\n\\\")); });' 2>&1\"",
          "normalizedCommand": "hwpod workspace cat projects/01_baseline/User/main.c --spec .hwlab/hwpod-spec.yaml 2>&1 | node -e ' let d=\\\"\\\";process.stdin.on(\\\"data\\\",c=>d+=c);process.stdin.on(\\\"end\\\",()=>{ const j=JSON.parse(d); const c=j.body.results[0].output.content; // Remove the misplaced marker line at offset 1 const lines=c.split(\\\"\\\\r\\\\n\\\"); const filtered=lines.filter(l => \"'!l.includes(\"CaseRun UART marker\")); console.log(filtered.join(\"'\"\\\\r\\\\n\\\")); });' 2>&1",
          "bodyPreview": "commandExecution inProgress: /bin/sh -lc \"hwpod workspace cat projects/01_baseline/User/main.c --spec .hwlab/hwpod-spec.yaml 2>&1 | node -e ' let d=\\\"\\\";process.stdin.on(\\\"data\\\",c=>d+=c);process.stdin.on(\\\"end\\\",()=>{ const j=JSON.parse(d); const c=j.body.results[0].output.content; // Remove the misplaced marker line at offset 1 const lines=c.split(\\\"\\\\r\\\\n\\\"); const filtered=lines.filter(l => \"'!l.includes(\"CaseRun UART marker\")); console.log(filtered.join(\"'\"\\\\r\\\\n\\\")); });' 2>&1\""
        },
        {
          "source": "trace-event",
          "seq": 3251,
          "toolName": "commandExecution",
          "status": "started",
          "command": "/bin/sh -lc 'ls -la .hwlab/hwpod-spec.yaml 2>&1; echo \"---\"; cat .hwlab/hwpod-spec.yaml 2>&1 | head -80'",
          "normalizedCommand": "ls -la .hwlab/hwpod-spec.yaml 2>&1; echo \"---\"; cat .hwlab/hwpod-spec.yaml 2>&1 | head -80",
          "bodyPreview": "commandExecution inProgress: /bin/sh -lc 'ls -la .hwlab/hwpod-spec.yaml 2>&1; echo \"---\"; cat .hwlab/hwpod-spec.yaml 2>&1 | head -80'"
        },
        {
          "source": "trace-event",
          "seq": 9176,
          "toolName": "commandExecution",
          "status": "completed",
          "command": "/bin/sh -lc \"hwpod build --spec .hwlab/hwpod-spec.yaml 2>&1 | node -e ' let d=\\\"\\\";process.stdin.on(\\\"data\\\",c=>d+=c);process.stdin.on(\\\"end\\\",()=>{ const j=JSON.parse(d); const r=j.body.results[0].output; console.log(\\\"job_id:\\\", r.stdout); });'\"",
          "normalizedCommand": "hwpod build --spec .hwlab/hwpod-spec.yaml 2>&1 | node -e ' let d=\\\"\\\";process.stdin.on(\\\"data\\\",c=>d+=c);process.stdin.on(\\\"end\\\",()=>{ const j=JSON.parse(d); const r=j.body.results[0].output; console.log(\\\"job_id:\\\", r.stdout); });'",
          "bodyPreview": "job_id: { \"accepted\": true, \"command\": \"build\", \"mode\": \"async\", \"job_id\": \"20260606_205411_79d4cb19\", \"status\": \"queued\", \"state_file\": \"C:\\\\Users\\\\liang\\\\.agents\\\\skills\\\\keil\\\\.state\\\\jobs\\\\20260606_205411_79d4cb19.json\", \"check_command\": \"py -3 keil-cli.py job-status 20260606_205411_79d4cb19\", \"hex_file_preview\": null, \"axf_file_preview\": null }",
          "exitCode": 0
        },
        {
          "source": "trace-event",
          "seq": 9178,
          "toolName": "commandExecution",
          "status": "started",
          "command": "/bin/sh -lc 'hwpod download --spec .hwlab/hwpod-spec.yaml 2>&1; echo \"EXIT_CODE=$?\"'",
          "normalizedCommand": "hwpod download --spec .hwlab/hwpod-spec.yaml 2>&1; echo \"EXIT_CODE=$?\"",
          "bodyPreview": "commandExecution inProgress: /bin/sh -lc 'hwpod download --spec .hwlab/hwpod-spec.yaml 2>&1; echo \"EXIT_CODE=$?\"'"
        },
        {
          "source": "trace-event",
          "seq": 9181,
          "toolName": "agentrun:backend:item/commandExecution/terminalInteraction",
          "status": "running",
          "command": "item/commandExecution/terminalInteraction",
          "normalizedCommand": "item/commandExecution/terminalInteraction",
          "bodyPreview": "item/commandExecution/terminalInteraction"
        },
        {
          "source": "trace-event",
          "seq": 9182,
          "toolName": "agentrun:backend:item/commandExecution/terminalInteraction",
          "status": "running",
          "command": "item/commandExecution/terminalInteraction",
          "normalizedCommand": "item/commandExecution/terminalInteraction",
          "bodyPreview": "item/commandExecution/terminalInteraction"
        },
        {
          "source": "trace-event",
          "seq": 9183,
          "toolName": "commandExecution",
          "status": "started",
          "command": "/bin/sh -lc 'echo \"download timed out after 20s\" 2>&1'",
          "normalizedCommand": "echo \"download timed out after 20s\" 2>&1",
          "bodyPreview": "commandExecution inProgress: /bin/sh -lc 'echo \"download timed out after 20s\" 2>&1'"
        },
        {
          "source": "trace-event",
          "seq": 9184,
          "toolName": "commandExecution",
          "status": "completed",
          "command": "/bin/sh -lc 'echo \"download timed out after 20s\" 2>&1'",
          "normalizedCommand": "echo \"download timed out after 20s\" 2>&1",
          "bodyPreview": "download timed out after 20s",
          "exitCode": 0
        },
        {
          "source": "trace-event",
          "seq": 9186,
          "toolName": "commandExecution",
          "status": "started",
          "command": "/bin/sh -lc 'timeout 15 hwpod download --spec .hwlab/hwpod-spec.yaml 2>&1; echo \"EXIT_CODE=$?\"'",
          "normalizedCommand": "timeout 15 hwpod download --spec .hwlab/hwpod-spec.yaml 2>&1; echo \"EXIT_CODE=$?\"",
          "bodyPreview": "commandExecution inProgress: /bin/sh -lc 'timeout 15 hwpod download --spec .hwlab/hwpod-spec.yaml 2>&1; echo \"EXIT_CODE=$?\"'"
        },
        {
          "source": "trace-event",
          "seq": 9189,
          "toolName": "commandExecution",
          "status": "completed",
          "command": "/bin/sh -lc 'timeout 15 hwpod download --spec .hwlab/hwpod-spec.yaml 2>&1; echo \"EXIT_CODE=$?\"'",
          "normalizedCommand": "timeout 15 hwpod download --spec .hwlab/hwpod-spec.yaml 2>&1; echo \"EXIT_CODE=$?\"",
          "bodyPreview": "Terminated EXIT_CODE=143",
          "exitCode": 0
        },
        {
          "source": "trace-event",
          "seq": 9191,
          "toolName": "commandExecution",
          "status": "started",
          "command": "/bin/sh -lc 'timeout 15 hwpod uart read --spec .hwlab/hwpod-spec.yaml --port uart1 --max-bytes 4096 2>&1; echo \"EXIT_CODE=$?\"'",
          "normalizedCommand": "timeout 15 hwpod uart read --spec .hwlab/hwpod-spec.yaml --port uart1 --max-bytes 4096 2>&1; echo \"EXIT_CODE=$?\"",
          "bodyPreview": "commandExecution inProgress: /bin/sh -lc 'timeout 15 hwpod uart read --spec .hwlab/hwpod-spec.yaml --port uart1 --max-bytes 4096 2>&1; echo \"EXIT_CODE=$?\"'"
        },
        {
          "source": "trace-event",
          "seq": 9199,
          "toolName": "commandExecution",
          "status": "completed",
          "command": "/bin/sh -lc 'timeout 15 hwpod uart read --spec .hwlab/hwpod-spec.yaml --port uart1 --max-bytes 4096 2>&1; echo \"EXIT_CODE=$?\"'",
          "normalizedCommand": "timeout 15 hwpod uart read --spec .hwlab/hwpod-spec.yaml --port uart1 --max-bytes 4096 2>&1; echo \"EXIT_CODE=$?\"",
          "bodyPreview": "{ \"ok\": true, \"action\": \"hwpod-cli.invoke\", \"status\": \"failed\", \"specPath\": \".hwlab/hwpod-spec.yaml\", \"intent\": \"io.uart.read\", \"contractVersion\": \"hwpod-node-ops-v1\", \"compilerInvocation\": { \"compiler\": \"hwpod-compiler-cli\", \"mode\": \"subprocess\", \"entrypoint\": \"tools/hwpod-compiler-cli.ts\", \"argv\": [ \"compile\", \"--spec\", \".hwlab/hwpod-spec.yaml\", \"--intent\", \"io.uart.read\", \"--args\", \"<json>\" ], \"exitCode\": 0, \"action\": \"hwpod-compiler.compile\", \"contractVersion\": \"hwpod-node-ops-v1\", \"planId\": \"hwpod_plan_425d65ce-5576-474e-bd56-57d659fbceb6\", \"source\": { \"compiler\": \"hwpod-compiler-cli\", \"specPath\": \".hwlab/hwpod-spec.yaml\", \"specAuthority\": \"code-agent-workspace\" } }, \"route\": { \"method\": \"POST\", \"path\": \"/v1/hwpod-node-ops\" }, \"runtimeEndpoint\": { \"kind\": \"api\", \"baseUrl\": \"http://hwlab-cloud-api.hwlab-v02.svc.cluster.local:6667\", \"source\": \"runtime-env\", \"sourceName\": \"HWLAB_RUNTIME_API_URL\", \"explicitOverride\": false, \"lane\": \"v02\", \"namespace\": \"hwlab-v02\", \"urlLane\": \"v02\", \"urlNamespace\": \"hwlab-v02\" }, \"body\": { \"ok\": false, \"status\": \"failed\", \"contractVersion\": \"hwpod-node-ops-v1\", \"planId\": \"hwpod_plan_425d65ce-5576-474e-bd56-57d659fbceb6\", \"hwpodId\": \"d601-f103-v2...",
          "exitCode": 0
        },
        {
          "source": "trace-event",
          "seq": 3261,
          "toolName": "commandExecution",
          "status": "started",
          "command": "/bin/sh -lc 'hwpod-ctl spec validate --spec .hwlab/hwpod-spec.yaml 2>&1; echo \"EXIT_CODE=$?\"'",
          "normalizedCommand": "hwpod-ctl spec validate --spec .hwlab/hwpod-spec.yaml 2>&1; echo \"EXIT_CODE=$?\"",
          "bodyPreview": "commandExecution inProgress: /bin/sh -lc 'hwpod-ctl spec validate --spec .hwlab/hwpod-spec.yaml 2>&1; echo \"EXIT_CODE=$?\"'"
        },
        {
          "source": "trace-event",
          "seq": 3264,
          "toolName": "commandExecution",
          "status": "started",
          "command": "/bin/sh -lc 'hwpod inspect --spec .hwlab/hwpod-spec.yaml 2>&1; echo \"EXIT_CODE=$?\"'",
          "normalizedCommand": "hwpod inspect --spec .hwlab/hwpod-spec.yaml 2>&1; echo \"EXIT_CODE=$?\"",
          "bodyPreview": "commandExecution inProgress: /bin/sh -lc 'hwpod inspect --spec .hwlab/hwpod-spec.yaml 2>&1; echo \"EXIT_CODE=$?\"'"
        },
        {
          "source": "trace-event",
          "seq": 3270,
          "toolName": "commandExecution",
          "status": "started",
          "command": "/bin/sh -lc 'hwpod workspace --help 2>&1 || hwpod --help 2>&1 | head -40'",
          "normalizedCommand": "hwpod workspace --help 2>&1 || hwpod --help 2>&1 | head -40",
          "bodyPreview": "commandExecution inProgress: /bin/sh -lc 'hwpod workspace --help 2>&1 || hwpod --help 2>&1 | head -40'"
        },
        {
          "source": "trace-event",
          "seq": 3272,
          "toolName": "commandExecution",
          "status": "completed",
          "command": "/bin/sh -lc 'hwpod workspace --help 2>&1 || hwpod --help 2>&1 | head -40'",
          "normalizedCommand": "hwpod workspace --help 2>&1 || hwpod --help 2>&1 | head -40",
          "bodyPreview": "{ \"ok\": true, \"action\": \"hwpod-cli.invoke\", \"status\": \"completed\", \"specPath\": \".hwlab/hwpod-spec.yaml\", \"intent\": \"workspace.ls\", \"contractVersion\": \"hwpod-node-ops-v1\", \"compilerInvocation\": { \"compiler\": \"hwpod-compiler-cli\", \"mode\": \"subprocess\", \"entrypoint\": \"tools/hwpod-compiler-cli.ts\", \"argv\": [ \"compile\", \"--spec\", \".hwlab/hwpod-spec.yaml\", \"--intent\", \"workspace.ls\", \"--args\", \"<json>\" ], \"exitCode\": 0, \"action\": \"hwpod-compiler.compile\", \"contractVersion\": \"hwpod-node-ops-v1\", \"planId\": \"hwpod_plan_a95adcb3-2e34-409b-8039-3e097b7a4304\", \"source\": { \"compiler\": \"hwpod-compiler-cli\", \"specPath\": \".hwlab/hwpod-spec.yaml\", \"specAuthority\": \"code-agent-workspace\" } }, \"route\": { \"method\": \"POST\", \"path\": \"/v1/hwpod-node-ops\" }, \"runtimeEndpoint\": { \"kind\": \"api\", \"baseUrl\": \"http://hwlab-cloud-api.hwlab-v02.svc.cluster.local:6667\", \"source\": \"runtime-env\", \"sourceName\": \"HWLAB_RUNTIME_API_URL\", \"explicitOverride\": false, \"lane\": \"v02\", \"namespace\": \"hwlab-v02\", \"urlLane\": \"v02\", \"urlNamespace\": \"hwlab-v02\" }, \"body\": { \"ok\": true, \"status\": \"completed\", \"contractVersion\": \"hwpod-node-ops-v1\", \"planId\": \"hwpod_plan_a95adcb3-2e34-409b-8039-3e097b7a4304\", \"hwpodId\": \"d601-f1...",
          "exitCode": 0
        },
        {
          "source": "trace-event",
          "seq": 3274,
          "toolName": "commandExecution",
          "status": "started",
          "command": "/bin/sh -lc 'hwpod workspace --help 2>&1; echo \"===\"; hwpod workspace read --help 2>&1 || true'",
          "normalizedCommand": "hwpod workspace --help 2>&1; echo \"===\"; hwpod workspace read --help 2>&1 || true",
          "bodyPreview": "commandExecution inProgress: /bin/sh -lc 'hwpod workspace --help 2>&1; echo \"===\"; hwpod workspace read --help 2>&1 || true'"
        },
        {
          "source": "trace-event",
          "seq": 3278,
          "toolName": "commandExecution",
          "status": "completed",
          "command": "/bin/sh -lc 'hwpod workspace --help 2>&1; echo \"===\"; hwpod workspace read --help 2>&1 || true'",
          "normalizedCommand": "hwpod workspace --help 2>&1; echo \"===\"; hwpod workspace read --help 2>&1 || true",
          "bodyPreview": "{ \"ok\": true, \"action\": \"hwpod-cli.invoke\", \"status\": \"completed\", \"specPath\": \".hwlab/hwpod-spec.yaml\", \"intent\": \"workspace.ls\", \"contractVersion\": \"hwpod-node-ops-v1\", \"compilerInvocation\": { \"compiler\": \"hwpod-compiler-cli\", \"mode\": \"subprocess\", \"entrypoint\": \"tools/hwpod-compiler-cli.ts\", \"argv\": [ \"compile\", \"--spec\", \".hwlab/hwpod-spec.yaml\", \"--intent\", \"workspace.ls\", \"--args\", \"<json>\" ], \"exitCode\": 0, \"action\": \"hwpod-compiler.compile\", \"contractVersion\": \"hwpod-node-ops-v1\", \"planId\": \"hwpod_plan_1f395a12-34ac-43f4-a48e-6679c7309412\", \"source\": { \"compiler\": \"hwpod-compiler-cli\", \"specPath\": \".hwlab/hwpod-spec.yaml\", \"specAuthority\": \"code-agent-workspace\" } }, \"route\": { \"method\": \"POST\", \"path\": \"/v1/hwpod-node-ops\" }, \"runtimeEndpoint\": { \"kind\": \"api\", \"baseUrl\": \"http://hwlab-cloud-api.hwlab-v02.svc.cluster.local:6667\", \"source\": \"runtime-env\", \"sourceName\": \"HWLAB_RUNTIME_API_URL\", \"explicitOverride\": false, \"lane\": \"v02\", \"namespace\": \"hwlab-v02\", \"urlLane\": \"v02\", \"urlNamespace\": \"hwlab-v02\" }, \"body\": { \"ok\": true, \"status\": \"completed\", \"contractVersion\": \"hwpod-node-ops-v1\", \"planId\": \"hwpod_plan_1f395a12-34ac-43f4-a48e-6679c7309412\", \"hwpodId\": \"d601-f1...",
          "exitCode": 0
        }
      ]
    },
    "agentDiff": {
      "statusShort": "M projects/01_baseline/User/main.c",
      "diffStat": "projects/01_baseline/User/main.c | 2 ++\n 1 file changed, 2 insertions(+)",
      "diffPatchPath": "/root/hwlab-v02/.state/hwlab-cli/caserun/issue1018-smooth-600s-20260606-125203/agent-diff.patch",
      "diffPatchSha256": "7cb04707310c05415820834b6b3ccfe67601e95cfe556ad52b28724acf4e5df4",
      "sourceRootStatusShort": "",
      "requests": [
        {
          "label": "status",
          "httpStatus": 200,
          "exitCode": 0,
          "stdoutBytes": 34,
          "stderr": ""
        },
        {
          "label": "diff-stat",
          "httpStatus": 200,
          "exitCode": 0,
          "stdoutBytes": 72,
          "stderr": ""
        },
        {
          "label": "diff-patch",
          "httpStatus": 200,
          "exitCode": 0,
          "stdoutBytes": 538,
          "stderr": ""
        },
        {
          "label": "source-root-status",
          "httpStatus": 200,
          "exitCode": 0,
          "stdoutBytes": 0,
          "stderr": ""
        }
      ]
    },
    "hwpod": {
      "source": "case-run-runner-post-agent-compile-check",
      "command": [
        "bun",
        "hwpod-cli.ts",
        "build",
        "--spec",
        "hwpod-spec.yaml",
        "--reason",
        "case-run d601-f103-v2-main-marker-download-uart issue1018-smooth-600s-20260606-125203 compile-only"
      ],
      "exitCode": 0,
      "stdoutJson": {
        "ok": true,
        "action": "hwpod-cli.invoke",
        "status": "completed",
        "results": [
          {
            "opId": "op_01_cmd_run",
            "op": "cmd.run",
            "ok": true,
            "status": "completed",
            "output": {
              "cwd": "F:\\Work\\HWLAB-CASE-F103\\.worktree\\caserun-issue1018-smooth-600s-20260606-125203",
              "command": [
                "py",
                "-3",
                "C:\\Users\\liang\\.agents\\skills\\keil\\keil-cli.py",
                "build",
                "-p",
                "F:\\Work\\HWLAB-CASE-F103\\.worktree\\caserun-issue1018-smooth-600s-20260606-125203\\projects\\01_baseline\\Projects\\MDK-ARM\\atk_f103.uvprojx",
                "-t",
                "USART"
              ],
              "exitCode": 0,
              "stdout": "{\r\n  \"accepted\": true,\r\n  \"command\": \"build\",\r\n  \"mode\": \"async\",\r\n  \"job_id\": \"20260606_205536_651adf13\",\r\n  \"status\": \"queued\",\r\n  \"state_file\": \"C:\\\\Users\\\\liang\\\\.agents\\\\skills\\\\keil\\\\.state\\\\jobs\\\\20260606_205536_651adf13.json\",\r\n  \"check_command\": \"py -3 keil-cli.py job-status 20260606_205536_651adf13\",\r\n  \"hex_file_preview\": null,\r\n  \"axf_file_preview\": null\r\n}\r\n",
              "stderr": "",
              "ok": true,
              "commandResolution": {
                "requested": "py",
                "command": "py",
                "resolved": false,
                "source": "process-path",
                "candidates": []
              }
            }
          }
        ]
      }
    },
    "keilJob": {
      "jobId": "20260606_205536_651adf13",
      "status": "running",
      "polls": 23,
      "timedOut": true,
      "last": {
        "status": "running",
        "success": false,
        "artifacts": [],
        "raw": {
          "job_id": "20260606_205536_651adf13",
          "command": "build",
          "status": "running",
          "created_at": "2026-06-06T20:55:36.215260",
          "started_at": "2026-06-06T20:55:36.368969",
          "finished_at": null,
          "return_code": null,
          "success": null,
          "params": {
            "project": "F:\\Work\\HWLAB-CASE-F103\\.worktree\\caserun-issue1018-smooth-600s-20260606-125203\\projects\\01_baseline\\Projects\\MDK-ARM\\atk_f103.uvprojx",
            "programmer": null,
            "probe": null,
            "target": "USART",
            "program_backend": null,
            "erase_mode": null
          },
          "result": null,
          "log_file": null,
          "state_file": "C:\\Users\\liang\\.agents\\skills\\keil\\.state\\jobs\\20260606_205536_651adf13.json"
        }
      }
    },
    "artifacts": [],
    "decisions": {
      "autoEvaluation": false,
      "runnerPostAgentCompileCheck": "recorded",
      "reason": "flow-only run: CaseRun records agent, diff and compile evidence without auto-grading them"
    }
  }
}
