{
  "generatedAt": "2026-06-06T17:29:57.184Z",
  "cli": "hwlab-cli",
  "version": "0.2.0-client",
  "ok": true,
  "action": "case.run",
  "status": "completed",
  "caseId": "d601-f103-v2-main-marker-download-uart",
  "runId": "issue1020-case2-r7-20260606-172930",
  "runDir": "/root/hwlab-v02/.state/hwlab-cli/caserun/issue1020-case2-r7-20260606-172930",
  "compileOnly": true,
  "prepare": {
    "status": "prepared",
    "caseId": "d601-f103-v2-main-marker-download-uart",
    "runId": "issue1020-case2-r7-20260606-172930",
    "specPath": "/root/hwlab-v02/.state/hwlab-cli/caserun/issue1020-case2-r7-20260606-172930/.hwlab/hwpod-spec.yaml",
    "apiUrl": "http://74.48.78.17:19667",
    "subject": {
      "repoLocalPath": "F:\\Work\\HWLAB-CASE-F103",
      "commitId": "df7a4e6e551fa90d64bde5537cc000f89d63dd20",
      "worktreePath": "F:\\Work\\HWLAB-CASE-F103\\.worktree\\caserun-issue1020-case2-r7-20260606-172930"
    }
  },
  "agent": {
    "stageStatus": "completed",
    "baseUrl": "http://74.48.78.17:19666",
    "projectId": "prj_hwpod_workbench",
    "providerProfile": "deepseek",
    "conversationId": "cnv_case_d601-f103-v2-main-marker-download-uart_issue1020-case2-r7-20260606-172930",
    "sessionId": "ses_1e42ad50-2205-4285-a2d7-dfaf5fd2ade2",
    "traceId": "trc_case_d601-f103-v2-main-marker-download-uart_34ab5dff913a4eb09a8cdd4bd131d9a9",
    "promptPath": "/root/hwlab-v02/.state/hwlab-cli/caserun/issue1020-case2-r7-20260606-172930/agent-prompt.md",
    "promptSha256": "2e0bc87f17a8644705f7022fa8c4c4d25079db4326b3be60969ddc269ba6bd62",
    "polls": 32,
    "timedOut": false,
    "timeoutMs": 600000,
    "pollIntervalMs": 1000,
    "lastHttpStatus": 200,
    "nextPollCommand": "hwlab-cli client agent result trc_case_d601-f103-v2-main-marker-download-uart_34ab5dff913a4eb09a8cdd4bd131d9a9",
    "traceCommand": "hwlab-cli client agent trace trc_case_d601-f103-v2-main-marker-download-uart_34ab5dff913a4eb09a8cdd4bd131d9a9 --render web",
    "inspectCommand": "hwlab-cli client agent inspect --trace-id trc_case_d601-f103-v2-main-marker-download-uart_34ab5dff913a4eb09a8cdd4bd131d9a9",
    "sessionCommand": "hwlab-cli client agent session status ses_1e42ad50-2205-4285-a2d7-dfaf5fd2ade2",
    "traceLookup": {
      "source": "hwlab-cli.client.agent",
      "strategy": "id_plus_existing_cli",
      "note": "CaseRun records trace/session identity and reuses existing HWLAB Web-equivalent agent CLI for trace/result/inspect; it does not implement a separate trace query path.",
      "baseUrl": "http://74.48.78.17:19666",
      "traceId": "trc_case_d601-f103-v2-main-marker-download-uart_34ab5dff913a4eb09a8cdd4bd131d9a9",
      "sessionId": "ses_1e42ad50-2205-4285-a2d7-dfaf5fd2ade2",
      "conversationId": "cnv_case_d601-f103-v2-main-marker-download-uart_issue1020-case2-r7-20260606-172930",
      "commands": {
        "result": "hwlab-cli client agent result trc_case_d601-f103-v2-main-marker-download-uart_34ab5dff913a4eb09a8cdd4bd131d9a9",
        "trace": "hwlab-cli client agent trace trc_case_d601-f103-v2-main-marker-download-uart_34ab5dff913a4eb09a8cdd4bd131d9a9 --render web",
        "traceFull": "hwlab-cli client agent trace trc_case_d601-f103-v2-main-marker-download-uart_34ab5dff913a4eb09a8cdd4bd131d9a9 --render web --full",
        "inspect": "hwlab-cli client agent inspect --trace-id trc_case_d601-f103-v2-main-marker-download-uart_34ab5dff913a4eb09a8cdd4bd131d9a9",
        "sessionStatus": "hwlab-cli client agent session status ses_1e42ad50-2205-4285-a2d7-dfaf5fd2ade2"
      }
    }
  },
  "agentTrace": {
    "traceId": "trc_case_d601-f103-v2-main-marker-download-uart_34ab5dff913a4eb09a8cdd4bd131d9a9",
    "status": "completed",
    "httpStatus": 200,
    "source": "hwlab-cli.client.agent.trace",
    "lookup": {
      "source": "hwlab-cli.client.agent",
      "strategy": "id_plus_existing_cli",
      "note": "CaseRun records trace/session identity and reuses existing HWLAB Web-equivalent agent CLI for trace/result/inspect; it does not implement a separate trace query path.",
      "baseUrl": "http://74.48.78.17:19666",
      "traceId": "trc_case_d601-f103-v2-main-marker-download-uart_34ab5dff913a4eb09a8cdd4bd131d9a9",
      "sessionId": "ses_1e42ad50-2205-4285-a2d7-dfaf5fd2ade2",
      "conversationId": "cnv_case_d601-f103-v2-main-marker-download-uart_issue1020-case2-r7-20260606-172930",
      "commands": {
        "result": "hwlab-cli client agent result trc_case_d601-f103-v2-main-marker-download-uart_34ab5dff913a4eb09a8cdd4bd131d9a9",
        "trace": "hwlab-cli client agent trace trc_case_d601-f103-v2-main-marker-download-uart_34ab5dff913a4eb09a8cdd4bd131d9a9 --render web",
        "traceFull": "hwlab-cli client agent trace trc_case_d601-f103-v2-main-marker-download-uart_34ab5dff913a4eb09a8cdd4bd131d9a9 --render web --full",
        "inspect": "hwlab-cli client agent inspect --trace-id trc_case_d601-f103-v2-main-marker-download-uart_34ab5dff913a4eb09a8cdd4bd131d9a9",
        "sessionStatus": "hwlab-cli client agent session status ses_1e42ad50-2205-4285-a2d7-dfaf5fd2ade2"
      }
    },
    "sourceEventCount": 1620,
    "renderedRowCount": 43,
    "commandCount": 16,
    "hwpodCommandCount": 14,
    "hwpodBuildCommandCount": 1,
    "keilJobCandidates": [
      "20260607_012857_0568e16c",
      "20260607_012906_83cf97da"
    ],
    "terminalStatus": "completed",
    "commands": [
      {
        "source": "trace-row",
        "seq": 94,
        "rowId": "tool:call_00_pvNEpx3lWtBChjYG7bBv2140",
        "header": "17:28:48 total=00:00:10 ok commandExecution",
        "command": "hwpod-ctl spec validate --spec .hwlab/hwpod-spec.yaml",
        "normalizedCommand": "hwpod-ctl spec validate --spec .hwlab/hwpod-spec.yaml",
        "bodyPreview": "hwpod-ctl spec validate --spec .hwlab/hwpod-spec.yaml stdout: { \"ok\": true, \"action\": \"hwpod-ctl.spec.validate\", \"status\": \"succeeded\", \"specPath\": \".hwlab/hwpod-spec.yaml\", \"document\": { \"apiVersion\": \"hwlab.dev/v0alpha1\", \"kind\": \"Hwpod\", \"metadata\": { \"uid\": \"D601-F103-V2\", \"name\": \"d601-f103-v2\" }, \"spec\": { \"targetDevice\": { \"board\": \"D601-F103-V2\", \"mcu\": \"STM32F103\" }, \"workspace\": { \"path\": \"F:\\\\Work\\\\HWLAB-CASE-F103\\\\.worktree\\\\caserun-issue1020-case2-r7-20260606-172930\", \"toolchain\": \"keil-mdk\", \"keilProject\": \"projects/01_baseline/Projects/MDK-ARM/atk_f103.uvprojx\", \"keilTarget\": \"USART\", \"keilCliPath\": \"C:\\\\Users\\\\liang\\\\.agents\\\\skills\\\\k... exitCode=0",
        "exitCode": 0
      },
      {
        "source": "trace-row",
        "seq": 97,
        "rowId": "tool:call_01_ZLEQJZiTJ1U1YrXIOnGP1446",
        "header": "17:28:49 total=00:00:12 ok commandExecution",
        "command": "hwpod inspect --spec .hwlab/hwpod-spec.yaml",
        "normalizedCommand": "hwpod inspect --spec .hwlab/hwpod-spec.yaml",
        "bodyPreview": "hwpod inspect --spec .hwlab/hwpod-spec.yaml stdout: { \"ok\": true, \"action\": \"hwpod-cli.invoke\", \"status\": \"completed\", \"specPath\": \".hwlab/hwpod-spec.yaml\", \"intent\": \"inspect\", \"contractVersion\": \"hwpod-node-ops-v1\", \"compilerInvocation\": { \"compiler\": \"hwpod-compiler-cli\", \"mode\": \"subprocess\", \"entrypoint\": \"tools/hwpod-compiler-cli.ts\", \"argv\": [ \"compile\", \"--spec\", \".hwlab/hwpod-spec.yaml\", \"--intent\", \"inspect\", \"--args\", \"<json>\" ], \"exitCode\": 0, \"action\": \"hwpod-compiler.compile\", \"contractVersion\": \"hwpod-node-ops-v1\", \"planId\": \"hwpod_plan_5a6c0053-5fb3-4861-8fac-32809581f64d\", \"source\": { \"compiler\": \"hwpod-compiler-cli\", \"specP... exitCode=0",
        "exitCode": 0
      },
      {
        "source": "trace-row",
        "seq": 226,
        "rowId": "tool:call_00_6iyB0jt31Kt8Pdqruv1J3298",
        "header": "17:28:55 total=00:00:18 ok commandExecution",
        "command": "hwpod workspace insert-after --path projects/01_baseline/User/main.c --anchor \"usart_init(115200);\" --line \" printf(\\\"[D601-F103] CaseRun UART marker issue1020-case2-r7-20260606-172930\\\\r\\\\n\\\");\" --spec .hwlab/hwpod-spec.yaml 2>&1",
        "normalizedCommand": "hwpod workspace insert-after --path projects/01_baseline/User/main.c --anchor \"usart_init(115200);\" --line \" printf(\\\"[D601-F103] CaseRun UART marker issue1020-case2-r7-20260606-172930\\\\r\\\\n\\\");\" --spec .hwlab/hwpod-spec.yaml 2>&1",
        "bodyPreview": "hwpod workspace insert-after --path projects/01_baseline/User/main.c --anchor \"usart_init(115200);\" --line \" printf(\\\"[D601-F103] CaseRun UART marker issue1020-case2-r7-20260606-172930\\\\r\\\\n\\\");\" --spec .hwlab/hwpod-spec.yaml 2>&1 stdout: { \"ok\": true, \"action\": \"hwpod-cli.invoke\", \"status\": \"completed\", \"specPath\": \".hwlab/hwpod-spec.yaml\", \"intent\": \"workspace.insert-after\", \"contractVersion\": \"hwpod-node-ops-v1\", \"compilerInvocation\": { \"compiler\": \"hwpod-compiler-cli\", \"mode\": \"subprocess\", \"entrypoint\": \"tools/hwpod-compiler-cli.ts\", \"argv\": [ \"compile\", \"--spec\", \".hwlab/hwpod-spec.yaml\", \"--intent\", \"workspace.insert-after\", \"--args\", \"<json>\" ], \"exitCode\": 0, \"action\": \"hwpod-compiler.compile\", \"contractVersion\": \"hwpod-node-ops-v1\", \"planId\": \"hwpod_plan_9945358f-f555-4761-862e-486d5b997fcc\", \"source\": { \"compiler\"... exitCode=0",
        "exitCode": 0
      },
      {
        "source": "trace-row",
        "seq": 352,
        "rowId": "tool:call_00_Lpgvg15jscY4Ghmefc1Q7438",
        "header": "17:29:01 total=00:00:24 ok commandExecution",
        "command": "hwpod build --spec .hwlab/hwpod-spec.yaml 2>&1",
        "normalizedCommand": "hwpod build --spec .hwlab/hwpod-spec.yaml 2>&1",
        "bodyPreview": "hwpod build --spec .hwlab/hwpod-spec.yaml 2>&1 stdout: { \"ok\": true, \"action\": \"hwpod-cli.invoke\", \"status\": \"completed\", \"specPath\": \".hwlab/hwpod-spec.yaml\", \"intent\": \"debug.build\", \"contractVersion\": \"hwpod-node-ops-v1\", \"compilerInvocation\": { \"compiler\": \"hwpod-compiler-cli\", \"mode\": \"subprocess\", \"entrypoint\": \"tools/hwpod-compiler-cli.ts\", \"argv\": [ \"compile\", \"--spec\", \".hwlab/hwpod-spec.yaml\", \"--intent\", \"debug.build\", \"--args\", \"<json>\" ], \"exitCode\": 0, \"action\": \"hwpod-compiler.compile\", \"contractVersion\": \"hwpod-node-ops-v1\", \"planId\": \"hwpod_plan_ddb7e964-b4d3-4e87-a0f3-b3c52e4494ff\", \"source\": { \"compiler\": \"hwpod-compiler-cli\"... exitCode=0",
        "exitCode": 0
      },
      {
        "source": "trace-row",
        "seq": 614,
        "rowId": "tool:call_00_qnWFQIYKZf3PvcECzYEW3881",
        "header": "17:29:10 total=00:00:33 ok commandExecution",
        "command": "hwpod download --spec .hwlab/hwpod-spec.yaml 2>&1",
        "normalizedCommand": "hwpod download --spec .hwlab/hwpod-spec.yaml 2>&1",
        "bodyPreview": "hwpod download --spec .hwlab/hwpod-spec.yaml 2>&1 stdout: { \"ok\": true, \"action\": \"hwpod-cli.invoke\", \"status\": \"completed\", \"specPath\": \".hwlab/hwpod-spec.yaml\", \"intent\": \"debug.download\", \"contractVersion\": \"hwpod-node-ops-v1\", \"compilerInvocation\": { \"compiler\": \"hwpod-compiler-cli\", \"mode\": \"subprocess\", \"entrypoint\": \"tools/hwpod-compiler-cli.ts\", \"argv\": [ \"compile\", \"--spec\", \".hwlab/hwpod-spec.yaml\", \"--intent\", \"debug.download\", \"--args\", \"<json>\" ], \"exitCode\": 0, \"action\": \"hwpod-compiler.compile\", \"contractVersion\": \"hwpod-node-ops-v1\", \"planId\": \"hwpod_plan_2f7837a3-dd3a-48b1-bc9d-1f9a3c1fc8f0\", \"source\": { \"compiler\": \"hwpod-compile... exitCode=0",
        "exitCode": 0
      },
      {
        "source": "trace-row",
        "seq": 1181,
        "rowId": "tool:call_00_K0acaXX1i5CrtVYTdqYB6610",
        "header": "17:29:24 total=00:00:47 ok commandExecution",
        "command": "hwpod uart read --spec .hwlab/hwpod-spec.yaml --port uart1 --max-bytes 4096 2>&1",
        "normalizedCommand": "hwpod uart read --spec .hwlab/hwpod-spec.yaml --port uart1 --max-bytes 4096 2>&1",
        "bodyPreview": "hwpod uart read --spec .hwlab/hwpod-spec.yaml --port uart1 --max-bytes 4096 2>&1 stdout: { \"ok\": true, \"action\": \"hwpod-cli.invoke\", \"status\": \"completed\", \"specPath\": \".hwlab/hwpod-spec.yaml\", \"intent\": \"io.uart.read\", \"contractVersion\": \"hwpod-node-ops-v1\", \"compilerInvocation\": { \"compiler\": \"hwpod-compiler-cli\", \"mode\": \"subprocess\", \"entrypoint\": \"tools/hwpod-compiler-cli.ts\", \"argv\": [ \"compile\", \"--spec\", \".hwlab/hwpod-spec.yaml\", \"--intent\", \"io.uart.read\", \"--args\", \"<json>\" ], \"exitCode\": 0, \"action\": \"hwpod-compiler.compile\", \"contractVersion\": \"hwpod-node-ops-v1\", \"planId\": \"hwpod_plan_c0575b23-7fa9-4af4-bead-c88f6fc1e2c0\", \"source\": { \"compiler\": \"hwpod-compiler-cl... exitCode=0",
        "exitCode": 0
      },
      {
        "source": "trace-row",
        "seq": 49,
        "rowId": "tool:call_00_LFxgFOVL6s9R2UiDyTMf7529",
        "header": "17:28:45 total=00:00:08 ok commandExecution",
        "command": "ls -la .hwlab/hwpod-spec.yaml && cat .hwlab/hwpod-spec.yaml",
        "normalizedCommand": "ls -la .hwlab/hwpod-spec.yaml && cat .hwlab/hwpod-spec.yaml",
        "bodyPreview": "ls -la .hwlab/hwpod-spec.yaml && cat .hwlab/hwpod-spec.yaml stdout: -rw-r--r-- 1 root root 743 Jun 6 17:28 .hwlab/hwpod-spec.yaml apiVersion: hwlab.dev/v0alpha1 kind: Hwpod metadata: uid: D601-F103-V2 name: d601-f103-v2 spec: targetDevice: board: D601-F103-V2 mcu: STM32F103 workspace: path: \"F:\\\\Work\\\\HWLAB-CASE-F103\\\\.worktree\\\\caserun-issue1020-case2-r7-20260606-172930\" toolchain: keil-mdk keilProject: projects/01_baseline/Projects/MDK-ARM/atk_f103.uvprojx keilTarget: USART keilCliPath: \"C:\\\\Users\\\\liang\\\\.agents\\\\skills\\\\keil\\\\keil-cli.py\" debugProbe: type: daplink adapter: keil probeUid: 95FFF39D3DB47E0D probeName: MicroKeenV4 CMSIS-DAP programBackend: ... exitCode=0",
        "exitCode": 0
      },
      {
        "source": "trace-row",
        "seq": 70,
        "rowId": "tool:call_01_DyhIUBxxRnDuDY958Rt33505",
        "header": "17:28:46 total=00:00:08 ok commandExecution",
        "command": "which hwpod && which hwpod-ctl && hwpod --help 2>&1 | head -20",
        "normalizedCommand": "which hwpod && which hwpod-ctl && hwpod --help 2>&1 | head -20",
        "bodyPreview": "which hwpod && which hwpod-ctl && hwpod --help 2>&1 | head -20 stdout: /usr/local/bin/hwpod /usr/local/bin/hwpod-ctl { \"ok\": true, \"action\": \"hwpod-cli.help\", \"status\": \"succeeded\", \"contractVersion\": \"hwpod-node-ops-v1\", \"usage\": [ \"bun tools/hwpod-cli.ts inspect --dry-run\", \"bun tools/hwpod-cli.ts workspace ls . --dry-run\", \"bun tools/hwpod-cli.ts workspace cat projects/01_baseline/User/main.c --spec .hwlab/hwpod-spec.yaml\", \"bun tools/hwpod-cli.ts workspace read projects/01_baseline/User/main.c --spec .hwlab/hwpod-spec.yaml\", \"cat patch.txt | bun tools/hwpod-cli.ts workspace apply-patch --spec .hwlab/hwpod-spec.yaml --reason \\\"edit subject workspace through... exitCode=0",
        "exitCode": 0
      },
      {
        "source": "trace-row",
        "seq": 156,
        "rowId": "tool:call_00_ECewkbIDQydEnIrygBhQ3010",
        "header": "17:28:51 total=00:00:14 ok commandExecution",
        "command": "hwpod workspace cat projects/01_baseline/User/main.c --spec .hwlab/hwpod-spec.yaml 2>&1",
        "normalizedCommand": "hwpod workspace cat projects/01_baseline/User/main.c --spec .hwlab/hwpod-spec.yaml 2>&1",
        "bodyPreview": "hwpod workspace cat projects/01_baseline/User/main.c --spec .hwlab/hwpod-spec.yaml 2>&1 stdout: { \"ok\": true, \"action\": \"hwpod-cli.invoke\", \"status\": \"completed\", \"specPath\": \".hwlab/hwpod-spec.yaml\", \"intent\": \"workspace.cat\", \"contractVersion\": \"hwpod-node-ops-v1\", \"compilerInvocation\": { \"compiler\": \"hwpod-compiler-cli\", \"mode\": \"subprocess\", \"entrypoint\": \"tools/hwpod-compiler-cli.ts\", \"argv\": [ \"compile\", \"--spec\", \".hwlab/hwpod-spec.yaml\", \"--intent\", \"workspace.cat\", \"--args\", \"<json>\" ], \"exitCode\": 0, \"action\": \"hwpod-compiler.compile\", \"contractVersion\": \"hwpod-node-ops-v1\", \"planId\": \"hwpod_plan_47a0a6aa-3803-427d-9d17-02ebf0e4253d\", \"source\": { \"compiler\": \"hwpod-compiler-... exitCode=0",
        "exitCode": 0
      },
      {
        "source": "trace-row",
        "seq": 305,
        "rowId": "tool:call_00_6JH2kOKL0pXNAJsTg9fC2565",
        "header": "17:28:58 total=00:00:20 ok commandExecution",
        "command": "hwpod workspace cat projects/01_baseline/User/main.c --spec .hwlab/hwpod-spec.yaml 2>&1 | grep -A 1 '\"content\"'",
        "normalizedCommand": "hwpod workspace cat projects/01_baseline/User/main.c --spec .hwlab/hwpod-spec.yaml 2>&1 | grep -A 1 '\"content\"",
        "bodyPreview": "hwpod workspace cat projects/01_baseline/User/main.c --spec .hwlab/hwpod-spec.yaml 2>&1 | grep -A 1 '\"content\"' stdout: \"content\": \"#include \\\"./SYSTEM/usart/usart.h\\\"\\r\\n#include \\\"stm32f1xx_hal.h\\\"\\r\\n#include \\\"./SYSTEM/sys/sys.h\\\"\\r\\n#include \\\"./BSP/LED/led.h\\\"\\r\\n#include \\\"jsonrpc_handler.h\\\"\\r\\n#include \\\"d601_lcd.h\\\"\\r\\n#include \\\"d601_arm2d_demo.h\\\"\\r\\n#include \\\"d601_gpio.h\\\"\\r\\n\\r\\nint main(void)\\r\\n{\\r\\n SystemCoreClockUpdate();\\r\\n sys_stm32_clock_init(9);\\r\\n HAL_Init();\\r\\n led_init();\\r\\n usart_init(115200);\\r\\n printf(\\\"[D601-F103] CaseRun UART marker issue1020-case2-r7-20260606-172930\\\\r\\\\n\\\");\\r\\n printf(\\\"\\\\r\\\\n[D601-F103] device-pod LCD bring-up\\\\r\\\\n\\\");\\r\\n\\r\\n d601_lcd_init();\\r\\n d6... exitCode=0",
        "exitCode": 0
      },
      {
        "source": "trace-row",
        "seq": 449,
        "rowId": "tool:call_00_FNHiRXpcUBsJr9pRyiV56905",
        "header": "17:29:04 total=00:00:27 ok commandExecution",
        "command": "hwpod job status 20260607_012857_0568e16c --spec .hwlab/hwpod-spec.yaml 2>&1",
        "normalizedCommand": "hwpod job status 20260607_012857_0568e16c --spec .hwlab/hwpod-spec.yaml 2>&1",
        "bodyPreview": "hwpod job status 20260607_012857_0568e16c --spec .hwlab/hwpod-spec.yaml 2>&1 stdout: { \"ok\": true, \"action\": \"hwpod-cli.invoke\", \"status\": \"completed\", \"specPath\": \".hwlab/hwpod-spec.yaml\", \"intent\": \"debug.job-status\", \"contractVersion\": \"hwpod-node-ops-v1\", \"compilerInvocation\": { \"compiler\": \"hwpod-compiler-cli\", \"mode\": \"subprocess\", \"entrypoint\": \"tools/hwpod-compiler-cli.ts\", \"argv\": [ \"compile\", \"--spec\", \".hwlab/hwpod-spec.yaml\", \"--intent\", \"debug.job-status\", \"--args\", \"<json>\" ], \"exitCode\": 0, \"action\": \"hwpod-compiler.compile\", \"contractVersion\": \"hwpod-node-ops-v1\", \"planId\": \"hwpod_plan_6ebefb90-bd91-46c0-a3ab-e7e66230833d\", \"source\": { \"compiler\": \"hwpod-com... exitCode=0",
        "exitCode": 0
      },
      {
        "source": "trace-row",
        "seq": 555,
        "rowId": "tool:call_00_jiu0PDhNY8DSskscvhWi1975",
        "header": "17:29:07 total=00:00:30 ok commandExecution",
        "command": "hwpod job status 20260607_012857_0568e16c --spec .hwlab/hwpod-spec.yaml 2>&1",
        "normalizedCommand": "hwpod job status 20260607_012857_0568e16c --spec .hwlab/hwpod-spec.yaml 2>&1",
        "bodyPreview": "hwpod job status 20260607_012857_0568e16c --spec .hwlab/hwpod-spec.yaml 2>&1 stdout: { \"ok\": true, \"action\": \"hwpod-cli.invoke\", \"status\": \"completed\", \"specPath\": \".hwlab/hwpod-spec.yaml\", \"intent\": \"debug.job-status\", \"contractVersion\": \"hwpod-node-ops-v1\", \"compilerInvocation\": { \"compiler\": \"hwpod-compiler-cli\", \"mode\": \"subprocess\", \"entrypoint\": \"tools/hwpod-compiler-cli.ts\", \"argv\": [ \"compile\", \"--spec\", \".hwlab/hwpod-spec.yaml\", \"--intent\", \"debug.job-status\", \"--args\", \"<json>\" ], \"exitCode\": 0, \"action\": \"hwpod-compiler.compile\", \"contractVersion\": \"hwpod-node-ops-v1\", \"planId\": \"hwpod_plan_35c041ac-2978-4823-892c-02400c0e9347\", \"source\": { \"compiler\": \"hwpod-com... exitCode=0",
        "exitCode": 0
      },
      {
        "source": "trace-row",
        "seq": 736,
        "rowId": "tool:call_00_hw5TMmXa0MlNlCCd6Y5u6306",
        "header": "17:29:13 total=00:00:36 ok commandExecution",
        "command": "hwpod job status 20260607_012906_83cf97da --spec .hwlab/hwpod-spec.yaml 2>&1",
        "normalizedCommand": "hwpod job status 20260607_012906_83cf97da --spec .hwlab/hwpod-spec.yaml 2>&1",
        "bodyPreview": "hwpod job status 20260607_012906_83cf97da --spec .hwlab/hwpod-spec.yaml 2>&1 stdout: { \"ok\": true, \"action\": \"hwpod-cli.invoke\", \"status\": \"completed\", \"specPath\": \".hwlab/hwpod-spec.yaml\", \"intent\": \"debug.job-status\", \"contractVersion\": \"hwpod-node-ops-v1\", \"compilerInvocation\": { \"compiler\": \"hwpod-compiler-cli\", \"mode\": \"subprocess\", \"entrypoint\": \"tools/hwpod-compiler-cli.ts\", \"argv\": [ \"compile\", \"--spec\", \".hwlab/hwpod-spec.yaml\", \"--intent\", \"debug.job-status\", \"--args\", \"<json>\" ], \"exitCode\": 0, \"action\": \"hwpod-compiler.compile\", \"contractVersion\": \"hwpod-node-ops-v1\", \"planId\": \"hwpod_plan_0240bbef-c3ae-489c-b880-7fbfb33e2bb2\", \"source\": { \"compiler\": \"hwpod-com... exitCode=0",
        "exitCode": 0
      },
      {
        "source": "trace-row",
        "seq": 803,
        "rowId": "tool:call_00_deIOIZkAtsmnpQmFxIem9306",
        "header": "17:29:16 total=00:00:38 ok commandExecution",
        "command": "hwpod job status 20260607_012906_83cf97da --spec .hwlab/hwpod-spec.yaml 2>&1",
        "normalizedCommand": "hwpod job status 20260607_012906_83cf97da --spec .hwlab/hwpod-spec.yaml 2>&1",
        "bodyPreview": "hwpod job status 20260607_012906_83cf97da --spec .hwlab/hwpod-spec.yaml 2>&1 stdout: { \"ok\": true, \"action\": \"hwpod-cli.invoke\", \"status\": \"completed\", \"specPath\": \".hwlab/hwpod-spec.yaml\", \"intent\": \"debug.job-status\", \"contractVersion\": \"hwpod-node-ops-v1\", \"compilerInvocation\": { \"compiler\": \"hwpod-compiler-cli\", \"mode\": \"subprocess\", \"entrypoint\": \"tools/hwpod-compiler-cli.ts\", \"argv\": [ \"compile\", \"--spec\", \".hwlab/hwpod-spec.yaml\", \"--intent\", \"debug.job-status\", \"--args\", \"<json>\" ], \"exitCode\": 0, \"action\": \"hwpod-compiler.compile\", \"contractVersion\": \"hwpod-node-ops-v1\", \"planId\": \"hwpod_plan_75041177-0a23-477e-85de-f40f1b727216\", \"source\": { \"compiler\": \"hwpod-com... exitCode=0",
        "exitCode": 0
      },
      {
        "source": "trace-row",
        "seq": 943,
        "rowId": "tool:call_00_11HDph2EmRhdhQ8tjgCx1685",
        "header": "17:29:18 total=00:00:41 ok commandExecution",
        "command": "hwpod job status 20260607_012906_83cf97da --spec .hwlab/hwpod-spec.yaml 2>&1",
        "normalizedCommand": "hwpod job status 20260607_012906_83cf97da --spec .hwlab/hwpod-spec.yaml 2>&1",
        "bodyPreview": "hwpod job status 20260607_012906_83cf97da --spec .hwlab/hwpod-spec.yaml 2>&1 stdout: { \"ok\": true, \"action\": \"hwpod-cli.invoke\", \"status\": \"completed\", \"specPath\": \".hwlab/hwpod-spec.yaml\", \"intent\": \"debug.job-status\", \"contractVersion\": \"hwpod-node-ops-v1\", \"compilerInvocation\": { \"compiler\": \"hwpod-compiler-cli\", \"mode\": \"subprocess\", \"entrypoint\": \"tools/hwpod-compiler-cli.ts\", \"argv\": [ \"compile\", \"--spec\", \".hwlab/hwpod-spec.yaml\", \"--intent\", \"debug.job-status\", \"--args\", \"<json>\" ], \"exitCode\": 0, \"action\": \"hwpod-compiler.compile\", \"contractVersion\": \"hwpod-node-ops-v1\", \"planId\": \"hwpod_plan_7d1fa7bb-3a5b-4d9b-a753-5e66af1fae75\", \"source\": { \"compiler\": \"hwpod-com... exitCode=0",
        "exitCode": 0
      },
      {
        "source": "trace-row",
        "seq": 1020,
        "rowId": "tool:call_00_lun2PoCvl7iwiJRTFh5X7418",
        "header": "17:29:21 total=00:00:44 ok commandExecution",
        "command": "hwpod job status 20260607_012906_83cf97da --spec .hwlab/hwpod-spec.yaml 2>&1",
        "normalizedCommand": "hwpod job status 20260607_012906_83cf97da --spec .hwlab/hwpod-spec.yaml 2>&1",
        "bodyPreview": "hwpod job status 20260607_012906_83cf97da --spec .hwlab/hwpod-spec.yaml 2>&1 stdout: { \"ok\": true, \"action\": \"hwpod-cli.invoke\", \"status\": \"completed\", \"specPath\": \".hwlab/hwpod-spec.yaml\", \"intent\": \"debug.job-status\", \"contractVersion\": \"hwpod-node-ops-v1\", \"compilerInvocation\": { \"compiler\": \"hwpod-compiler-cli\", \"mode\": \"subprocess\", \"entrypoint\": \"tools/hwpod-compiler-cli.ts\", \"argv\": [ \"compile\", \"--spec\", \".hwlab/hwpod-spec.yaml\", \"--intent\", \"debug.job-status\", \"--args\", \"<json>\" ], \"exitCode\": 0, \"action\": \"hwpod-compiler.compile\", \"contractVersion\": \"hwpod-node-ops-v1\", \"planId\": \"hwpod_plan_cb3901ce-13d0-4027-9a0c-61f7f31dc935\", \"source\": { \"compiler\": \"hwpod-com... exitCode=0",
        "exitCode": 0
      }
    ]
  },
  "traceLookup": {
    "source": "hwlab-cli.client.agent",
    "strategy": "id_plus_existing_cli",
    "note": "CaseRun records trace/session identity and reuses existing HWLAB Web-equivalent agent CLI for trace/result/inspect; it does not implement a separate trace query path.",
    "baseUrl": "http://74.48.78.17:19666",
    "traceId": "trc_case_d601-f103-v2-main-marker-download-uart_34ab5dff913a4eb09a8cdd4bd131d9a9",
    "sessionId": "ses_1e42ad50-2205-4285-a2d7-dfaf5fd2ade2",
    "conversationId": "cnv_case_d601-f103-v2-main-marker-download-uart_issue1020-case2-r7-20260606-172930",
    "commands": {
      "result": "hwlab-cli client agent result trc_case_d601-f103-v2-main-marker-download-uart_34ab5dff913a4eb09a8cdd4bd131d9a9",
      "trace": "hwlab-cli client agent trace trc_case_d601-f103-v2-main-marker-download-uart_34ab5dff913a4eb09a8cdd4bd131d9a9 --render web",
      "traceFull": "hwlab-cli client agent trace trc_case_d601-f103-v2-main-marker-download-uart_34ab5dff913a4eb09a8cdd4bd131d9a9 --render web --full",
      "inspect": "hwlab-cli client agent inspect --trace-id trc_case_d601-f103-v2-main-marker-download-uart_34ab5dff913a4eb09a8cdd4bd131d9a9",
      "sessionStatus": "hwlab-cli client agent session status ses_1e42ad50-2205-4285-a2d7-dfaf5fd2ade2"
    }
  },
  "agentDiff": {
    "statusShort": "M projects/01_baseline/User/main.c",
    "diffStat": "projects/01_baseline/User/main.c | 1 +\n 1 file changed, 1 insertion(+)",
    "diffPatchPath": "/root/hwlab-v02/.state/hwlab-cli/caserun/issue1020-case2-r7-20260606-172930/agent-diff.patch",
    "diffPatchSha256": "cc8fb11fef10a3a231bbe1035322d60e0615ec171aafc459d03343961a2093f7",
    "sourceRootStatusShort": "M projects/01_baseline/Projects/MDK-ARM/atk_f103.uvprojx",
    "requests": [
      {
        "label": "status",
        "httpStatus": 200,
        "exitCode": 0,
        "stdoutBytes": 34,
        "stderr": ""
      },
      {
        "label": "diff-stat",
        "httpStatus": 200,
        "exitCode": 0,
        "stdoutBytes": 70,
        "stderr": ""
      },
      {
        "label": "diff-patch",
        "httpStatus": 200,
        "exitCode": 0,
        "stdoutBytes": 451,
        "stderr": ""
      },
      {
        "label": "source-root-status",
        "httpStatus": 200,
        "exitCode": 0,
        "stdoutBytes": 56,
        "stderr": ""
      }
    ]
  },
  "build": {
    "status": "recorded",
    "autoEvaluation": false,
    "traceLookup": {
      "source": "hwlab-cli.client.agent",
      "strategy": "id_plus_existing_cli",
      "note": "CaseRun records trace/session identity and reuses existing HWLAB Web-equivalent agent CLI for trace/result/inspect; it does not implement a separate trace query path.",
      "baseUrl": "http://74.48.78.17:19666",
      "traceId": "trc_case_d601-f103-v2-main-marker-download-uart_34ab5dff913a4eb09a8cdd4bd131d9a9",
      "sessionId": "ses_1e42ad50-2205-4285-a2d7-dfaf5fd2ade2",
      "conversationId": "cnv_case_d601-f103-v2-main-marker-download-uart_issue1020-case2-r7-20260606-172930",
      "commands": {
        "result": "hwlab-cli client agent result trc_case_d601-f103-v2-main-marker-download-uart_34ab5dff913a4eb09a8cdd4bd131d9a9",
        "trace": "hwlab-cli client agent trace trc_case_d601-f103-v2-main-marker-download-uart_34ab5dff913a4eb09a8cdd4bd131d9a9 --render web",
        "traceFull": "hwlab-cli client agent trace trc_case_d601-f103-v2-main-marker-download-uart_34ab5dff913a4eb09a8cdd4bd131d9a9 --render web --full",
        "inspect": "hwlab-cli client agent inspect --trace-id trc_case_d601-f103-v2-main-marker-download-uart_34ab5dff913a4eb09a8cdd4bd131d9a9",
        "sessionStatus": "hwlab-cli client agent session status ses_1e42ad50-2205-4285-a2d7-dfaf5fd2ade2"
      }
    },
    "agentTraceCommandCount": 16,
    "agentTraceHwpodCommandCount": 14,
    "agentStage": {
      "source": "agent-trace-commands",
      "autoEvaluation": false,
      "commands": [
        {
          "kind": "spec-validate",
          "seq": 94,
          "exitCode": 0,
          "command": "hwpod-ctl spec validate --spec .hwlab/hwpod-spec.yaml",
          "detail": "hwpod-ctl spec validate --spec .hwlab/hwpod-spec.yaml stdout: { \"ok\": true, \"action\": \"hwpod-ctl.spec.validate\", \"status\": \"succeeded\", \"specPath\": \".hwlab/hwpod-spec.yaml\", \"document\": { \"apiVersion\": \"hwlab.dev/v0alpha1\", \"kind\": \"Hwpod\", \"metadata\": { \"uid\": \"D601-F103-V2\", \"name\": \"d601-f103-v2\" }, \"spec\": { \"targetDevice\": { \"board\": \"D601-F103-V2\", \"mcu\": \"STM32F103\" }, \"workspace\": { \"path\": \"F:\\\\Work\\\\HWLAB-CASE-F103\\\\.worktree\\\\caserun-issue1020-case2-r7-20260606-172930\", \"toolchain\": \"keil-mdk\", \"keilProject\": \"projects/01_baseline/Projects/MDK-ARM/atk_f103.uvprojx\", \"keilTarget\": \"USART\", \"keilCliPath\": \"C:\\\\Users\\\\liang\\\\.agents\\\\skills\\\\k... exitCode=0"
        },
        {
          "kind": "inspect",
          "seq": 97,
          "exitCode": 0,
          "command": "hwpod inspect --spec .hwlab/hwpod-spec.yaml",
          "detail": "hwpod inspect --spec .hwlab/hwpod-spec.yaml stdout: { \"ok\": true, \"action\": \"hwpod-cli.invoke\", \"status\": \"completed\", \"specPath\": \".hwlab/hwpod-spec.yaml\", \"intent\": \"inspect\", \"contractVersion\": \"hwpod-node-ops-v1\", \"compilerInvocation\": { \"compiler\": \"hwpod-compiler-cli\", \"mode\": \"subprocess\", \"entrypoint\": \"tools/hwpod-compiler-cli.ts\", \"argv\": [ \"compile\", \"--spec\", \".hwlab/hwpod-spec.yaml\", \"--intent\", \"inspect\", \"--args\", \"<json>\" ], \"exitCode\": 0, \"action\": \"hwpod-compiler.compile\", \"contractVersion\": \"hwpod-node-ops-v1\", \"planId\": \"hwpod_plan_5a6c0053-5fb3-4861-8fac-32809581f64d\", \"source\": { \"compiler\": \"hwpod-compiler-cli\", \"specP... exitCode=0"
        },
        {
          "kind": "workspace-edit",
          "seq": 226,
          "exitCode": 0,
          "command": "hwpod workspace insert-after --path projects/01_baseline/User/main.c --anchor \"usart_init(115200);\" --line \" printf(\\\"[D601-F103] CaseRun UART marker issue1020-case2-r7-20260606-172930\\\\r\\\\n\\\");\" --spec .hwlab/hwpod-spec.yaml 2>&1",
          "detail": "hwpod workspace insert-after --path projects/01_baseline/User/main.c --anchor \"usart_init(115200);\" --line \" printf(\\\"[D601-F103] CaseRun UART marker issue1020-case2-r7-20260606-172930\\\\r\\\\n\\\");\" --spec .hwlab/hwpod-spec.yaml 2>&1 stdout: { \"ok\": true, \"action\": \"hwpod-cli.invoke\", \"status\": \"completed\", \"specPath\": \".hwlab/hwpod-spec.yaml\", \"intent\": \"workspace.insert-after\", \"contractVersion\": \"hwpod-node-ops-v1\", \"compilerInvocation\": { \"compiler\": \"hwpod-compiler-cli\", \"mode\": \"subprocess\", \"entrypoint\": \"tools/hwpod-compiler-cli.ts\", \"argv\": [ \"compile\", \"--spec\", \".hwlab/hwpod-spec.yaml\", \"--intent\", \"workspace.insert-after\", \"--args\", \"<json>\" ], \"exitCode\": 0, \"action\": \"hwpod-compiler.compile\", \"contractVersion\": \"hwpod-node-ops-v1\", \"planId\": \"hwpod_plan_9945358f-f555-4761-862e-486d5b997fcc\", \"source\": { \"compiler\"... exitCode=0"
        },
        {
          "kind": "build",
          "seq": 352,
          "exitCode": 0,
          "command": "hwpod build --spec .hwlab/hwpod-spec.yaml 2>&1",
          "detail": "hwpod build --spec .hwlab/hwpod-spec.yaml 2>&1 stdout: { \"ok\": true, \"action\": \"hwpod-cli.invoke\", \"status\": \"completed\", \"specPath\": \".hwlab/hwpod-spec.yaml\", \"intent\": \"debug.build\", \"contractVersion\": \"hwpod-node-ops-v1\", \"compilerInvocation\": { \"compiler\": \"hwpod-compiler-cli\", \"mode\": \"subprocess\", \"entrypoint\": \"tools/hwpod-compiler-cli.ts\", \"argv\": [ \"compile\", \"--spec\", \".hwlab/hwpod-spec.yaml\", \"--intent\", \"debug.build\", \"--args\", \"<json>\" ], \"exitCode\": 0, \"action\": \"hwpod-compiler.compile\", \"contractVersion\": \"hwpod-node-ops-v1\", \"planId\": \"hwpod_plan_ddb7e964-b4d3-4e87-a0f3-b3c52e4494ff\", \"source\": { \"compiler\": \"hwpod-compiler-cli\"... exitCode=0"
        },
        {
          "kind": "download",
          "seq": 614,
          "exitCode": 0,
          "command": "hwpod download --spec .hwlab/hwpod-spec.yaml 2>&1",
          "detail": "hwpod download --spec .hwlab/hwpod-spec.yaml 2>&1 stdout: { \"ok\": true, \"action\": \"hwpod-cli.invoke\", \"status\": \"completed\", \"specPath\": \".hwlab/hwpod-spec.yaml\", \"intent\": \"debug.download\", \"contractVersion\": \"hwpod-node-ops-v1\", \"compilerInvocation\": { \"compiler\": \"hwpod-compiler-cli\", \"mode\": \"subprocess\", \"entrypoint\": \"tools/hwpod-compiler-cli.ts\", \"argv\": [ \"compile\", \"--spec\", \".hwlab/hwpod-spec.yaml\", \"--intent\", \"debug.download\", \"--args\", \"<json>\" ], \"exitCode\": 0, \"action\": \"hwpod-compiler.compile\", \"contractVersion\": \"hwpod-node-ops-v1\", \"planId\": \"hwpod_plan_2f7837a3-dd3a-48b1-bc9d-1f9a3c1fc8f0\", \"source\": { \"compiler\": \"hwpod-compile... exitCode=0"
        },
        {
          "kind": "uart-read",
          "seq": 1181,
          "exitCode": 0,
          "command": "hwpod uart read --spec .hwlab/hwpod-spec.yaml --port uart1 --max-bytes 4096 2>&1",
          "detail": "hwpod uart read --spec .hwlab/hwpod-spec.yaml --port uart1 --max-bytes 4096 2>&1 stdout: { \"ok\": true, \"action\": \"hwpod-cli.invoke\", \"status\": \"completed\", \"specPath\": \".hwlab/hwpod-spec.yaml\", \"intent\": \"io.uart.read\", \"contractVersion\": \"hwpod-node-ops-v1\", \"compilerInvocation\": { \"compiler\": \"hwpod-compiler-cli\", \"mode\": \"subprocess\", \"entrypoint\": \"tools/hwpod-compiler-cli.ts\", \"argv\": [ \"compile\", \"--spec\", \".hwlab/hwpod-spec.yaml\", \"--intent\", \"io.uart.read\", \"--args\", \"<json>\" ], \"exitCode\": 0, \"action\": \"hwpod-compiler.compile\", \"contractVersion\": \"hwpod-node-ops-v1\", \"planId\": \"hwpod_plan_c0575b23-7fa9-4af4-bead-c88f6fc1e2c0\", \"source\": { \"compiler\": \"hwpod-compiler-cl... exitCode=0"
        },
        {
          "kind": "hwpod-other",
          "seq": 156,
          "exitCode": 0,
          "command": "hwpod workspace cat projects/01_baseline/User/main.c --spec .hwlab/hwpod-spec.yaml 2>&1",
          "detail": "hwpod workspace cat projects/01_baseline/User/main.c --spec .hwlab/hwpod-spec.yaml 2>&1 stdout: { \"ok\": true, \"action\": \"hwpod-cli.invoke\", \"status\": \"completed\", \"specPath\": \".hwlab/hwpod-spec.yaml\", \"intent\": \"workspace.cat\", \"contractVersion\": \"hwpod-node-ops-v1\", \"compilerInvocation\": { \"compiler\": \"hwpod-compiler-cli\", \"mode\": \"subprocess\", \"entrypoint\": \"tools/hwpod-compiler-cli.ts\", \"argv\": [ \"compile\", \"--spec\", \".hwlab/hwpod-spec.yaml\", \"--intent\", \"workspace.cat\", \"--args\", \"<json>\" ], \"exitCode\": 0, \"action\": \"hwpod-compiler.compile\", \"contractVersion\": \"hwpod-node-ops-v1\", \"planId\": \"hwpod_plan_47a0a6aa-3803-427d-9d17-02ebf0e4253d\", \"source\": { \"compiler\": \"hwpod-compiler-... exitCode=0"
        },
        {
          "kind": "hwpod-other",
          "seq": 305,
          "exitCode": 0,
          "command": "hwpod workspace cat projects/01_baseline/User/main.c --spec .hwlab/hwpod-spec.yaml 2>&1 | grep -A 1 '\"content\"",
          "detail": "hwpod workspace cat projects/01_baseline/User/main.c --spec .hwlab/hwpod-spec.yaml 2>&1 | grep -A 1 '\"content\"' stdout: \"content\": \"#include \\\"./SYSTEM/usart/usart.h\\\"\\r\\n#include \\\"stm32f1xx_hal.h\\\"\\r\\n#include \\\"./SYSTEM/sys/sys.h\\\"\\r\\n#include \\\"./BSP/LED/led.h\\\"\\r\\n#include \\\"jsonrpc_handler.h\\\"\\r\\n#include \\\"d601_lcd.h\\\"\\r\\n#include \\\"d601_arm2d_demo.h\\\"\\r\\n#include \\\"d601_gpio.h\\\"\\r\\n\\r\\nint main(void)\\r\\n{\\r\\n SystemCoreClockUpdate();\\r\\n sys_stm32_clock_init(9);\\r\\n HAL_Init();\\r\\n led_init();\\r\\n usart_init(115200);\\r\\n printf(\\\"[D601-F103] CaseRun UART marker issue1020-case2-r7-20260606-172930\\\\r\\\\n\\\");\\r\\n printf(\\\"\\\\r\\\\n[D601-F103] device-pod LCD bring-up\\\\r\\\\n\\\");\\r\\n\\r\\n d601_lcd_init();\\r\\n d6... exitCode=0"
        },
        {
          "kind": "hwpod-other",
          "seq": 449,
          "exitCode": 0,
          "command": "hwpod job status 20260607_012857_0568e16c --spec .hwlab/hwpod-spec.yaml 2>&1",
          "detail": "hwpod job status 20260607_012857_0568e16c --spec .hwlab/hwpod-spec.yaml 2>&1 stdout: { \"ok\": true, \"action\": \"hwpod-cli.invoke\", \"status\": \"completed\", \"specPath\": \".hwlab/hwpod-spec.yaml\", \"intent\": \"debug.job-status\", \"contractVersion\": \"hwpod-node-ops-v1\", \"compilerInvocation\": { \"compiler\": \"hwpod-compiler-cli\", \"mode\": \"subprocess\", \"entrypoint\": \"tools/hwpod-compiler-cli.ts\", \"argv\": [ \"compile\", \"--spec\", \".hwlab/hwpod-spec.yaml\", \"--intent\", \"debug.job-status\", \"--args\", \"<json>\" ], \"exitCode\": 0, \"action\": \"hwpod-compiler.compile\", \"contractVersion\": \"hwpod-node-ops-v1\", \"planId\": \"hwpod_plan_6ebefb90-bd91-46c0-a3ab-e7e66230833d\", \"source\": { \"compiler\": \"hwpod-com... exitCode=0"
        },
        {
          "kind": "hwpod-other",
          "seq": 555,
          "exitCode": 0,
          "command": "hwpod job status 20260607_012857_0568e16c --spec .hwlab/hwpod-spec.yaml 2>&1",
          "detail": "hwpod job status 20260607_012857_0568e16c --spec .hwlab/hwpod-spec.yaml 2>&1 stdout: { \"ok\": true, \"action\": \"hwpod-cli.invoke\", \"status\": \"completed\", \"specPath\": \".hwlab/hwpod-spec.yaml\", \"intent\": \"debug.job-status\", \"contractVersion\": \"hwpod-node-ops-v1\", \"compilerInvocation\": { \"compiler\": \"hwpod-compiler-cli\", \"mode\": \"subprocess\", \"entrypoint\": \"tools/hwpod-compiler-cli.ts\", \"argv\": [ \"compile\", \"--spec\", \".hwlab/hwpod-spec.yaml\", \"--intent\", \"debug.job-status\", \"--args\", \"<json>\" ], \"exitCode\": 0, \"action\": \"hwpod-compiler.compile\", \"contractVersion\": \"hwpod-node-ops-v1\", \"planId\": \"hwpod_plan_35c041ac-2978-4823-892c-02400c0e9347\", \"source\": { \"compiler\": \"hwpod-com... exitCode=0"
        },
        {
          "kind": "hwpod-other",
          "seq": 736,
          "exitCode": 0,
          "command": "hwpod job status 20260607_012906_83cf97da --spec .hwlab/hwpod-spec.yaml 2>&1",
          "detail": "hwpod job status 20260607_012906_83cf97da --spec .hwlab/hwpod-spec.yaml 2>&1 stdout: { \"ok\": true, \"action\": \"hwpod-cli.invoke\", \"status\": \"completed\", \"specPath\": \".hwlab/hwpod-spec.yaml\", \"intent\": \"debug.job-status\", \"contractVersion\": \"hwpod-node-ops-v1\", \"compilerInvocation\": { \"compiler\": \"hwpod-compiler-cli\", \"mode\": \"subprocess\", \"entrypoint\": \"tools/hwpod-compiler-cli.ts\", \"argv\": [ \"compile\", \"--spec\", \".hwlab/hwpod-spec.yaml\", \"--intent\", \"debug.job-status\", \"--args\", \"<json>\" ], \"exitCode\": 0, \"action\": \"hwpod-compiler.compile\", \"contractVersion\": \"hwpod-node-ops-v1\", \"planId\": \"hwpod_plan_0240bbef-c3ae-489c-b880-7fbfb33e2bb2\", \"source\": { \"compiler\": \"hwpod-com... exitCode=0"
        },
        {
          "kind": "hwpod-other",
          "seq": 803,
          "exitCode": 0,
          "command": "hwpod job status 20260607_012906_83cf97da --spec .hwlab/hwpod-spec.yaml 2>&1",
          "detail": "hwpod job status 20260607_012906_83cf97da --spec .hwlab/hwpod-spec.yaml 2>&1 stdout: { \"ok\": true, \"action\": \"hwpod-cli.invoke\", \"status\": \"completed\", \"specPath\": \".hwlab/hwpod-spec.yaml\", \"intent\": \"debug.job-status\", \"contractVersion\": \"hwpod-node-ops-v1\", \"compilerInvocation\": { \"compiler\": \"hwpod-compiler-cli\", \"mode\": \"subprocess\", \"entrypoint\": \"tools/hwpod-compiler-cli.ts\", \"argv\": [ \"compile\", \"--spec\", \".hwlab/hwpod-spec.yaml\", \"--intent\", \"debug.job-status\", \"--args\", \"<json>\" ], \"exitCode\": 0, \"action\": \"hwpod-compiler.compile\", \"contractVersion\": \"hwpod-node-ops-v1\", \"planId\": \"hwpod_plan_75041177-0a23-477e-85de-f40f1b727216\", \"source\": { \"compiler\": \"hwpod-com... exitCode=0"
        },
        {
          "kind": "hwpod-other",
          "seq": 943,
          "exitCode": 0,
          "command": "hwpod job status 20260607_012906_83cf97da --spec .hwlab/hwpod-spec.yaml 2>&1",
          "detail": "hwpod job status 20260607_012906_83cf97da --spec .hwlab/hwpod-spec.yaml 2>&1 stdout: { \"ok\": true, \"action\": \"hwpod-cli.invoke\", \"status\": \"completed\", \"specPath\": \".hwlab/hwpod-spec.yaml\", \"intent\": \"debug.job-status\", \"contractVersion\": \"hwpod-node-ops-v1\", \"compilerInvocation\": { \"compiler\": \"hwpod-compiler-cli\", \"mode\": \"subprocess\", \"entrypoint\": \"tools/hwpod-compiler-cli.ts\", \"argv\": [ \"compile\", \"--spec\", \".hwlab/hwpod-spec.yaml\", \"--intent\", \"debug.job-status\", \"--args\", \"<json>\" ], \"exitCode\": 0, \"action\": \"hwpod-compiler.compile\", \"contractVersion\": \"hwpod-node-ops-v1\", \"planId\": \"hwpod_plan_7d1fa7bb-3a5b-4d9b-a753-5e66af1fae75\", \"source\": { \"compiler\": \"hwpod-com... exitCode=0"
        },
        {
          "kind": "hwpod-other",
          "seq": 1020,
          "exitCode": 0,
          "command": "hwpod job status 20260607_012906_83cf97da --spec .hwlab/hwpod-spec.yaml 2>&1",
          "detail": "hwpod job status 20260607_012906_83cf97da --spec .hwlab/hwpod-spec.yaml 2>&1 stdout: { \"ok\": true, \"action\": \"hwpod-cli.invoke\", \"status\": \"completed\", \"specPath\": \".hwlab/hwpod-spec.yaml\", \"intent\": \"debug.job-status\", \"contractVersion\": \"hwpod-node-ops-v1\", \"compilerInvocation\": { \"compiler\": \"hwpod-compiler-cli\", \"mode\": \"subprocess\", \"entrypoint\": \"tools/hwpod-compiler-cli.ts\", \"argv\": [ \"compile\", \"--spec\", \".hwlab/hwpod-spec.yaml\", \"--intent\", \"debug.job-status\", \"--args\", \"<json>\" ], \"exitCode\": 0, \"action\": \"hwpod-compiler.compile\", \"contractVersion\": \"hwpod-node-ops-v1\", \"planId\": \"hwpod_plan_cb3901ce-13d0-4027-9a0c-61f7f31dc935\", \"source\": { \"compiler\": \"hwpod-com... exitCode=0"
        }
      ],
      "kinds": [
        "spec-validate",
        "inspect",
        "workspace-edit",
        "build",
        "download",
        "uart-read",
        "hwpod-other"
      ]
    },
    "hwpodExitCode": 0,
    "hwpodSource": "case-run-runner-post-agent-compile-check",
    "jobId": "20260607_012936_e2b92b58",
    "keilStatus": "completed",
    "artifacts": [
      "F:\\Work\\HWLAB-CASE-F103\\.worktree\\caserun-issue1020-case2-r7-20260606-172930\\projects\\01_baseline\\Output\\atk_f103.hex",
      "F:\\Work\\HWLAB-CASE-F103\\.worktree\\caserun-issue1020-case2-r7-20260606-172930\\projects\\01_baseline\\Output\\atk_f103.axf"
    ]
  },
  "collect": {
    "caseRepo": "/root/hwlab-case-registry",
    "caseRepoRunDir": "/root/hwlab-case-registry/runs/d601-f103-v2-main-marker-download-uart/issue1020-case2-r7-20260606-172930",
    "caseRepoFiles": [
      "runs/d601-f103-v2-main-marker-download-uart/issue1020-case2-r7-20260606-172930/evidence.json",
      "runs/d601-f103-v2-main-marker-download-uart/issue1020-case2-r7-20260606-172930/summary.md",
      "runs/d601-f103-v2-main-marker-download-uart/issue1020-case2-r7-20260606-172930/agent-messages.json",
      "runs/d601-f103-v2-main-marker-download-uart/issue1020-case2-r7-20260606-172930/agent-trace.md",
      "runs/d601-f103-v2-main-marker-download-uart/issue1020-case2-r7-20260606-172930/agent-transcript.md",
      "runs/d601-f103-v2-main-marker-download-uart/issue1020-case2-r7-20260606-172930/final-response.md",
      "runs/d601-f103-v2-main-marker-download-uart/issue1020-case2-r7-20260606-172930/run.json",
      "runs/d601-f103-v2-main-marker-download-uart/issue1020-case2-r7-20260606-172930/result.json",
      "runs/d601-f103-v2-main-marker-download-uart/issue1020-case2-r7-20260606-172930/agent-trace.json",
      "runs/d601-f103-v2-main-marker-download-uart/issue1020-case2-r7-20260606-172930/agent-prompt.md",
      "runs/d601-f103-v2-main-marker-download-uart/issue1020-case2-r7-20260606-172930/agent-diff.patch",
      "runs/d601-f103-v2-main-marker-download-uart/issue1020-case2-r7-20260606-172930/.hwlab/hwpod-spec.yaml",
      "runs/d601-f103-v2-main-marker-download-uart/issue1020-case2-r7-20260606-172930/worker.stdout.log",
      "runs/d601-f103-v2-main-marker-download-uart/issue1020-case2-r7-20260606-172930/worker.stderr.log",
      "runs/d601-f103-v2-main-marker-download-uart/issue1020-case2-r7-20260606-172930/artifact-manifest.json"
    ],
    "artifactManifestPath": "/root/hwlab-case-registry/runs/d601-f103-v2-main-marker-download-uart/issue1020-case2-r7-20260606-172930/artifact-manifest.json",
    "artifactCount": 15,
    "skippedFiles": [],
    "registrySync": {
      "status": "pushed",
      "path": "runs/d601-f103-v2-main-marker-download-uart/issue1020-case2-r7-20260606-172930",
      "commitMessage": "data: archive caserun issue1020-case2-r7-20260606-172930",
      "commitSha": "da2f0ab",
      "commitStdout": "[main da2f0ab] data: archive caserun issue1020-case2-r7-20260606-172930\n 3 files changed, 917 insertions(+), 12 deletions(-)\n",
      "pushStderr": "To github.com:pikasTech/hwlab-case-registry.git\n   8a24841..da2f0ab  HEAD -> main\n"
    },
    "trace": {
      "traceId": "trc_case_d601-f103-v2-main-marker-download-uart_34ab5dff913a4eb09a8cdd4bd131d9a9",
      "sessionId": "ses_1e42ad50-2205-4285-a2d7-dfaf5fd2ade2",
      "conversationId": "cnv_case_d601-f103-v2-main-marker-download-uart_issue1020-case2-r7-20260606-172930",
      "providerProfile": "deepseek",
      "projectId": "prj_hwpod_workbench",
      "source": "hwlab-cli.client.agent.trace",
      "lookup": {
        "source": "hwlab-cli.client.agent",
        "strategy": "id_plus_existing_cli",
        "note": "CaseRun records trace/session identity and reuses existing HWLAB Web-equivalent agent CLI for trace/result/inspect; it does not implement a separate trace query path.",
        "baseUrl": "http://74.48.78.17:19666",
        "traceId": "trc_case_d601-f103-v2-main-marker-download-uart_34ab5dff913a4eb09a8cdd4bd131d9a9",
        "sessionId": "ses_1e42ad50-2205-4285-a2d7-dfaf5fd2ade2",
        "conversationId": "cnv_case_d601-f103-v2-main-marker-download-uart_issue1020-case2-r7-20260606-172930",
        "commands": {
          "result": "hwlab-cli client agent result trc_case_d601-f103-v2-main-marker-download-uart_34ab5dff913a4eb09a8cdd4bd131d9a9",
          "trace": "hwlab-cli client agent trace trc_case_d601-f103-v2-main-marker-download-uart_34ab5dff913a4eb09a8cdd4bd131d9a9 --render web",
          "traceFull": "hwlab-cli client agent trace trc_case_d601-f103-v2-main-marker-download-uart_34ab5dff913a4eb09a8cdd4bd131d9a9 --render web --full",
          "inspect": "hwlab-cli client agent inspect --trace-id trc_case_d601-f103-v2-main-marker-download-uart_34ab5dff913a4eb09a8cdd4bd131d9a9",
          "sessionStatus": "hwlab-cli client agent session status ses_1e42ad50-2205-4285-a2d7-dfaf5fd2ade2"
        }
      },
      "status": "completed",
      "terminalStatus": "completed",
      "commandCount": 16,
      "hwpodCommandCount": 14,
      "hwpodBuildCommandCount": 1
    },
    "traceLookup": {
      "source": "hwlab-cli.client.agent",
      "strategy": "id_plus_existing_cli",
      "note": "CaseRun records trace/session identity and reuses existing HWLAB Web-equivalent agent CLI for trace/result/inspect; it does not implement a separate trace query path.",
      "baseUrl": "http://74.48.78.17:19666",
      "traceId": "trc_case_d601-f103-v2-main-marker-download-uart_34ab5dff913a4eb09a8cdd4bd131d9a9",
      "sessionId": "ses_1e42ad50-2205-4285-a2d7-dfaf5fd2ade2",
      "conversationId": "cnv_case_d601-f103-v2-main-marker-download-uart_issue1020-case2-r7-20260606-172930",
      "commands": {
        "result": "hwlab-cli client agent result trc_case_d601-f103-v2-main-marker-download-uart_34ab5dff913a4eb09a8cdd4bd131d9a9",
        "trace": "hwlab-cli client agent trace trc_case_d601-f103-v2-main-marker-download-uart_34ab5dff913a4eb09a8cdd4bd131d9a9 --render web",
        "traceFull": "hwlab-cli client agent trace trc_case_d601-f103-v2-main-marker-download-uart_34ab5dff913a4eb09a8cdd4bd131d9a9 --render web --full",
        "inspect": "hwlab-cli client agent inspect --trace-id trc_case_d601-f103-v2-main-marker-download-uart_34ab5dff913a4eb09a8cdd4bd131d9a9",
        "sessionStatus": "hwlab-cli client agent session status ses_1e42ad50-2205-4285-a2d7-dfaf5fd2ade2"
      }
    },
    "agentStage": {
      "source": "agent-trace-commands",
      "autoEvaluation": false,
      "commands": [
        {
          "kind": "spec-validate",
          "seq": 94,
          "exitCode": 0,
          "command": "hwpod-ctl spec validate --spec .hwlab/hwpod-spec.yaml",
          "detail": "hwpod-ctl spec validate --spec .hwlab/hwpod-spec.yaml stdout: { \"ok\": true, \"action\": \"hwpod-ctl.spec.validate\", \"status\": \"succeeded\", \"specPath\": \".hwlab/hwpod-spec.yaml\", \"document\": { \"apiVersion\": \"hwlab.dev/v0alpha1\", \"kind\": \"Hwpod\", \"metadata\": { \"uid\": \"D601-F103-V2\", \"name\": \"d601-f103-v2\" }, \"spec\": { \"targetDevice\": { \"board\": \"D601-F103-V2\", \"mcu\": \"STM32F103\" }, \"workspace\": { \"path\": \"F:\\\\Work\\\\HWLAB-CASE-F103\\\\.worktree\\\\caserun-issue1020-case2-r7-20260606-172930\", \"toolchain\": \"keil-mdk\", \"keilProject\": \"projects/01_baseline/Projects/MDK-ARM/atk_f103.uvprojx\", \"keilTarget\": \"USART\", \"keilCliPath\": \"C:\\\\Users\\\\liang\\\\.agents\\\\skills\\\\k... exitCode=0"
        },
        {
          "kind": "inspect",
          "seq": 97,
          "exitCode": 0,
          "command": "hwpod inspect --spec .hwlab/hwpod-spec.yaml",
          "detail": "hwpod inspect --spec .hwlab/hwpod-spec.yaml stdout: { \"ok\": true, \"action\": \"hwpod-cli.invoke\", \"status\": \"completed\", \"specPath\": \".hwlab/hwpod-spec.yaml\", \"intent\": \"inspect\", \"contractVersion\": \"hwpod-node-ops-v1\", \"compilerInvocation\": { \"compiler\": \"hwpod-compiler-cli\", \"mode\": \"subprocess\", \"entrypoint\": \"tools/hwpod-compiler-cli.ts\", \"argv\": [ \"compile\", \"--spec\", \".hwlab/hwpod-spec.yaml\", \"--intent\", \"inspect\", \"--args\", \"<json>\" ], \"exitCode\": 0, \"action\": \"hwpod-compiler.compile\", \"contractVersion\": \"hwpod-node-ops-v1\", \"planId\": \"hwpod_plan_5a6c0053-5fb3-4861-8fac-32809581f64d\", \"source\": { \"compiler\": \"hwpod-compiler-cli\", \"specP... exitCode=0"
        },
        {
          "kind": "workspace-edit",
          "seq": 226,
          "exitCode": 0,
          "command": "hwpod workspace insert-after --path projects/01_baseline/User/main.c --anchor \"usart_init(115200);\" --line \" printf(\\\"[D601-F103] CaseRun UART marker issue1020-case2-r7-20260606-172930\\\\r\\\\n\\\");\" --spec .hwlab/hwpod-spec.yaml 2>&1",
          "detail": "hwpod workspace insert-after --path projects/01_baseline/User/main.c --anchor \"usart_init(115200);\" --line \" printf(\\\"[D601-F103] CaseRun UART marker issue1020-case2-r7-20260606-172930\\\\r\\\\n\\\");\" --spec .hwlab/hwpod-spec.yaml 2>&1 stdout: { \"ok\": true, \"action\": \"hwpod-cli.invoke\", \"status\": \"completed\", \"specPath\": \".hwlab/hwpod-spec.yaml\", \"intent\": \"workspace.insert-after\", \"contractVersion\": \"hwpod-node-ops-v1\", \"compilerInvocation\": { \"compiler\": \"hwpod-compiler-cli\", \"mode\": \"subprocess\", \"entrypoint\": \"tools/hwpod-compiler-cli.ts\", \"argv\": [ \"compile\", \"--spec\", \".hwlab/hwpod-spec.yaml\", \"--intent\", \"workspace.insert-after\", \"--args\", \"<json>\" ], \"exitCode\": 0, \"action\": \"hwpod-compiler.compile\", \"contractVersion\": \"hwpod-node-ops-v1\", \"planId\": \"hwpod_plan_9945358f-f555-4761-862e-486d5b997fcc\", \"source\": { \"compiler\"... exitCode=0"
        },
        {
          "kind": "build",
          "seq": 352,
          "exitCode": 0,
          "command": "hwpod build --spec .hwlab/hwpod-spec.yaml 2>&1",
          "detail": "hwpod build --spec .hwlab/hwpod-spec.yaml 2>&1 stdout: { \"ok\": true, \"action\": \"hwpod-cli.invoke\", \"status\": \"completed\", \"specPath\": \".hwlab/hwpod-spec.yaml\", \"intent\": \"debug.build\", \"contractVersion\": \"hwpod-node-ops-v1\", \"compilerInvocation\": { \"compiler\": \"hwpod-compiler-cli\", \"mode\": \"subprocess\", \"entrypoint\": \"tools/hwpod-compiler-cli.ts\", \"argv\": [ \"compile\", \"--spec\", \".hwlab/hwpod-spec.yaml\", \"--intent\", \"debug.build\", \"--args\", \"<json>\" ], \"exitCode\": 0, \"action\": \"hwpod-compiler.compile\", \"contractVersion\": \"hwpod-node-ops-v1\", \"planId\": \"hwpod_plan_ddb7e964-b4d3-4e87-a0f3-b3c52e4494ff\", \"source\": { \"compiler\": \"hwpod-compiler-cli\"... exitCode=0"
        },
        {
          "kind": "download",
          "seq": 614,
          "exitCode": 0,
          "command": "hwpod download --spec .hwlab/hwpod-spec.yaml 2>&1",
          "detail": "hwpod download --spec .hwlab/hwpod-spec.yaml 2>&1 stdout: { \"ok\": true, \"action\": \"hwpod-cli.invoke\", \"status\": \"completed\", \"specPath\": \".hwlab/hwpod-spec.yaml\", \"intent\": \"debug.download\", \"contractVersion\": \"hwpod-node-ops-v1\", \"compilerInvocation\": { \"compiler\": \"hwpod-compiler-cli\", \"mode\": \"subprocess\", \"entrypoint\": \"tools/hwpod-compiler-cli.ts\", \"argv\": [ \"compile\", \"--spec\", \".hwlab/hwpod-spec.yaml\", \"--intent\", \"debug.download\", \"--args\", \"<json>\" ], \"exitCode\": 0, \"action\": \"hwpod-compiler.compile\", \"contractVersion\": \"hwpod-node-ops-v1\", \"planId\": \"hwpod_plan_2f7837a3-dd3a-48b1-bc9d-1f9a3c1fc8f0\", \"source\": { \"compiler\": \"hwpod-compile... exitCode=0"
        },
        {
          "kind": "uart-read",
          "seq": 1181,
          "exitCode": 0,
          "command": "hwpod uart read --spec .hwlab/hwpod-spec.yaml --port uart1 --max-bytes 4096 2>&1",
          "detail": "hwpod uart read --spec .hwlab/hwpod-spec.yaml --port uart1 --max-bytes 4096 2>&1 stdout: { \"ok\": true, \"action\": \"hwpod-cli.invoke\", \"status\": \"completed\", \"specPath\": \".hwlab/hwpod-spec.yaml\", \"intent\": \"io.uart.read\", \"contractVersion\": \"hwpod-node-ops-v1\", \"compilerInvocation\": { \"compiler\": \"hwpod-compiler-cli\", \"mode\": \"subprocess\", \"entrypoint\": \"tools/hwpod-compiler-cli.ts\", \"argv\": [ \"compile\", \"--spec\", \".hwlab/hwpod-spec.yaml\", \"--intent\", \"io.uart.read\", \"--args\", \"<json>\" ], \"exitCode\": 0, \"action\": \"hwpod-compiler.compile\", \"contractVersion\": \"hwpod-node-ops-v1\", \"planId\": \"hwpod_plan_c0575b23-7fa9-4af4-bead-c88f6fc1e2c0\", \"source\": { \"compiler\": \"hwpod-compiler-cl... exitCode=0"
        },
        {
          "kind": "hwpod-other",
          "seq": 156,
          "exitCode": 0,
          "command": "hwpod workspace cat projects/01_baseline/User/main.c --spec .hwlab/hwpod-spec.yaml 2>&1",
          "detail": "hwpod workspace cat projects/01_baseline/User/main.c --spec .hwlab/hwpod-spec.yaml 2>&1 stdout: { \"ok\": true, \"action\": \"hwpod-cli.invoke\", \"status\": \"completed\", \"specPath\": \".hwlab/hwpod-spec.yaml\", \"intent\": \"workspace.cat\", \"contractVersion\": \"hwpod-node-ops-v1\", \"compilerInvocation\": { \"compiler\": \"hwpod-compiler-cli\", \"mode\": \"subprocess\", \"entrypoint\": \"tools/hwpod-compiler-cli.ts\", \"argv\": [ \"compile\", \"--spec\", \".hwlab/hwpod-spec.yaml\", \"--intent\", \"workspace.cat\", \"--args\", \"<json>\" ], \"exitCode\": 0, \"action\": \"hwpod-compiler.compile\", \"contractVersion\": \"hwpod-node-ops-v1\", \"planId\": \"hwpod_plan_47a0a6aa-3803-427d-9d17-02ebf0e4253d\", \"source\": { \"compiler\": \"hwpod-compiler-... exitCode=0"
        },
        {
          "kind": "hwpod-other",
          "seq": 305,
          "exitCode": 0,
          "command": "hwpod workspace cat projects/01_baseline/User/main.c --spec .hwlab/hwpod-spec.yaml 2>&1 | grep -A 1 '\"content\"",
          "detail": "hwpod workspace cat projects/01_baseline/User/main.c --spec .hwlab/hwpod-spec.yaml 2>&1 | grep -A 1 '\"content\"' stdout: \"content\": \"#include \\\"./SYSTEM/usart/usart.h\\\"\\r\\n#include \\\"stm32f1xx_hal.h\\\"\\r\\n#include \\\"./SYSTEM/sys/sys.h\\\"\\r\\n#include \\\"./BSP/LED/led.h\\\"\\r\\n#include \\\"jsonrpc_handler.h\\\"\\r\\n#include \\\"d601_lcd.h\\\"\\r\\n#include \\\"d601_arm2d_demo.h\\\"\\r\\n#include \\\"d601_gpio.h\\\"\\r\\n\\r\\nint main(void)\\r\\n{\\r\\n SystemCoreClockUpdate();\\r\\n sys_stm32_clock_init(9);\\r\\n HAL_Init();\\r\\n led_init();\\r\\n usart_init(115200);\\r\\n printf(\\\"[D601-F103] CaseRun UART marker issue1020-case2-r7-20260606-172930\\\\r\\\\n\\\");\\r\\n printf(\\\"\\\\r\\\\n[D601-F103] device-pod LCD bring-up\\\\r\\\\n\\\");\\r\\n\\r\\n d601_lcd_init();\\r\\n d6... exitCode=0"
        },
        {
          "kind": "hwpod-other",
          "seq": 449,
          "exitCode": 0,
          "command": "hwpod job status 20260607_012857_0568e16c --spec .hwlab/hwpod-spec.yaml 2>&1",
          "detail": "hwpod job status 20260607_012857_0568e16c --spec .hwlab/hwpod-spec.yaml 2>&1 stdout: { \"ok\": true, \"action\": \"hwpod-cli.invoke\", \"status\": \"completed\", \"specPath\": \".hwlab/hwpod-spec.yaml\", \"intent\": \"debug.job-status\", \"contractVersion\": \"hwpod-node-ops-v1\", \"compilerInvocation\": { \"compiler\": \"hwpod-compiler-cli\", \"mode\": \"subprocess\", \"entrypoint\": \"tools/hwpod-compiler-cli.ts\", \"argv\": [ \"compile\", \"--spec\", \".hwlab/hwpod-spec.yaml\", \"--intent\", \"debug.job-status\", \"--args\", \"<json>\" ], \"exitCode\": 0, \"action\": \"hwpod-compiler.compile\", \"contractVersion\": \"hwpod-node-ops-v1\", \"planId\": \"hwpod_plan_6ebefb90-bd91-46c0-a3ab-e7e66230833d\", \"source\": { \"compiler\": \"hwpod-com... exitCode=0"
        },
        {
          "kind": "hwpod-other",
          "seq": 555,
          "exitCode": 0,
          "command": "hwpod job status 20260607_012857_0568e16c --spec .hwlab/hwpod-spec.yaml 2>&1",
          "detail": "hwpod job status 20260607_012857_0568e16c --spec .hwlab/hwpod-spec.yaml 2>&1 stdout: { \"ok\": true, \"action\": \"hwpod-cli.invoke\", \"status\": \"completed\", \"specPath\": \".hwlab/hwpod-spec.yaml\", \"intent\": \"debug.job-status\", \"contractVersion\": \"hwpod-node-ops-v1\", \"compilerInvocation\": { \"compiler\": \"hwpod-compiler-cli\", \"mode\": \"subprocess\", \"entrypoint\": \"tools/hwpod-compiler-cli.ts\", \"argv\": [ \"compile\", \"--spec\", \".hwlab/hwpod-spec.yaml\", \"--intent\", \"debug.job-status\", \"--args\", \"<json>\" ], \"exitCode\": 0, \"action\": \"hwpod-compiler.compile\", \"contractVersion\": \"hwpod-node-ops-v1\", \"planId\": \"hwpod_plan_35c041ac-2978-4823-892c-02400c0e9347\", \"source\": { \"compiler\": \"hwpod-com... exitCode=0"
        },
        {
          "kind": "hwpod-other",
          "seq": 736,
          "exitCode": 0,
          "command": "hwpod job status 20260607_012906_83cf97da --spec .hwlab/hwpod-spec.yaml 2>&1",
          "detail": "hwpod job status 20260607_012906_83cf97da --spec .hwlab/hwpod-spec.yaml 2>&1 stdout: { \"ok\": true, \"action\": \"hwpod-cli.invoke\", \"status\": \"completed\", \"specPath\": \".hwlab/hwpod-spec.yaml\", \"intent\": \"debug.job-status\", \"contractVersion\": \"hwpod-node-ops-v1\", \"compilerInvocation\": { \"compiler\": \"hwpod-compiler-cli\", \"mode\": \"subprocess\", \"entrypoint\": \"tools/hwpod-compiler-cli.ts\", \"argv\": [ \"compile\", \"--spec\", \".hwlab/hwpod-spec.yaml\", \"--intent\", \"debug.job-status\", \"--args\", \"<json>\" ], \"exitCode\": 0, \"action\": \"hwpod-compiler.compile\", \"contractVersion\": \"hwpod-node-ops-v1\", \"planId\": \"hwpod_plan_0240bbef-c3ae-489c-b880-7fbfb33e2bb2\", \"source\": { \"compiler\": \"hwpod-com... exitCode=0"
        },
        {
          "kind": "hwpod-other",
          "seq": 803,
          "exitCode": 0,
          "command": "hwpod job status 20260607_012906_83cf97da --spec .hwlab/hwpod-spec.yaml 2>&1",
          "detail": "hwpod job status 20260607_012906_83cf97da --spec .hwlab/hwpod-spec.yaml 2>&1 stdout: { \"ok\": true, \"action\": \"hwpod-cli.invoke\", \"status\": \"completed\", \"specPath\": \".hwlab/hwpod-spec.yaml\", \"intent\": \"debug.job-status\", \"contractVersion\": \"hwpod-node-ops-v1\", \"compilerInvocation\": { \"compiler\": \"hwpod-compiler-cli\", \"mode\": \"subprocess\", \"entrypoint\": \"tools/hwpod-compiler-cli.ts\", \"argv\": [ \"compile\", \"--spec\", \".hwlab/hwpod-spec.yaml\", \"--intent\", \"debug.job-status\", \"--args\", \"<json>\" ], \"exitCode\": 0, \"action\": \"hwpod-compiler.compile\", \"contractVersion\": \"hwpod-node-ops-v1\", \"planId\": \"hwpod_plan_75041177-0a23-477e-85de-f40f1b727216\", \"source\": { \"compiler\": \"hwpod-com... exitCode=0"
        },
        {
          "kind": "hwpod-other",
          "seq": 943,
          "exitCode": 0,
          "command": "hwpod job status 20260607_012906_83cf97da --spec .hwlab/hwpod-spec.yaml 2>&1",
          "detail": "hwpod job status 20260607_012906_83cf97da --spec .hwlab/hwpod-spec.yaml 2>&1 stdout: { \"ok\": true, \"action\": \"hwpod-cli.invoke\", \"status\": \"completed\", \"specPath\": \".hwlab/hwpod-spec.yaml\", \"intent\": \"debug.job-status\", \"contractVersion\": \"hwpod-node-ops-v1\", \"compilerInvocation\": { \"compiler\": \"hwpod-compiler-cli\", \"mode\": \"subprocess\", \"entrypoint\": \"tools/hwpod-compiler-cli.ts\", \"argv\": [ \"compile\", \"--spec\", \".hwlab/hwpod-spec.yaml\", \"--intent\", \"debug.job-status\", \"--args\", \"<json>\" ], \"exitCode\": 0, \"action\": \"hwpod-compiler.compile\", \"contractVersion\": \"hwpod-node-ops-v1\", \"planId\": \"hwpod_plan_7d1fa7bb-3a5b-4d9b-a753-5e66af1fae75\", \"source\": { \"compiler\": \"hwpod-com... exitCode=0"
        },
        {
          "kind": "hwpod-other",
          "seq": 1020,
          "exitCode": 0,
          "command": "hwpod job status 20260607_012906_83cf97da --spec .hwlab/hwpod-spec.yaml 2>&1",
          "detail": "hwpod job status 20260607_012906_83cf97da --spec .hwlab/hwpod-spec.yaml 2>&1 stdout: { \"ok\": true, \"action\": \"hwpod-cli.invoke\", \"status\": \"completed\", \"specPath\": \".hwlab/hwpod-spec.yaml\", \"intent\": \"debug.job-status\", \"contractVersion\": \"hwpod-node-ops-v1\", \"compilerInvocation\": { \"compiler\": \"hwpod-compiler-cli\", \"mode\": \"subprocess\", \"entrypoint\": \"tools/hwpod-compiler-cli.ts\", \"argv\": [ \"compile\", \"--spec\", \".hwlab/hwpod-spec.yaml\", \"--intent\", \"debug.job-status\", \"--args\", \"<json>\" ], \"exitCode\": 0, \"action\": \"hwpod-compiler.compile\", \"contractVersion\": \"hwpod-node-ops-v1\", \"planId\": \"hwpod_plan_cb3901ce-13d0-4027-9a0c-61f7f31dc935\", \"source\": { \"compiler\": \"hwpod-com... exitCode=0"
        }
      ],
      "kinds": [
        "spec-validate",
        "inspect",
        "workspace-edit",
        "build",
        "download",
        "uart-read",
        "hwpod-other"
      ]
    },
    "status": "recorded",
    "autoEvaluation": false
  },
  "evidence": {
    "contractVersion": "hwpod-case-run-evidence-v1",
    "caseId": "d601-f103-v2-main-marker-download-uart",
    "runId": "issue1020-case2-r7-20260606-172930",
    "compileOnly": true,
    "autoEvaluation": false,
    "status": "recorded",
    "observedAt": "2026-06-06T17:29:44.039Z",
    "apiUrl": "http://74.48.78.17:19667",
    "subject": {
      "repoLocalPath": "F:\\Work\\HWLAB-CASE-F103",
      "commitId": "df7a4e6e551fa90d64bde5537cc000f89d63dd20",
      "subdir": "projects/01_baseline",
      "worktreePath": "F:\\Work\\HWLAB-CASE-F103\\.worktree\\caserun-issue1020-case2-r7-20260606-172930",
      "workspacePath": "F:\\Work\\HWLAB-CASE-F103\\.worktree\\caserun-issue1020-case2-r7-20260606-172930",
      "setup": {
        "httpStatus": 200,
        "planId": "case_subject_f5ebe0df-42d0-4d19-ac8f-6eee56e09d4a",
        "nodeId": "node-d601-f103-v2",
        "exitCode": 0,
        "stdout": "HEAD is now at df7a4e6 chore: initialize D601 HWLAB subject repo\ndf7a4e6e551fa90d64bde5537cc000f89d63dd20\ncaseRunKeilSidecars {\"copied\":1,\"copiedFiles\":[{\"ext\":\".uvoptx\",\"source\":\"projects\\\\01_baseline\\\\Projects\\\\MDK-ARM\\\\atk_f103.uvoptx\",\"destination\":\".worktree\\\\caserun-issue1020-case2-r7-20260606-172930\\\\projects\\\\01_baseline\\\\Projects\\\\MDK-ARM\\\\atk_f103.uvoptx\"}],\"missing\":[\"projects\\\\01_baseline\\\\Projects\\\\MDK-ARM\\\\atk_f103.uvopt\"],\"sourceBase\":\"projects\\\\01_baseline\\\\Projects\\\\MDK-ARM\\\\atk_f103\",\"destinationBase\":\".worktree\\\\caserun-issue1020-case2-r7-20260606-172930\\\\projects\\\\01_baseline\\\\Projects\\\\MDK-ARM\\\\atk_f103\"}",
        "stderr": "Preparing worktree (detached HEAD df7a4e6)",
        "keilSidecars": {
          "copied": 1,
          "copiedFiles": [
            {
              "ext": ".uvoptx",
              "source": "projects\\01_baseline\\Projects\\MDK-ARM\\atk_f103.uvoptx",
              "destination": ".worktree\\caserun-issue1020-case2-r7-20260606-172930\\projects\\01_baseline\\Projects\\MDK-ARM\\atk_f103.uvoptx"
            }
          ],
          "missing": [
            "projects\\01_baseline\\Projects\\MDK-ARM\\atk_f103.uvopt"
          ],
          "sourceBase": "projects\\01_baseline\\Projects\\MDK-ARM\\atk_f103",
          "destinationBase": ".worktree\\caserun-issue1020-case2-r7-20260606-172930\\projects\\01_baseline\\Projects\\MDK-ARM\\atk_f103",
          "line": "caseRunKeilSidecars {\"copied\":1,\"copiedFiles\":[{\"ext\":\".uvoptx\",\"source\":\"projects\\\\01_baseline\\\\Projects\\\\MDK-ARM\\\\atk_f103.uvoptx\",\"destination\":\".worktree\\\\caserun-issue1020-case2-r7-20260606-172930\\\\projects\\\\01_baseline\\\\Projects\\\\MDK-ARM\\\\atk_f103.uvoptx\"}],\"missing\":[\"projects\\\\01_baseline\\\\Projects\\\\MDK-ARM\\\\atk_f103.uvopt\"],\"sourceBase\":\"projects\\\\01_baseline\\\\Projects\\\\MDK-ARM\\\\atk_f103\",\"destinationBase\":\".worktree\\\\caserun-issue1020-case2-r7-20260606-172930\\\\projects\\\\01_baseline\\\\Projects\\\\MDK-ARM\\\\atk_f103\"}"
        }
      }
    },
    "agentTask": {
      "workspace": "subjectWorktree",
      "providerProfile": "deepseek",
      "projectId": "prj_hwpod_workbench",
      "timeoutMs": 600000,
      "promptSha256": "927216da3f004c9f8eaf8be3bbd62df1f0948c7016f18174110b54e99be46882",
      "constraints": [
        "只允许修改 projects/01_baseline/User/main.c",
        "marker 必须包含本次 runId，避免串口旧输出混淆",
        "marker 必须位于 UART/USART 初始化之后的可执行路径中，避免编译下载成功但串口不可见",
        "必须通过 HWPOD workspace/node 链路修改 subjectWorktreePath，不得从 Linux runner 直接 cd 到 Windows 路径",
        "必须尝试 hwpod build、hwpod download 和 hwpod uart read 原入口命令",
        "若修改、编译、下载或串口读取失败，继续保留 trace 和原始错误，不要绕过到非 HWPOD 路径",
        "结果只作为 raw trace/evidence 记录，不做自动评价或自动门禁"
      ]
    },
    "agent": {
      "stageStatus": "completed",
      "baseUrl": "http://74.48.78.17:19666",
      "projectId": "prj_hwpod_workbench",
      "providerProfile": "deepseek",
      "conversationId": "cnv_case_d601-f103-v2-main-marker-download-uart_issue1020-case2-r7-20260606-172930",
      "sessionId": "ses_1e42ad50-2205-4285-a2d7-dfaf5fd2ade2",
      "traceId": "trc_case_d601-f103-v2-main-marker-download-uart_34ab5dff913a4eb09a8cdd4bd131d9a9",
      "promptPath": "/root/hwlab-v02/.state/hwlab-cli/caserun/issue1020-case2-r7-20260606-172930/agent-prompt.md",
      "promptSha256": "2e0bc87f17a8644705f7022fa8c4c4d25079db4326b3be60969ddc269ba6bd62",
      "polls": 32,
      "timedOut": false,
      "timeoutMs": 600000,
      "pollIntervalMs": 1000,
      "lastHttpStatus": 200,
      "nextPollCommand": "hwlab-cli client agent result trc_case_d601-f103-v2-main-marker-download-uart_34ab5dff913a4eb09a8cdd4bd131d9a9",
      "traceCommand": "hwlab-cli client agent trace trc_case_d601-f103-v2-main-marker-download-uart_34ab5dff913a4eb09a8cdd4bd131d9a9 --render web",
      "inspectCommand": "hwlab-cli client agent inspect --trace-id trc_case_d601-f103-v2-main-marker-download-uart_34ab5dff913a4eb09a8cdd4bd131d9a9",
      "sessionCommand": "hwlab-cli client agent session status ses_1e42ad50-2205-4285-a2d7-dfaf5fd2ade2",
      "traceLookup": {
        "source": "hwlab-cli.client.agent",
        "strategy": "id_plus_existing_cli",
        "note": "CaseRun records trace/session identity and reuses existing HWLAB Web-equivalent agent CLI for trace/result/inspect; it does not implement a separate trace query path.",
        "baseUrl": "http://74.48.78.17:19666",
        "traceId": "trc_case_d601-f103-v2-main-marker-download-uart_34ab5dff913a4eb09a8cdd4bd131d9a9",
        "sessionId": "ses_1e42ad50-2205-4285-a2d7-dfaf5fd2ade2",
        "conversationId": "cnv_case_d601-f103-v2-main-marker-download-uart_issue1020-case2-r7-20260606-172930",
        "commands": {
          "result": "hwlab-cli client agent result trc_case_d601-f103-v2-main-marker-download-uart_34ab5dff913a4eb09a8cdd4bd131d9a9",
          "trace": "hwlab-cli client agent trace trc_case_d601-f103-v2-main-marker-download-uart_34ab5dff913a4eb09a8cdd4bd131d9a9 --render web",
          "traceFull": "hwlab-cli client agent trace trc_case_d601-f103-v2-main-marker-download-uart_34ab5dff913a4eb09a8cdd4bd131d9a9 --render web --full",
          "inspect": "hwlab-cli client agent inspect --trace-id trc_case_d601-f103-v2-main-marker-download-uart_34ab5dff913a4eb09a8cdd4bd131d9a9",
          "sessionStatus": "hwlab-cli client agent session status ses_1e42ad50-2205-4285-a2d7-dfaf5fd2ade2"
        }
      }
    },
    "traceLookup": {
      "source": "hwlab-cli.client.agent",
      "strategy": "id_plus_existing_cli",
      "note": "CaseRun records trace/session identity and reuses existing HWLAB Web-equivalent agent CLI for trace/result/inspect; it does not implement a separate trace query path.",
      "baseUrl": "http://74.48.78.17:19666",
      "traceId": "trc_case_d601-f103-v2-main-marker-download-uart_34ab5dff913a4eb09a8cdd4bd131d9a9",
      "sessionId": "ses_1e42ad50-2205-4285-a2d7-dfaf5fd2ade2",
      "conversationId": "cnv_case_d601-f103-v2-main-marker-download-uart_issue1020-case2-r7-20260606-172930",
      "commands": {
        "result": "hwlab-cli client agent result trc_case_d601-f103-v2-main-marker-download-uart_34ab5dff913a4eb09a8cdd4bd131d9a9",
        "trace": "hwlab-cli client agent trace trc_case_d601-f103-v2-main-marker-download-uart_34ab5dff913a4eb09a8cdd4bd131d9a9 --render web",
        "traceFull": "hwlab-cli client agent trace trc_case_d601-f103-v2-main-marker-download-uart_34ab5dff913a4eb09a8cdd4bd131d9a9 --render web --full",
        "inspect": "hwlab-cli client agent inspect --trace-id trc_case_d601-f103-v2-main-marker-download-uart_34ab5dff913a4eb09a8cdd4bd131d9a9",
        "sessionStatus": "hwlab-cli client agent session status ses_1e42ad50-2205-4285-a2d7-dfaf5fd2ade2"
      }
    },
    "agentTrace": {
      "traceId": "trc_case_d601-f103-v2-main-marker-download-uart_34ab5dff913a4eb09a8cdd4bd131d9a9",
      "status": "completed",
      "httpStatus": 200,
      "source": "hwlab-cli.client.agent.trace",
      "lookup": {
        "source": "hwlab-cli.client.agent",
        "strategy": "id_plus_existing_cli",
        "note": "CaseRun records trace/session identity and reuses existing HWLAB Web-equivalent agent CLI for trace/result/inspect; it does not implement a separate trace query path.",
        "baseUrl": "http://74.48.78.17:19666",
        "traceId": "trc_case_d601-f103-v2-main-marker-download-uart_34ab5dff913a4eb09a8cdd4bd131d9a9",
        "sessionId": "ses_1e42ad50-2205-4285-a2d7-dfaf5fd2ade2",
        "conversationId": "cnv_case_d601-f103-v2-main-marker-download-uart_issue1020-case2-r7-20260606-172930",
        "commands": {
          "result": "hwlab-cli client agent result trc_case_d601-f103-v2-main-marker-download-uart_34ab5dff913a4eb09a8cdd4bd131d9a9",
          "trace": "hwlab-cli client agent trace trc_case_d601-f103-v2-main-marker-download-uart_34ab5dff913a4eb09a8cdd4bd131d9a9 --render web",
          "traceFull": "hwlab-cli client agent trace trc_case_d601-f103-v2-main-marker-download-uart_34ab5dff913a4eb09a8cdd4bd131d9a9 --render web --full",
          "inspect": "hwlab-cli client agent inspect --trace-id trc_case_d601-f103-v2-main-marker-download-uart_34ab5dff913a4eb09a8cdd4bd131d9a9",
          "sessionStatus": "hwlab-cli client agent session status ses_1e42ad50-2205-4285-a2d7-dfaf5fd2ade2"
        }
      },
      "sourceEventCount": 1620,
      "renderedRowCount": 43,
      "commandCount": 16,
      "hwpodCommandCount": 14,
      "hwpodBuildCommandCount": 1,
      "keilJobCandidates": [
        "20260607_012857_0568e16c",
        "20260607_012906_83cf97da"
      ],
      "terminalStatus": "completed",
      "commands": [
        {
          "source": "trace-row",
          "seq": 94,
          "rowId": "tool:call_00_pvNEpx3lWtBChjYG7bBv2140",
          "header": "17:28:48 total=00:00:10 ok commandExecution",
          "command": "hwpod-ctl spec validate --spec .hwlab/hwpod-spec.yaml",
          "normalizedCommand": "hwpod-ctl spec validate --spec .hwlab/hwpod-spec.yaml",
          "bodyPreview": "hwpod-ctl spec validate --spec .hwlab/hwpod-spec.yaml stdout: { \"ok\": true, \"action\": \"hwpod-ctl.spec.validate\", \"status\": \"succeeded\", \"specPath\": \".hwlab/hwpod-spec.yaml\", \"document\": { \"apiVersion\": \"hwlab.dev/v0alpha1\", \"kind\": \"Hwpod\", \"metadata\": { \"uid\": \"D601-F103-V2\", \"name\": \"d601-f103-v2\" }, \"spec\": { \"targetDevice\": { \"board\": \"D601-F103-V2\", \"mcu\": \"STM32F103\" }, \"workspace\": { \"path\": \"F:\\\\Work\\\\HWLAB-CASE-F103\\\\.worktree\\\\caserun-issue1020-case2-r7-20260606-172930\", \"toolchain\": \"keil-mdk\", \"keilProject\": \"projects/01_baseline/Projects/MDK-ARM/atk_f103.uvprojx\", \"keilTarget\": \"USART\", \"keilCliPath\": \"C:\\\\Users\\\\liang\\\\.agents\\\\skills\\\\k... exitCode=0",
          "exitCode": 0
        },
        {
          "source": "trace-row",
          "seq": 97,
          "rowId": "tool:call_01_ZLEQJZiTJ1U1YrXIOnGP1446",
          "header": "17:28:49 total=00:00:12 ok commandExecution",
          "command": "hwpod inspect --spec .hwlab/hwpod-spec.yaml",
          "normalizedCommand": "hwpod inspect --spec .hwlab/hwpod-spec.yaml",
          "bodyPreview": "hwpod inspect --spec .hwlab/hwpod-spec.yaml stdout: { \"ok\": true, \"action\": \"hwpod-cli.invoke\", \"status\": \"completed\", \"specPath\": \".hwlab/hwpod-spec.yaml\", \"intent\": \"inspect\", \"contractVersion\": \"hwpod-node-ops-v1\", \"compilerInvocation\": { \"compiler\": \"hwpod-compiler-cli\", \"mode\": \"subprocess\", \"entrypoint\": \"tools/hwpod-compiler-cli.ts\", \"argv\": [ \"compile\", \"--spec\", \".hwlab/hwpod-spec.yaml\", \"--intent\", \"inspect\", \"--args\", \"<json>\" ], \"exitCode\": 0, \"action\": \"hwpod-compiler.compile\", \"contractVersion\": \"hwpod-node-ops-v1\", \"planId\": \"hwpod_plan_5a6c0053-5fb3-4861-8fac-32809581f64d\", \"source\": { \"compiler\": \"hwpod-compiler-cli\", \"specP... exitCode=0",
          "exitCode": 0
        },
        {
          "source": "trace-row",
          "seq": 226,
          "rowId": "tool:call_00_6iyB0jt31Kt8Pdqruv1J3298",
          "header": "17:28:55 total=00:00:18 ok commandExecution",
          "command": "hwpod workspace insert-after --path projects/01_baseline/User/main.c --anchor \"usart_init(115200);\" --line \" printf(\\\"[D601-F103] CaseRun UART marker issue1020-case2-r7-20260606-172930\\\\r\\\\n\\\");\" --spec .hwlab/hwpod-spec.yaml 2>&1",
          "normalizedCommand": "hwpod workspace insert-after --path projects/01_baseline/User/main.c --anchor \"usart_init(115200);\" --line \" printf(\\\"[D601-F103] CaseRun UART marker issue1020-case2-r7-20260606-172930\\\\r\\\\n\\\");\" --spec .hwlab/hwpod-spec.yaml 2>&1",
          "bodyPreview": "hwpod workspace insert-after --path projects/01_baseline/User/main.c --anchor \"usart_init(115200);\" --line \" printf(\\\"[D601-F103] CaseRun UART marker issue1020-case2-r7-20260606-172930\\\\r\\\\n\\\");\" --spec .hwlab/hwpod-spec.yaml 2>&1 stdout: { \"ok\": true, \"action\": \"hwpod-cli.invoke\", \"status\": \"completed\", \"specPath\": \".hwlab/hwpod-spec.yaml\", \"intent\": \"workspace.insert-after\", \"contractVersion\": \"hwpod-node-ops-v1\", \"compilerInvocation\": { \"compiler\": \"hwpod-compiler-cli\", \"mode\": \"subprocess\", \"entrypoint\": \"tools/hwpod-compiler-cli.ts\", \"argv\": [ \"compile\", \"--spec\", \".hwlab/hwpod-spec.yaml\", \"--intent\", \"workspace.insert-after\", \"--args\", \"<json>\" ], \"exitCode\": 0, \"action\": \"hwpod-compiler.compile\", \"contractVersion\": \"hwpod-node-ops-v1\", \"planId\": \"hwpod_plan_9945358f-f555-4761-862e-486d5b997fcc\", \"source\": { \"compiler\"... exitCode=0",
          "exitCode": 0
        },
        {
          "source": "trace-row",
          "seq": 352,
          "rowId": "tool:call_00_Lpgvg15jscY4Ghmefc1Q7438",
          "header": "17:29:01 total=00:00:24 ok commandExecution",
          "command": "hwpod build --spec .hwlab/hwpod-spec.yaml 2>&1",
          "normalizedCommand": "hwpod build --spec .hwlab/hwpod-spec.yaml 2>&1",
          "bodyPreview": "hwpod build --spec .hwlab/hwpod-spec.yaml 2>&1 stdout: { \"ok\": true, \"action\": \"hwpod-cli.invoke\", \"status\": \"completed\", \"specPath\": \".hwlab/hwpod-spec.yaml\", \"intent\": \"debug.build\", \"contractVersion\": \"hwpod-node-ops-v1\", \"compilerInvocation\": { \"compiler\": \"hwpod-compiler-cli\", \"mode\": \"subprocess\", \"entrypoint\": \"tools/hwpod-compiler-cli.ts\", \"argv\": [ \"compile\", \"--spec\", \".hwlab/hwpod-spec.yaml\", \"--intent\", \"debug.build\", \"--args\", \"<json>\" ], \"exitCode\": 0, \"action\": \"hwpod-compiler.compile\", \"contractVersion\": \"hwpod-node-ops-v1\", \"planId\": \"hwpod_plan_ddb7e964-b4d3-4e87-a0f3-b3c52e4494ff\", \"source\": { \"compiler\": \"hwpod-compiler-cli\"... exitCode=0",
          "exitCode": 0
        },
        {
          "source": "trace-row",
          "seq": 614,
          "rowId": "tool:call_00_qnWFQIYKZf3PvcECzYEW3881",
          "header": "17:29:10 total=00:00:33 ok commandExecution",
          "command": "hwpod download --spec .hwlab/hwpod-spec.yaml 2>&1",
          "normalizedCommand": "hwpod download --spec .hwlab/hwpod-spec.yaml 2>&1",
          "bodyPreview": "hwpod download --spec .hwlab/hwpod-spec.yaml 2>&1 stdout: { \"ok\": true, \"action\": \"hwpod-cli.invoke\", \"status\": \"completed\", \"specPath\": \".hwlab/hwpod-spec.yaml\", \"intent\": \"debug.download\", \"contractVersion\": \"hwpod-node-ops-v1\", \"compilerInvocation\": { \"compiler\": \"hwpod-compiler-cli\", \"mode\": \"subprocess\", \"entrypoint\": \"tools/hwpod-compiler-cli.ts\", \"argv\": [ \"compile\", \"--spec\", \".hwlab/hwpod-spec.yaml\", \"--intent\", \"debug.download\", \"--args\", \"<json>\" ], \"exitCode\": 0, \"action\": \"hwpod-compiler.compile\", \"contractVersion\": \"hwpod-node-ops-v1\", \"planId\": \"hwpod_plan_2f7837a3-dd3a-48b1-bc9d-1f9a3c1fc8f0\", \"source\": { \"compiler\": \"hwpod-compile... exitCode=0",
          "exitCode": 0
        },
        {
          "source": "trace-row",
          "seq": 1181,
          "rowId": "tool:call_00_K0acaXX1i5CrtVYTdqYB6610",
          "header": "17:29:24 total=00:00:47 ok commandExecution",
          "command": "hwpod uart read --spec .hwlab/hwpod-spec.yaml --port uart1 --max-bytes 4096 2>&1",
          "normalizedCommand": "hwpod uart read --spec .hwlab/hwpod-spec.yaml --port uart1 --max-bytes 4096 2>&1",
          "bodyPreview": "hwpod uart read --spec .hwlab/hwpod-spec.yaml --port uart1 --max-bytes 4096 2>&1 stdout: { \"ok\": true, \"action\": \"hwpod-cli.invoke\", \"status\": \"completed\", \"specPath\": \".hwlab/hwpod-spec.yaml\", \"intent\": \"io.uart.read\", \"contractVersion\": \"hwpod-node-ops-v1\", \"compilerInvocation\": { \"compiler\": \"hwpod-compiler-cli\", \"mode\": \"subprocess\", \"entrypoint\": \"tools/hwpod-compiler-cli.ts\", \"argv\": [ \"compile\", \"--spec\", \".hwlab/hwpod-spec.yaml\", \"--intent\", \"io.uart.read\", \"--args\", \"<json>\" ], \"exitCode\": 0, \"action\": \"hwpod-compiler.compile\", \"contractVersion\": \"hwpod-node-ops-v1\", \"planId\": \"hwpod_plan_c0575b23-7fa9-4af4-bead-c88f6fc1e2c0\", \"source\": { \"compiler\": \"hwpod-compiler-cl... exitCode=0",
          "exitCode": 0
        },
        {
          "source": "trace-row",
          "seq": 49,
          "rowId": "tool:call_00_LFxgFOVL6s9R2UiDyTMf7529",
          "header": "17:28:45 total=00:00:08 ok commandExecution",
          "command": "ls -la .hwlab/hwpod-spec.yaml && cat .hwlab/hwpod-spec.yaml",
          "normalizedCommand": "ls -la .hwlab/hwpod-spec.yaml && cat .hwlab/hwpod-spec.yaml",
          "bodyPreview": "ls -la .hwlab/hwpod-spec.yaml && cat .hwlab/hwpod-spec.yaml stdout: -rw-r--r-- 1 root root 743 Jun 6 17:28 .hwlab/hwpod-spec.yaml apiVersion: hwlab.dev/v0alpha1 kind: Hwpod metadata: uid: D601-F103-V2 name: d601-f103-v2 spec: targetDevice: board: D601-F103-V2 mcu: STM32F103 workspace: path: \"F:\\\\Work\\\\HWLAB-CASE-F103\\\\.worktree\\\\caserun-issue1020-case2-r7-20260606-172930\" toolchain: keil-mdk keilProject: projects/01_baseline/Projects/MDK-ARM/atk_f103.uvprojx keilTarget: USART keilCliPath: \"C:\\\\Users\\\\liang\\\\.agents\\\\skills\\\\keil\\\\keil-cli.py\" debugProbe: type: daplink adapter: keil probeUid: 95FFF39D3DB47E0D probeName: MicroKeenV4 CMSIS-DAP programBackend: ... exitCode=0",
          "exitCode": 0
        },
        {
          "source": "trace-row",
          "seq": 70,
          "rowId": "tool:call_01_DyhIUBxxRnDuDY958Rt33505",
          "header": "17:28:46 total=00:00:08 ok commandExecution",
          "command": "which hwpod && which hwpod-ctl && hwpod --help 2>&1 | head -20",
          "normalizedCommand": "which hwpod && which hwpod-ctl && hwpod --help 2>&1 | head -20",
          "bodyPreview": "which hwpod && which hwpod-ctl && hwpod --help 2>&1 | head -20 stdout: /usr/local/bin/hwpod /usr/local/bin/hwpod-ctl { \"ok\": true, \"action\": \"hwpod-cli.help\", \"status\": \"succeeded\", \"contractVersion\": \"hwpod-node-ops-v1\", \"usage\": [ \"bun tools/hwpod-cli.ts inspect --dry-run\", \"bun tools/hwpod-cli.ts workspace ls . --dry-run\", \"bun tools/hwpod-cli.ts workspace cat projects/01_baseline/User/main.c --spec .hwlab/hwpod-spec.yaml\", \"bun tools/hwpod-cli.ts workspace read projects/01_baseline/User/main.c --spec .hwlab/hwpod-spec.yaml\", \"cat patch.txt | bun tools/hwpod-cli.ts workspace apply-patch --spec .hwlab/hwpod-spec.yaml --reason \\\"edit subject workspace through... exitCode=0",
          "exitCode": 0
        },
        {
          "source": "trace-row",
          "seq": 156,
          "rowId": "tool:call_00_ECewkbIDQydEnIrygBhQ3010",
          "header": "17:28:51 total=00:00:14 ok commandExecution",
          "command": "hwpod workspace cat projects/01_baseline/User/main.c --spec .hwlab/hwpod-spec.yaml 2>&1",
          "normalizedCommand": "hwpod workspace cat projects/01_baseline/User/main.c --spec .hwlab/hwpod-spec.yaml 2>&1",
          "bodyPreview": "hwpod workspace cat projects/01_baseline/User/main.c --spec .hwlab/hwpod-spec.yaml 2>&1 stdout: { \"ok\": true, \"action\": \"hwpod-cli.invoke\", \"status\": \"completed\", \"specPath\": \".hwlab/hwpod-spec.yaml\", \"intent\": \"workspace.cat\", \"contractVersion\": \"hwpod-node-ops-v1\", \"compilerInvocation\": { \"compiler\": \"hwpod-compiler-cli\", \"mode\": \"subprocess\", \"entrypoint\": \"tools/hwpod-compiler-cli.ts\", \"argv\": [ \"compile\", \"--spec\", \".hwlab/hwpod-spec.yaml\", \"--intent\", \"workspace.cat\", \"--args\", \"<json>\" ], \"exitCode\": 0, \"action\": \"hwpod-compiler.compile\", \"contractVersion\": \"hwpod-node-ops-v1\", \"planId\": \"hwpod_plan_47a0a6aa-3803-427d-9d17-02ebf0e4253d\", \"source\": { \"compiler\": \"hwpod-compiler-... exitCode=0",
          "exitCode": 0
        },
        {
          "source": "trace-row",
          "seq": 305,
          "rowId": "tool:call_00_6JH2kOKL0pXNAJsTg9fC2565",
          "header": "17:28:58 total=00:00:20 ok commandExecution",
          "command": "hwpod workspace cat projects/01_baseline/User/main.c --spec .hwlab/hwpod-spec.yaml 2>&1 | grep -A 1 '\"content\"'",
          "normalizedCommand": "hwpod workspace cat projects/01_baseline/User/main.c --spec .hwlab/hwpod-spec.yaml 2>&1 | grep -A 1 '\"content\"",
          "bodyPreview": "hwpod workspace cat projects/01_baseline/User/main.c --spec .hwlab/hwpod-spec.yaml 2>&1 | grep -A 1 '\"content\"' stdout: \"content\": \"#include \\\"./SYSTEM/usart/usart.h\\\"\\r\\n#include \\\"stm32f1xx_hal.h\\\"\\r\\n#include \\\"./SYSTEM/sys/sys.h\\\"\\r\\n#include \\\"./BSP/LED/led.h\\\"\\r\\n#include \\\"jsonrpc_handler.h\\\"\\r\\n#include \\\"d601_lcd.h\\\"\\r\\n#include \\\"d601_arm2d_demo.h\\\"\\r\\n#include \\\"d601_gpio.h\\\"\\r\\n\\r\\nint main(void)\\r\\n{\\r\\n SystemCoreClockUpdate();\\r\\n sys_stm32_clock_init(9);\\r\\n HAL_Init();\\r\\n led_init();\\r\\n usart_init(115200);\\r\\n printf(\\\"[D601-F103] CaseRun UART marker issue1020-case2-r7-20260606-172930\\\\r\\\\n\\\");\\r\\n printf(\\\"\\\\r\\\\n[D601-F103] device-pod LCD bring-up\\\\r\\\\n\\\");\\r\\n\\r\\n d601_lcd_init();\\r\\n d6... exitCode=0",
          "exitCode": 0
        },
        {
          "source": "trace-row",
          "seq": 449,
          "rowId": "tool:call_00_FNHiRXpcUBsJr9pRyiV56905",
          "header": "17:29:04 total=00:00:27 ok commandExecution",
          "command": "hwpod job status 20260607_012857_0568e16c --spec .hwlab/hwpod-spec.yaml 2>&1",
          "normalizedCommand": "hwpod job status 20260607_012857_0568e16c --spec .hwlab/hwpod-spec.yaml 2>&1",
          "bodyPreview": "hwpod job status 20260607_012857_0568e16c --spec .hwlab/hwpod-spec.yaml 2>&1 stdout: { \"ok\": true, \"action\": \"hwpod-cli.invoke\", \"status\": \"completed\", \"specPath\": \".hwlab/hwpod-spec.yaml\", \"intent\": \"debug.job-status\", \"contractVersion\": \"hwpod-node-ops-v1\", \"compilerInvocation\": { \"compiler\": \"hwpod-compiler-cli\", \"mode\": \"subprocess\", \"entrypoint\": \"tools/hwpod-compiler-cli.ts\", \"argv\": [ \"compile\", \"--spec\", \".hwlab/hwpod-spec.yaml\", \"--intent\", \"debug.job-status\", \"--args\", \"<json>\" ], \"exitCode\": 0, \"action\": \"hwpod-compiler.compile\", \"contractVersion\": \"hwpod-node-ops-v1\", \"planId\": \"hwpod_plan_6ebefb90-bd91-46c0-a3ab-e7e66230833d\", \"source\": { \"compiler\": \"hwpod-com... exitCode=0",
          "exitCode": 0
        },
        {
          "source": "trace-row",
          "seq": 555,
          "rowId": "tool:call_00_jiu0PDhNY8DSskscvhWi1975",
          "header": "17:29:07 total=00:00:30 ok commandExecution",
          "command": "hwpod job status 20260607_012857_0568e16c --spec .hwlab/hwpod-spec.yaml 2>&1",
          "normalizedCommand": "hwpod job status 20260607_012857_0568e16c --spec .hwlab/hwpod-spec.yaml 2>&1",
          "bodyPreview": "hwpod job status 20260607_012857_0568e16c --spec .hwlab/hwpod-spec.yaml 2>&1 stdout: { \"ok\": true, \"action\": \"hwpod-cli.invoke\", \"status\": \"completed\", \"specPath\": \".hwlab/hwpod-spec.yaml\", \"intent\": \"debug.job-status\", \"contractVersion\": \"hwpod-node-ops-v1\", \"compilerInvocation\": { \"compiler\": \"hwpod-compiler-cli\", \"mode\": \"subprocess\", \"entrypoint\": \"tools/hwpod-compiler-cli.ts\", \"argv\": [ \"compile\", \"--spec\", \".hwlab/hwpod-spec.yaml\", \"--intent\", \"debug.job-status\", \"--args\", \"<json>\" ], \"exitCode\": 0, \"action\": \"hwpod-compiler.compile\", \"contractVersion\": \"hwpod-node-ops-v1\", \"planId\": \"hwpod_plan_35c041ac-2978-4823-892c-02400c0e9347\", \"source\": { \"compiler\": \"hwpod-com... exitCode=0",
          "exitCode": 0
        },
        {
          "source": "trace-row",
          "seq": 736,
          "rowId": "tool:call_00_hw5TMmXa0MlNlCCd6Y5u6306",
          "header": "17:29:13 total=00:00:36 ok commandExecution",
          "command": "hwpod job status 20260607_012906_83cf97da --spec .hwlab/hwpod-spec.yaml 2>&1",
          "normalizedCommand": "hwpod job status 20260607_012906_83cf97da --spec .hwlab/hwpod-spec.yaml 2>&1",
          "bodyPreview": "hwpod job status 20260607_012906_83cf97da --spec .hwlab/hwpod-spec.yaml 2>&1 stdout: { \"ok\": true, \"action\": \"hwpod-cli.invoke\", \"status\": \"completed\", \"specPath\": \".hwlab/hwpod-spec.yaml\", \"intent\": \"debug.job-status\", \"contractVersion\": \"hwpod-node-ops-v1\", \"compilerInvocation\": { \"compiler\": \"hwpod-compiler-cli\", \"mode\": \"subprocess\", \"entrypoint\": \"tools/hwpod-compiler-cli.ts\", \"argv\": [ \"compile\", \"--spec\", \".hwlab/hwpod-spec.yaml\", \"--intent\", \"debug.job-status\", \"--args\", \"<json>\" ], \"exitCode\": 0, \"action\": \"hwpod-compiler.compile\", \"contractVersion\": \"hwpod-node-ops-v1\", \"planId\": \"hwpod_plan_0240bbef-c3ae-489c-b880-7fbfb33e2bb2\", \"source\": { \"compiler\": \"hwpod-com... exitCode=0",
          "exitCode": 0
        },
        {
          "source": "trace-row",
          "seq": 803,
          "rowId": "tool:call_00_deIOIZkAtsmnpQmFxIem9306",
          "header": "17:29:16 total=00:00:38 ok commandExecution",
          "command": "hwpod job status 20260607_012906_83cf97da --spec .hwlab/hwpod-spec.yaml 2>&1",
          "normalizedCommand": "hwpod job status 20260607_012906_83cf97da --spec .hwlab/hwpod-spec.yaml 2>&1",
          "bodyPreview": "hwpod job status 20260607_012906_83cf97da --spec .hwlab/hwpod-spec.yaml 2>&1 stdout: { \"ok\": true, \"action\": \"hwpod-cli.invoke\", \"status\": \"completed\", \"specPath\": \".hwlab/hwpod-spec.yaml\", \"intent\": \"debug.job-status\", \"contractVersion\": \"hwpod-node-ops-v1\", \"compilerInvocation\": { \"compiler\": \"hwpod-compiler-cli\", \"mode\": \"subprocess\", \"entrypoint\": \"tools/hwpod-compiler-cli.ts\", \"argv\": [ \"compile\", \"--spec\", \".hwlab/hwpod-spec.yaml\", \"--intent\", \"debug.job-status\", \"--args\", \"<json>\" ], \"exitCode\": 0, \"action\": \"hwpod-compiler.compile\", \"contractVersion\": \"hwpod-node-ops-v1\", \"planId\": \"hwpod_plan_75041177-0a23-477e-85de-f40f1b727216\", \"source\": { \"compiler\": \"hwpod-com... exitCode=0",
          "exitCode": 0
        },
        {
          "source": "trace-row",
          "seq": 943,
          "rowId": "tool:call_00_11HDph2EmRhdhQ8tjgCx1685",
          "header": "17:29:18 total=00:00:41 ok commandExecution",
          "command": "hwpod job status 20260607_012906_83cf97da --spec .hwlab/hwpod-spec.yaml 2>&1",
          "normalizedCommand": "hwpod job status 20260607_012906_83cf97da --spec .hwlab/hwpod-spec.yaml 2>&1",
          "bodyPreview": "hwpod job status 20260607_012906_83cf97da --spec .hwlab/hwpod-spec.yaml 2>&1 stdout: { \"ok\": true, \"action\": \"hwpod-cli.invoke\", \"status\": \"completed\", \"specPath\": \".hwlab/hwpod-spec.yaml\", \"intent\": \"debug.job-status\", \"contractVersion\": \"hwpod-node-ops-v1\", \"compilerInvocation\": { \"compiler\": \"hwpod-compiler-cli\", \"mode\": \"subprocess\", \"entrypoint\": \"tools/hwpod-compiler-cli.ts\", \"argv\": [ \"compile\", \"--spec\", \".hwlab/hwpod-spec.yaml\", \"--intent\", \"debug.job-status\", \"--args\", \"<json>\" ], \"exitCode\": 0, \"action\": \"hwpod-compiler.compile\", \"contractVersion\": \"hwpod-node-ops-v1\", \"planId\": \"hwpod_plan_7d1fa7bb-3a5b-4d9b-a753-5e66af1fae75\", \"source\": { \"compiler\": \"hwpod-com... exitCode=0",
          "exitCode": 0
        },
        {
          "source": "trace-row",
          "seq": 1020,
          "rowId": "tool:call_00_lun2PoCvl7iwiJRTFh5X7418",
          "header": "17:29:21 total=00:00:44 ok commandExecution",
          "command": "hwpod job status 20260607_012906_83cf97da --spec .hwlab/hwpod-spec.yaml 2>&1",
          "normalizedCommand": "hwpod job status 20260607_012906_83cf97da --spec .hwlab/hwpod-spec.yaml 2>&1",
          "bodyPreview": "hwpod job status 20260607_012906_83cf97da --spec .hwlab/hwpod-spec.yaml 2>&1 stdout: { \"ok\": true, \"action\": \"hwpod-cli.invoke\", \"status\": \"completed\", \"specPath\": \".hwlab/hwpod-spec.yaml\", \"intent\": \"debug.job-status\", \"contractVersion\": \"hwpod-node-ops-v1\", \"compilerInvocation\": { \"compiler\": \"hwpod-compiler-cli\", \"mode\": \"subprocess\", \"entrypoint\": \"tools/hwpod-compiler-cli.ts\", \"argv\": [ \"compile\", \"--spec\", \".hwlab/hwpod-spec.yaml\", \"--intent\", \"debug.job-status\", \"--args\", \"<json>\" ], \"exitCode\": 0, \"action\": \"hwpod-compiler.compile\", \"contractVersion\": \"hwpod-node-ops-v1\", \"planId\": \"hwpod_plan_cb3901ce-13d0-4027-9a0c-61f7f31dc935\", \"source\": { \"compiler\": \"hwpod-com... exitCode=0",
          "exitCode": 0
        }
      ]
    },
    "agentDiff": {
      "statusShort": "M projects/01_baseline/User/main.c",
      "diffStat": "projects/01_baseline/User/main.c | 1 +\n 1 file changed, 1 insertion(+)",
      "diffPatchPath": "/root/hwlab-v02/.state/hwlab-cli/caserun/issue1020-case2-r7-20260606-172930/agent-diff.patch",
      "diffPatchSha256": "cc8fb11fef10a3a231bbe1035322d60e0615ec171aafc459d03343961a2093f7",
      "sourceRootStatusShort": "M projects/01_baseline/Projects/MDK-ARM/atk_f103.uvprojx",
      "requests": [
        {
          "label": "status",
          "httpStatus": 200,
          "exitCode": 0,
          "stdoutBytes": 34,
          "stderr": ""
        },
        {
          "label": "diff-stat",
          "httpStatus": 200,
          "exitCode": 0,
          "stdoutBytes": 70,
          "stderr": ""
        },
        {
          "label": "diff-patch",
          "httpStatus": 200,
          "exitCode": 0,
          "stdoutBytes": 451,
          "stderr": ""
        },
        {
          "label": "source-root-status",
          "httpStatus": 200,
          "exitCode": 0,
          "stdoutBytes": 56,
          "stderr": ""
        }
      ]
    },
    "hwpod": {
      "source": "case-run-runner-post-agent-compile-check",
      "command": [
        "bun",
        "hwpod-cli.ts",
        "build",
        "--spec",
        "hwpod-spec.yaml",
        "--reason",
        "case-run d601-f103-v2-main-marker-download-uart issue1020-case2-r7-20260606-172930 compile-only"
      ],
      "exitCode": 0,
      "stdoutJson": {
        "ok": true,
        "action": "hwpod-cli.invoke",
        "status": "completed",
        "results": [
          {
            "opId": "op_01_cmd_run",
            "op": "cmd.run",
            "ok": true,
            "status": "completed",
            "output": {
              "cwd": "F:\\Work\\HWLAB-CASE-F103\\.worktree\\caserun-issue1020-case2-r7-20260606-172930",
              "command": [
                "py",
                "-3",
                "C:\\Users\\liang\\.agents\\skills\\keil\\keil-cli.py",
                "build",
                "-p",
                "F:\\Work\\HWLAB-CASE-F103\\.worktree\\caserun-issue1020-case2-r7-20260606-172930\\projects\\01_baseline\\Projects\\MDK-ARM\\atk_f103.uvprojx",
                "-t",
                "USART"
              ],
              "exitCode": 0,
              "stdout": "{\r\n  \"accepted\": true,\r\n  \"command\": \"build\",\r\n  \"mode\": \"async\",\r\n  \"job_id\": \"20260607_012936_e2b92b58\",\r\n  \"status\": \"queued\",\r\n  \"state_file\": \"C:\\\\Users\\\\liang\\\\.agents\\\\skills\\\\keil\\\\.state\\\\jobs\\\\20260607_012936_e2b92b58.json\",\r\n  \"check_command\": \"py -3 keil-cli.py job-status 20260607_012936_e2b92b58\",\r\n  \"hex_file_preview\": \"F:\\\\Work\\\\HWLAB-CASE-F103\\\\.worktree\\\\caserun-issue1020-case2-r7-20260606-172930\\\\projects\\\\01_baseline\\\\Output\\\\atk_f103.hex\",\r\n  \"axf_file_preview\": \"F:\\\\Work\\\\HWLAB-CASE-F103\\\\.worktree\\\\caserun-issue1020-case2-r7-20260606-172930\\\\projects\\\\01_baseline\\\\Output\\\\atk_f103.axf\"\r\n}\r\n",
              "stderr": "",
              "ok": true,
              "commandResolution": {
                "requested": "py",
                "command": "py",
                "resolved": false,
                "source": "process-path",
                "candidates": []
              }
            }
          }
        ]
      }
    },
    "keilJob": {
      "status": "completed",
      "returnCode": 0,
      "success": true,
      "artifacts": [
        "F:\\Work\\HWLAB-CASE-F103\\.worktree\\caserun-issue1020-case2-r7-20260606-172930\\projects\\01_baseline\\Output\\atk_f103.hex",
        "F:\\Work\\HWLAB-CASE-F103\\.worktree\\caserun-issue1020-case2-r7-20260606-172930\\projects\\01_baseline\\Output\\atk_f103.axf"
      ],
      "raw": {
        "job_id": "20260607_012936_e2b92b58",
        "command": "build",
        "status": "completed",
        "created_at": "2026-06-07T01:29:36.880514",
        "started_at": "2026-06-07T01:29:37.068756",
        "finished_at": "2026-06-07T01:29:39.087046",
        "return_code": 0,
        "success": true,
        "params": {
          "project": "F:\\Work\\HWLAB-CASE-F103\\.worktree\\caserun-issue1020-case2-r7-20260606-172930\\projects\\01_baseline\\Projects\\MDK-ARM\\atk_f103.uvprojx",
          "programmer": null,
          "probe": null,
          "target": "USART",
          "program_backend": null,
          "erase_mode": null
        },
        "result": {
          "return_code": 0,
          "success": true,
          "message": "Build completed successfully",
          "hex_file": "F:\\Work\\HWLAB-CASE-F103\\.worktree\\caserun-issue1020-case2-r7-20260606-172930\\projects\\01_baseline\\Output\\atk_f103.hex",
          "axf_file": "F:\\Work\\HWLAB-CASE-F103\\.worktree\\caserun-issue1020-case2-r7-20260606-172930\\projects\\01_baseline\\Output\\atk_f103.axf",
          "warning_count": 0,
          "target": "USART",
          "shared_output_cleanup": {
            "performed": false,
            "patterns": [],
            "removed_count": 0,
            "removed_files": []
          },
          "cleared_build_state_file": null,
          "build_state_file": "F:\\Work\\HWLAB-CASE-F103\\.worktree\\caserun-issue1020-case2-r7-20260606-172930\\projects\\01_baseline\\Projects\\MDK-ARM\\output\\.keil_target_build_state.json",
          "_log_file": "C:\\Users\\liang\\.agents\\skills\\keil\\logs\\20260607\\keil_build_20260607_012937.jsonl"
        },
        "log_file": "C:\\Users\\liang\\.agents\\skills\\keil\\logs\\20260607\\keil_build_20260607_012937.jsonl",
        "runner": {
          "argv": [
            "C:\\Users\\liang\\AppData\\Local\\Microsoft\\WindowsApps\\PythonSoftwareFoundation.Python.3.13_qbz5n2kfra8p0\\python.exe",
            "C:\\Users\\liang\\.agents\\skills\\keil\\keil-cli.py",
            "__job-runner",
            "--job-id",
            "20260607_012936_e2b92b58",
            "--target-command",
            "build",
            "--project",
            "F:\\Work\\HWLAB-CASE-F103\\.worktree\\caserun-issue1020-case2-r7-20260606-172930\\projects\\01_baseline\\Projects\\MDK-ARM\\atk_f103.uvprojx",
            "--target",
            "USART"
          ],
          "cwd": "C:\\Users\\liang\\.agents\\skills\\keil",
          "stdout_file": "C:\\Users\\liang\\.agents\\skills\\keil\\.state\\job-logs\\20260607_012936_e2b92b58.stdout.txt",
          "stderr_file": "C:\\Users\\liang\\.agents\\skills\\keil\\.state\\job-logs\\20260607_012936_e2b92b58.stderr.txt",
          "launched_at": "2026-06-07T01:29:36.882929",
          "pid": 119012
        },
        "state_file": "C:\\Users\\liang\\.agents\\skills\\keil\\.state\\jobs\\20260607_012936_e2b92b58.json",
        "runner_pid": 119012,
        "heartbeat_at": "2026-06-07T01:29:39.087048",
        "phase": "completed"
      },
      "jobId": "20260607_012936_e2b92b58",
      "polls": 2,
      "timedOut": false
    },
    "artifacts": [
      "F:\\Work\\HWLAB-CASE-F103\\.worktree\\caserun-issue1020-case2-r7-20260606-172930\\projects\\01_baseline\\Output\\atk_f103.hex",
      "F:\\Work\\HWLAB-CASE-F103\\.worktree\\caserun-issue1020-case2-r7-20260606-172930\\projects\\01_baseline\\Output\\atk_f103.axf"
    ],
    "decisions": {
      "autoEvaluation": false,
      "runnerPostAgentCompileCheck": "recorded",
      "reason": "flow-only run: CaseRun records agent, diff and compile evidence without auto-grading them"
    }
  }
}
