{
  "generatedAt": "2026-06-08T12:05:43.873Z",
  "cli": "hwlab-cli",
  "version": "0.2.0-client",
  "ok": true,
  "action": "case.run",
  "status": "completed",
  "caseId": "d601-f103-v2-arm2d-integration",
  "runId": "d601-f103-v2-arm2d-integration-20260608115850-6d880ebc",
  "runDir": "/root/hwlab-v02/.state/hwlab-cli/caserun/d601-f103-v2-arm2d-integration-20260608115850-6d880ebc",
  "compileOnly": true,
  "prepare": {
    "status": "prepared",
    "caseId": "d601-f103-v2-arm2d-integration",
    "runId": "d601-f103-v2-arm2d-integration-20260608115850-6d880ebc",
    "specPath": "/root/hwlab-v02/.state/hwlab-cli/caserun/d601-f103-v2-arm2d-integration-20260608115850-6d880ebc/.hwlab/hwpod-spec.yaml",
    "apiUrl": "http://74.48.78.17:19667",
    "subject": {
      "repoLocalPath": "F:\\Work\\HWLAB-CASE-F103",
      "commitId": "14a414da470013914b2a19229c36f2e9f8e2da4f",
      "worktreePath": "F:\\Work\\HWLAB-CASE-F103\\.worktree\\caserun-d601-f103-v2-arm2d-integration-20260608115850-6d880ebc"
    }
  },
  "agent": {
    "stageStatus": "failed",
    "baseUrl": "http://74.48.78.17:19666",
    "projectId": "prj_hwpod_workbench",
    "providerProfile": "deepseek",
    "conversationId": "cnv_case_d601-f103-v2-arm2d-integration_d601-f103-v2-arm2d-integration-20260608115850-6d880ebc",
    "sessionId": "ses_15a8a477-0f81-45d1-ade9-65d665b34b0d",
    "traceId": "trc_case_d601-f103-v2-arm2d-integration_3d052fa7dd27450b854b252bbebdb157",
    "promptPath": "/root/hwlab-v02/.state/hwlab-cli/caserun/d601-f103-v2-arm2d-integration-20260608115850-6d880ebc/agent-prompt.md",
    "promptSha256": "b717e6c87b352ae2103dd420b4aff7ec5ee41ba5d0b1f1ba3d287a4d569f44f0",
    "polls": 117,
    "timedOut": false,
    "timeoutMs": 1200000,
    "pollIntervalMs": 1000,
    "lastHttpStatus": 200,
    "nextPollCommand": "hwlab-cli client agent result trc_case_d601-f103-v2-arm2d-integration_3d052fa7dd27450b854b252bbebdb157",
    "traceCommand": "hwlab-cli client agent trace trc_case_d601-f103-v2-arm2d-integration_3d052fa7dd27450b854b252bbebdb157 --render web",
    "inspectCommand": "hwlab-cli client agent inspect --trace-id trc_case_d601-f103-v2-arm2d-integration_3d052fa7dd27450b854b252bbebdb157",
    "sessionCommand": "hwlab-cli client agent session status ses_15a8a477-0f81-45d1-ade9-65d665b34b0d",
    "traceLookup": {
      "source": "hwlab-cli.client.agent",
      "strategy": "id_plus_existing_cli",
      "note": "CaseRun records trace/session identity and reuses existing HWLAB Web-equivalent agent CLI for trace/result/inspect; it does not implement a separate trace query path.",
      "baseUrl": "http://74.48.78.17:19666",
      "traceId": "trc_case_d601-f103-v2-arm2d-integration_3d052fa7dd27450b854b252bbebdb157",
      "sessionId": "ses_15a8a477-0f81-45d1-ade9-65d665b34b0d",
      "conversationId": "cnv_case_d601-f103-v2-arm2d-integration_d601-f103-v2-arm2d-integration-20260608115850-6d880ebc",
      "commands": {
        "result": "hwlab-cli client agent result trc_case_d601-f103-v2-arm2d-integration_3d052fa7dd27450b854b252bbebdb157",
        "trace": "hwlab-cli client agent trace trc_case_d601-f103-v2-arm2d-integration_3d052fa7dd27450b854b252bbebdb157 --render web",
        "traceFull": "hwlab-cli client agent trace trc_case_d601-f103-v2-arm2d-integration_3d052fa7dd27450b854b252bbebdb157 --render web --full",
        "inspect": "hwlab-cli client agent inspect --trace-id trc_case_d601-f103-v2-arm2d-integration_3d052fa7dd27450b854b252bbebdb157",
        "sessionStatus": "hwlab-cli client agent session status ses_15a8a477-0f81-45d1-ade9-65d665b34b0d"
      }
    }
  },
  "agentTrace": {
    "traceId": "trc_case_d601-f103-v2-arm2d-integration_3d052fa7dd27450b854b252bbebdb157",
    "status": "result",
    "httpStatus": 200,
    "source": "hwlab-cli.client.agent.trace",
    "lookup": {
      "source": "hwlab-cli.client.agent",
      "strategy": "id_plus_existing_cli",
      "note": "CaseRun records trace/session identity and reuses existing HWLAB Web-equivalent agent CLI for trace/result/inspect; it does not implement a separate trace query path.",
      "baseUrl": "http://74.48.78.17:19666",
      "traceId": "trc_case_d601-f103-v2-arm2d-integration_3d052fa7dd27450b854b252bbebdb157",
      "sessionId": "ses_15a8a477-0f81-45d1-ade9-65d665b34b0d",
      "conversationId": "cnv_case_d601-f103-v2-arm2d-integration_d601-f103-v2-arm2d-integration-20260608115850-6d880ebc",
      "commands": {
        "result": "hwlab-cli client agent result trc_case_d601-f103-v2-arm2d-integration_3d052fa7dd27450b854b252bbebdb157",
        "trace": "hwlab-cli client agent trace trc_case_d601-f103-v2-arm2d-integration_3d052fa7dd27450b854b252bbebdb157 --render web",
        "traceFull": "hwlab-cli client agent trace trc_case_d601-f103-v2-arm2d-integration_3d052fa7dd27450b854b252bbebdb157 --render web --full",
        "inspect": "hwlab-cli client agent inspect --trace-id trc_case_d601-f103-v2-arm2d-integration_3d052fa7dd27450b854b252bbebdb157",
        "sessionStatus": "hwlab-cli client agent session status ses_15a8a477-0f81-45d1-ade9-65d665b34b0d"
      }
    },
    "sourceEventCount": 6000,
    "renderedRowCount": 155,
    "commandCount": 82,
    "hwpodCommandCount": 3,
    "hwpodBuildCommandCount": 0,
    "keilJobCandidates": [
      "20260608_200107_f1efc00b",
      "20260608_200204_42ce65c9",
      "20260608_200425_c14bfe98"
    ],
    "agentBuildJobIds": [],
    "commands": [
      {
        "source": "trace-row",
        "seq": 14390,
        "rowId": "tool:call_00_r4Hk9CibiTlKiWmE3e6I2919",
        "header": "11:59:10 total=00:00:10 ok commandExecution",
        "command": "hwpod-ctl spec validate 2>&1",
        "normalizedCommand": "hwpod-ctl spec validate 2>&1",
        "bodyPreview": "hwpod-ctl spec validate 2>&1\nstdout:\n/bin/sh: hwpod-ctl: not found\nexitCode=127",
        "exitCode": 127
      },
      {
        "source": "trace-row",
        "seq": 14392,
        "rowId": "tool:call_00_68dbSRVqedB13mo3Tw5w3754",
        "header": "11:59:12 total=00:00:11 ok commandExecution",
        "command": "hwpod inspect 2>&1",
        "normalizedCommand": "hwpod inspect 2>&1",
        "bodyPreview": "hwpod inspect 2>&1\nstdout:\n/bin/sh: hwpod: not found\nexitCode=127",
        "exitCode": 127
      },
      {
        "source": "trace-row",
        "seq": 14162,
        "rowId": "tool:call_00_jJrN54vtQQtICCoFNDYD8900",
        "header": "11:59:53 total=00:00:53 ok commandExecution",
        "command": "export HWLAB_HWPOD_ID='d601-f103-v2' && export HWLAB_HWPOD_WORKSPACE_PATH='F:\\Work\\HWLAB-CASE-F103\\.worktree\\caserun-d601-f103-v2-arm2d-integration-20260608115850-6d880ebc' && tools/hwpod workspace rg \"arm_2d\" \"projects/01_baseline/Projects/MDK-ARM\" --max-matches 30 2>&1",
        "normalizedCommand": "export HWLAB_HWPOD_ID='d601-f103-v2' && export HWLAB_HWPOD_WORKSPACE_PATH='F:\\Work\\HWLAB-CASE-F103\\.worktree\\caserun-d601-f103-v2-arm2d-integration-20260608115850-6d880ebc' && tools/hwpod workspace rg \"arm_2d\" \"projects/01_baseline/Projects/MDK-ARM\" --max-matches 30 2>&1",
        "bodyPreview": "export HWLAB_HWPOD_ID='d601-f103-v2' && export HWLAB_HWPOD_WORKSPACE_PATH='F:\\Work\\HWLAB-CASE-F103\\.worktree\\caserun-d601-f103-v2-arm2d-integration-20260608115850-6d880ebc' && tools/hwpod workspace rg \"arm_2d\" \"projects/01_baseline/Projects/MDK-ARM\" --max-matches 30 2>&1\nstdout:\n{ \"ok\": true, \"action\": \"hwpod-cli.invoke\", \"status\": \"completed\", \"specPath\": \"hwpod://d601-f103-v2\", \"hwpodId\": \"d601-f103-v2\", \"specAuthority\": \"preinstalled-verified-spec\", \"intent\": \"workspace.rg\", \"contractVersion\": \"hwpod-node-ops-v1\", \"compilerInvocation\": { \"compiler\": \"hwpod-compiler-cli\", \"mode\": \"in-process\", \"entrypoint\": \"tools/src/hwpod-harness-lib.ts\", \"argv\": [ \"compile\", \"--hwpod-id\", \"d601-f103-v2\", \"--intent\", \"workspace.rg\", \"--args\", \"<json>\" ], \"exitCode\": 0, \"action\": \"hwpod-compiler.compile\", \"contractVersion\": \"hwpod-node-ops-v1\", \"planId\": \"hwpod_plan_057fa946-842...\nexitCode=0",
        "exitCode": 0
      },
      {
        "source": "trace-row",
        "seq": 14167,
        "rowId": "tool:call_00_sPmvy1YaBX6koX7clLHh3124",
        "header": "11:59:56 total=00:00:56 ok commandExecution",
        "command": "export HWLAB_HWPOD_ID='d601-f103-v2' && export HWLAB_HWPOD_WORKSPACE_PATH='F:\\Work\\HWLAB-CASE-F103\\.worktree\\caserun-d601-f103-v2-arm2d-integration-20260608115850-6d880ebc' && tools/hwpod workspace rg \"Arm-2D.*include\" \"projects/01_baseline/Projects/MDK-ARM/atk_f103.uvprojx\" 2>&1",
        "normalizedCommand": "export HWLAB_HWPOD_ID='d601-f103-v2' && export HWLAB_HWPOD_WORKSPACE_PATH='F:\\Work\\HWLAB-CASE-F103\\.worktree\\caserun-d601-f103-v2-arm2d-integration-20260608115850-6d880ebc' && tools/hwpod workspace rg \"Arm-2D.*include\" \"projects/01_baseline/Projects/MDK-ARM/atk_f103.uvprojx\" 2>&1",
        "bodyPreview": "export HWLAB_HWPOD_ID='d601-f103-v2' && export HWLAB_HWPOD_WORKSPACE_PATH='F:\\Work\\HWLAB-CASE-F103\\.worktree\\caserun-d601-f103-v2-arm2d-integration-20260608115850-6d880ebc' && tools/hwpod workspace rg \"Arm-2D.*include\" \"projects/01_baseline/Projects/MDK-ARM/atk_f103.uvprojx\" 2>&1\nstdout:\n{ \"ok\": true, \"action\": \"hwpod-cli.invoke\", \"status\": \"completed\", \"specPath\": \"hwpod://d601-f103-v2\", \"hwpodId\": \"d601-f103-v2\", \"specAuthority\": \"preinstalled-verified-spec\", \"intent\": \"workspace.rg\", \"contractVersion\": \"hwpod-node-ops-v1\", \"compilerInvocation\": { \"compiler\": \"hwpod-compiler-cli\", \"mode\": \"in-process\", \"entrypoint\": \"tools/src/hwpod-harness-lib.ts\", \"argv\": [ \"compile\", \"--hwpod-id\", \"d601-f103-v2\", \"--intent\", \"workspace.rg\", \"--args\", \"<json>\" ], \"exitCode\": 0, \"action\": \"hwpod-compiler.compile\", \"contractVersion\": \"hwpod-node-ops-v1\", \"planId\": \"hwpod_plan_d946e91b-c45...\nexitCode=0",
        "exitCode": 0
      },
      {
        "source": "trace-row",
        "seq": 14170,
        "rowId": "tool:call_00_dCHeMBm0M8RjuPThhT0j5510",
        "header": "11:59:59 total=00:00:58 ok commandExecution",
        "command": "export HWLAB_HWPOD_ID='d601-f103-v2' && export HWLAB_HWPOD_WORKSPACE_PATH='F:\\Work\\HWLAB-CASE-F103\\.worktree\\caserun-d601-f103-v2-arm2d-integration-20260608115850-6d880ebc' && tools/hwpod workspace rg \"IncludePath\" \"projects/01_baseline/Projects/MDK-ARM/atk_f103.uvprojx\" --max-matches 20 2>&1",
        "normalizedCommand": "export HWLAB_HWPOD_ID='d601-f103-v2' && export HWLAB_HWPOD_WORKSPACE_PATH='F:\\Work\\HWLAB-CASE-F103\\.worktree\\caserun-d601-f103-v2-arm2d-integration-20260608115850-6d880ebc' && tools/hwpod workspace rg \"IncludePath\" \"projects/01_baseline/Projects/MDK-ARM/atk_f103.uvprojx\" --max-matches 20 2>&1",
        "bodyPreview": "export HWLAB_HWPOD_ID='d601-f103-v2' && export HWLAB_HWPOD_WORKSPACE_PATH='F:\\Work\\HWLAB-CASE-F103\\.worktree\\caserun-d601-f103-v2-arm2d-integration-20260608115850-6d880ebc' && tools/hwpod workspace rg \"IncludePath\" \"projects/01_baseline/Projects/MDK-ARM/atk_f103.uvprojx\" --max-matches 20 2>&1\nstdout:\n{ \"ok\": true, \"action\": \"hwpod-cli.invoke\", \"status\": \"completed\", \"specPath\": \"hwpod://d601-f103-v2\", \"hwpodId\": \"d601-f103-v2\", \"specAuthority\": \"preinstalled-verified-spec\", \"intent\": \"workspace.rg\", \"contractVersion\": \"hwpod-node-ops-v1\", \"compilerInvocation\": { \"compiler\": \"hwpod-compiler-cli\", \"mode\": \"in-process\", \"entrypoint\": \"tools/src/hwpod-harness-lib.ts\", \"argv\": [ \"compile\", \"--hwpod-id\", \"d601-f103-v2\", \"--intent\", \"workspace.rg\", \"--args\", \"<json>\" ], \"exitCode\": 0, \"action\": \"hwpod-compiler.compile\", \"contractVersion\": \"hwpod-node-ops-v1\", \"planId\": \"hwpod_plan_217d4b94-c01...\nexitCode=0",
        "exitCode": 0
      },
      {
        "source": "trace-row",
        "seq": 14173,
        "rowId": "tool:call_00_aMN5tvPHJge4fnGbxPJO1223",
        "header": "12:00:04 total=00:01:03 ok commandExecution",
        "command": "export HWLAB_HWPOD_ID='d601-f103-v2' && export HWLAB_HWPOD_WORKSPACE_PATH='F:\\Work\\HWLAB-CASE-F103\\\\.worktree\\caserun-d601-f103-v2-arm2d-integration-20260608115850-6d880ebc' && tools/hwpod workspace rg \"arm_2d_color_rgb565_t|arm_2d_rgb16_fill_colour|ARM_2D_OP_WAIT_ASYNC|arm_2d_op_wait\" \"projects/01_baseline/User\" --max-matches 20 2>&1",
        "normalizedCommand": "export HWLAB_HWPOD_ID='d601-f103-v2' && export HWLAB_HWPOD_WORKSPACE_PATH='F:\\Work\\HWLAB-CASE-F103\\\\.worktree\\caserun-d601-f103-v2-arm2d-integration-20260608115850-6d880ebc' && tools/hwpod workspace rg \"arm_2d_color_rgb565_t|arm_2d_rgb16_fill_colour|ARM_2D_OP_WAIT_ASYNC|arm_2d_op_wait\" \"projects/01_baseline/User\" --max-matches 20 2>&1",
        "bodyPreview": "export HWLAB_HWPOD_ID='d601-f103-v2' && export HWLAB_HWPOD_WORKSPACE_PATH='F:\\Work\\HWLAB-CASE-F103\\\\.worktree\\caserun-d601-f103-v2-arm2d-integration-20260608115850-6d880ebc' && tools/hwpod workspace rg \"arm_2d_color_rgb565_t|arm_2d_rgb16_fill_colour|ARM_2D_OP_WAIT_ASYNC|arm_2d_op_wait\" \"projects/01_baseline/User\" --max-matches 20 2>&1\nstdout:\n{ \"ok\": false, \"action\": \"hwpod-cli.invoke\", \"status\": \"blocked\", \"specPath\": \"hwpod://d601-f103-v2\", \"hwpodId\": \"d601-f103-v2\", \"specAuthority\": \"preinstalled-verified-spec\", \"intent\": \"workspace.rg\", \"contractVersion\": \"hwpod-node-ops-v1\", \"compilerInvocation\": { \"compiler\": \"hwpod-compiler-cli\", \"mode\": \"in-process\", \"entrypoint\": \"tools/src/hwpod-harness-lib.ts\", \"argv\": [ \"compile\", \"--hwpod-id\", \"d601-f103-v2\", \"--intent\", \"workspace.rg\", \"--args\", \"<json>\" ], \"exitCode\": 0, \"action\": \"hwpod-compiler.compile\", \"contractVersion\": \"hwpod-node-ops-v1\", \"planId\": \"hwpod_plan_3e9e0b94-72d8...\nexitCode=1",
        "exitCode": 1
      },
      {
        "source": "trace-row",
        "seq": 14179,
        "rowId": "tool:call_00_wFEfuuzoGQj3D7Xt8fFZ4167",
        "header": "12:00:08 total=00:01:07 ok commandExecution",
        "command": "export HWLAB_HWPOD_ID='d601-f103-v2' && export HWLAB_HWPOD_WORKSPACE_PATH='F:\\Work\\HWLAB-CASE-F103\\.worktree\\caserun-d601-f103-v2-arm2d-integration-20260608115850-6d880ebc' && tools/hwpod workspace cat \"projects/01_baseline/User/d601_lcd.c\" 2>&1",
        "normalizedCommand": "export HWLAB_HWPOD_ID='d601-f103-v2' && export HWLAB_HWPOD_WORKSPACE_PATH='F:\\Work\\HWLAB-CASE-F103\\.worktree\\caserun-d601-f103-v2-arm2d-integration-20260608115850-6d880ebc' && tools/hwpod workspace cat \"projects/01_baseline/User/d601_lcd.c\" 2>&1",
        "bodyPreview": "export HWLAB_HWPOD_ID='d601-f103-v2' && export HWLAB_HWPOD_WORKSPACE_PATH='F:\\Work\\HWLAB-CASE-F103\\.worktree\\caserun-d601-f103-v2-arm2d-integration-20260608115850-6d880ebc' && tools/hwpod workspace cat \"projects/01_baseline/User/d601_lcd.c\" 2>&1\nstdout:\n{ \"ok\": true, \"action\": \"hwpod-cli.invoke\", \"status\": \"completed\", \"specPath\": \"hwpod://d601-f103-v2\", \"hwpodId\": \"d601-f103-v2\", \"specAuthority\": \"preinstalled-verified-spec\", \"intent\": \"workspace.cat\", \"contractVersion\": \"hwpod-node-ops-v1\", \"compilerInvocation\": { \"compiler\": \"hwpod-compiler-cli\", \"mode\": \"in-process\", \"entrypoint\": \"tools/src/hwpod-harness-lib.ts\", \"argv\": [ \"compile\", \"--hwpod-id\", \"d601-f103-v2\", \"--intent\", \"workspace.cat\", \"--args\", \"<json>\" ], \"exitCode\": 0, \"action\": \"hwpod-compiler.compile\", \"contractVersion\": \"hwpod-node-ops-v1\", \"planId\": \"hwpod_plan_c6104feb-4...\nexitCode=0",
        "exitCode": 0
      },
      {
        "source": "trace-row",
        "seq": 14185,
        "rowId": "tool:call_00_iN7aWhNQTeUIrCV2SJFG9679",
        "header": "12:00:15 total=00:01:15 ok commandExecution",
        "command": "export HWLAB_HWPOD_ID='d601-f103-v2' && export HWLAB_HWPOD_WORKSPACE_PATH='F:\\Work\\HWLAB-CASE-F103\\.worktree\\caserun-d601-f103-v2-arm2d-integration-20260608115850-6d880ebc' && tools/hwpod workspace insert-after \\ --path \"projects/01_baseline/User/main.c\" \\ --anchor '#include \"d601_lcd.h\"' \\ --line '#include \"d601_arm2d_demo.h\"' \\ --expected-sha '' 2>&1",
        "normalizedCommand": "export HWLAB_HWPOD_ID='d601-f103-v2' && export HWLAB_HWPOD_WORKSPACE_PATH='F:\\Work\\HWLAB-CASE-F103\\.worktree\\caserun-d601-f103-v2-arm2d-integration-20260608115850-6d880ebc' && tools/hwpod workspace insert-after \\ --path \"projects/01_baseline/User/main.c\" \\ --anchor '#include \"d601_lcd.h\"' \\ --line '#include \"d601_arm2d_demo.h\"' \\ --expected-sha '' 2>&1",
        "bodyPreview": "export HWLAB_HWPOD_ID='d601-f103-v2' && export HWLAB_HWPOD_WORKSPACE_PATH='F:\\Work\\HWLAB-CASE-F103\\.worktree\\caserun-d601-f103-v2-arm2d-integration-20260608115850-6d880ebc' && tools/hwpod workspace insert-after \\ --path \"projects/01_baseline/User/main.c\" \\ --anchor '#include \"d601_lcd.h\"' \\ --line '#include \"d601_arm2d_demo.h\"' \\ --expected-sha '' 2>&1\nstdout:\n{ \"ok\": true, \"action\": \"hwpod-cli.invoke\", \"status\": \"completed\", \"specPath\": \"hwpod://d601-f103-v2\", \"hwpodId\": \"d601-f103-v2\", \"specAuthority\": \"preinstalled-verified-spec\", \"intent\": \"workspace.insert-after\", \"contractVersion\": \"hwpod-node-ops-v1\", \"compilerInvocation\": { \"compiler\": \"hwpod-compiler-cli\", \"mode\": \"in-process\", \"entrypoint\": \"tools/src/hwpod-harness-lib.ts\", \"argv\": [ \"compile\", \"--hwpod-id\", \"d601-f103-v2\", \"--intent\", \"workspace.insert-after\", \"--args\", \"<json>\" ], \"exitCode\": 0, \"action\": \"hwpod-compiler.compile\", \"contractVersion\": \"hwpod-node-ops-v1\", \"planId\": \"hwp...\nexitCode=0",
        "exitCode": 0
      },
      {
        "source": "trace-row",
        "seq": 14189,
        "rowId": "tool:call_00_G6hgmSPtLpM8R7I3BihI1468",
        "header": "12:00:19 total=00:01:18 ok commandExecution",
        "command": "export HWLAB_HWPOD_ID='d601-f103-v2' && export HWLAB_HWPOD_WORKSPACE_PATH='F:\\Work\\HWLAB-CASE-F103\\.worktree\\caserun-d601-f103-v2-arm2d-integration-20260608115850-6d880ebc' && tools/hwpod workspace insert-after \\ --path \"projects/01_baseline/User/main.c\" \\ --anchor 'd601_gpio_init()' \\ --line ' d601_arm2d_demo_show();' \\ --expected-sha '605f070b9364e63761d183834413b8b5f2c9b583963e52b4bd24997ef6d17d91' 2>&1",
        "normalizedCommand": "export HWLAB_HWPOD_ID='d601-f103-v2' && export HWLAB_HWPOD_WORKSPACE_PATH='F:\\Work\\HWLAB-CASE-F103\\.worktree\\caserun-d601-f103-v2-arm2d-integration-20260608115850-6d880ebc' && tools/hwpod workspace insert-after \\ --path \"projects/01_baseline/User/main.c\" \\ --anchor 'd601_gpio_init()' \\ --line ' d601_arm2d_demo_show();' \\ --expected-sha '605f070b9364e63761d183834413b8b5f2c9b583963e52b4bd24997ef6d17d91' 2>&1",
        "bodyPreview": "export HWLAB_HWPOD_ID='d601-f103-v2' && export HWLAB_HWPOD_WORKSPACE_PATH='F:\\Work\\HWLAB-CASE-F103\\.worktree\\caserun-d601-f103-v2-arm2d-integration-20260608115850-6d880ebc' && tools/hwpod workspace insert-after \\ --path \"projects/01_baseline/User/main.c\" \\ --anchor 'd601_gpio_init()' \\ --line ' d601_arm2d_demo_show();' \\ --expected-sha '605f070b9364e63761d183834413b8b5f2c9b583963e52b4bd24997ef6d17d91' 2>&1\nstdout:\n{ \"ok\": true, \"action\": \"hwpod-cli.invoke\", \"status\": \"completed\", \"specPath\": \"hwpod://d601-f103-v2\", \"hwpodId\": \"d601-f103-v2\", \"specAuthority\": \"preinstalled-verified-spec\", \"intent\": \"workspace.insert-after\", \"contractVersion\": \"hwpod-node-ops-v1\", \"compilerInvocation\": { \"compiler\": \"hwpod-compiler-cli\", \"mode\": \"in-process\", \"entrypoint\": \"tools/src/hwpod-harness-lib.ts\", \"argv\": [ \"compile\", \"--hwpod-id\", \"d601-f103-v2\", \"--intent\", \"workspace.insert-after\", \"--args\", \"<json>\" ], \"exitCode\": 0, \"action\": \"hwpod-compiler.compile\", \"contractVersion\": \"hwpod-node-ops-v1\", \"planId\": \"hwp...\nexitCode=0",
        "exitCode": 0
      },
      {
        "source": "trace-row",
        "seq": 14192,
        "rowId": "tool:call_00_oaEDzYEMJr6RQsAgTBu31630",
        "header": "12:00:22 total=00:01:22 ok commandExecution",
        "command": "export HWLAB_HWPOD_ID='d601-f103-v2' && export HWLAB_HWPOD_WORKSPACE_PATH='F:\\Work\\HWLAB-CASE-F103\\.worktree\\caserun-d601-f103-v2-arm2d-integration-20260608115850-6d880ebc' && tools/hwpod workspace insert-after \\ --path \"projects/01_baseline/User/main.c\" \\ --anchor 'jsonrpc_process()' \\ --line ' d601_arm2d_demo_task();' \\ --expected-sha '9c3af8efd2bd875be45aeccf9a8df1be602698a16417872f4b59fc1baaeaf338' 2>&1",
        "normalizedCommand": "export HWLAB_HWPOD_ID='d601-f103-v2' && export HWLAB_HWPOD_WORKSPACE_PATH='F:\\Work\\HWLAB-CASE-F103\\.worktree\\caserun-d601-f103-v2-arm2d-integration-20260608115850-6d880ebc' && tools/hwpod workspace insert-after \\ --path \"projects/01_baseline/User/main.c\" \\ --anchor 'jsonrpc_process()' \\ --line ' d601_arm2d_demo_task();' \\ --expected-sha '9c3af8efd2bd875be45aeccf9a8df1be602698a16417872f4b59fc1baaeaf338' 2>&1",
        "bodyPreview": "export HWLAB_HWPOD_ID='d601-f103-v2' && export HWLAB_HWPOD_WORKSPACE_PATH='F:\\Work\\HWLAB-CASE-F103\\.worktree\\caserun-d601-f103-v2-arm2d-integration-20260608115850-6d880ebc' && tools/hwpod workspace insert-after \\ --path \"projects/01_baseline/User/main.c\" \\ --anchor 'jsonrpc_process()' \\ --line ' d601_arm2d_demo_task();' \\ --expected-sha '9c3af8efd2bd875be45aeccf9a8df1be602698a16417872f4b59fc1baaeaf338' 2>&1\nstdout:\n{ \"ok\": true, \"action\": \"hwpod-cli.invoke\", \"status\": \"completed\", \"specPath\": \"hwpod://d601-f103-v2\", \"hwpodId\": \"d601-f103-v2\", \"specAuthority\": \"preinstalled-verified-spec\", \"intent\": \"workspace.insert-after\", \"contractVersion\": \"hwpod-node-ops-v1\", \"compilerInvocation\": { \"compiler\": \"hwpod-compiler-cli\", \"mode\": \"in-process\", \"entrypoint\": \"tools/src/hwpod-harness-lib.ts\", \"argv\": [ \"compile\", \"--hwpod-id\", \"d601-f103-v2\", \"--intent\", \"workspace.insert-after\", \"--args\", \"<json>\" ], \"exitCode\": 0, \"action\": \"hwpod-compiler.compile\", \"contractVersion\": \"hwpod-node-ops-v1\", \"planId\": \"hwp...\nexitCode=0",
        "exitCode": 0
      },
      {
        "source": "trace-row",
        "seq": 14197,
        "rowId": "tool:call_00_vPTkM9viKu7DUkIAcNXz8436",
        "header": "12:00:39 total=00:01:38 ok commandExecution",
        "command": "\"export HWLAB_HWPOD_ID='d601-f103-v2' && export HWLAB_HWPOD_WORKSPACE_PATH='F:\\Work\\HWLAB-CASE-F103\\.worktree\\caserun-d601-f103-v2-arm2d-integration-20260608115850-6d880ebc' && tools/hwpod workspace write \\ --path \"projects/01_baseline/User/d601_arm2d_demo.c\" \\ --content \"'$'\"'#include \"d601_arm2d_demo.h\"\\n#include \"d601_lcd.h\"\\n#include \"stm32f1xx_hal.h\"\\n#include \"arm_2d.h\"\\n\\n#include <stdint.h>\\n#include <string.h>\\n\\n#define D601_ARM2D_PFB_WIDTH 240U\\n#define D601_ARM2D_PFB_LINES 32U\\n\\n#define D601_RGB565(__R, __G, __B) \\\\\\\\\\n (uint16_t)((((uint16_t)(__R) & 0xF8U) << 8) | (((uint16_t)(__G) & 0xFCU) << 3) | ((uint16_t)(__B) >> 3))\\n\\n#define D601_C_BG D601_RGB565(2, 12, 28)\\n#define D601_C_BANNER D601_RGB565(6, 76, 118)\\n#define D601_C_CARD D601_RGB565(8, 36, 54)\\n#define D601_C_PANEL D601_RGB565(18, 34, 40)\\n#define D601_C_FOOT D...",
        "normalizedCommand": "export HWLAB_HWPOD_ID='d601-f103-v2' && export HWLAB_HWPOD_WORKSPACE_PATH='F:\\Work\\HWLAB-CASE-F103\\.worktree\\caserun-d601-f103-v2-arm2d-integration-20260608115850-6d880ebc' && tools/hwpod workspace write \\ --path \"projects/01_baseline/User/d601_arm2d_demo.c\" \\ --content \"'$'\"'#include \"d601_arm2d_demo.h\"\\n#include \"d601_lcd.h\"\\n#include \"stm32f1xx_hal.h\"\\n#include \"arm_2d.h\"\\n\\n#include <stdint.h>\\n#include <string.h>\\n\\n#define D601_ARM2D_PFB_WIDTH 240U\\n#define D601_ARM2D_PFB_LINES 32U\\n\\n#define D601_RGB565(__R, __G, __B) \\\\\\\\\\n (uint16_t)((((uint16_t)(__R) & 0xF8U) << 8) | (((uint16_t)(__G) & 0xFCU) << 3) | ((uint16_t)(__B) >> 3))\\n\\n#define D601_C_BG D601_RGB565(2, 12, 28)\\n#define D601_C_BANNER D601_RGB565(6, 76, 118)\\n#define D601_C_CARD D601_RGB565(8, 36, 54)\\n#define D601_C_PANEL D601_RGB565(18, 34, 40)\\n#define D601_C_FOOT D...",
        "bodyPreview": "\"export HWLAB_HWPOD_ID='d601-f103-v2' && export HWLAB_HWPOD_WORKSPACE_PATH='F:\\Work\\HWLAB-CASE-F103\\.worktree\\caserun-d601-f103-v2-arm2d-integration-20260608115850-6d880ebc' && tools/hwpod workspace write \\ --path \"projects/01_baseline/User/d601_arm2d_demo.c\" \\ --content \"'$'\"'#include \"d601_arm2d_demo.h\"\\n#include \"d601_lcd.h\"\\n#include \"stm32f1xx_hal.h\"\\n#include \"arm_2d.h\"\\n\\n#include <stdint.h>\\n#include <string.h>\\n\\n#define D601_ARM2D_PFB_WIDTH 240U\\n#define D601_ARM2D_PFB_LINES 32U\\n\\n#define D601_RGB565(__R, __G, __B) \\\\\\\\\\n (uint16_t)((((uint16_t)(__R) & 0xF8U) << 8) | (((uint16_t)(__G) & 0xFCU) << 3) | ((uint16_t)(__B) >> 3))\\n\\n#define D601_C_BG D601_RGB565(2, 12, 28)\\n#define D601_C_BANNER D601_RGB565(6, 76, 118)\\n#define D601_C_CARD D601_RGB565(8, 36, 54)\\n#define D601_C_PANEL D601_RGB565(18, 34, 40)\\n#define D601_C_FOOT D...\nstdout:\n/bin/sh: syntax error: unexpected \"(\"\nexitCode=2",
        "exitCode": 2
      },
      {
        "source": "trace-row",
        "seq": 14200,
        "rowId": "tool:call_00_Vyew6lh5ZQCnRogdon6e8605",
        "header": "12:00:52 total=00:01:51 ok commandExecution",
        "command": "\"export HWLAB_HWPOD_ID='d601-f103-v2' && export HWLAB_HWPOD_WORKSPACE_PATH='F:\\Work\\HWLAB-CASE-F103\\.worktree\\caserun-d601-f103-v2-arm2d-integration-20260608115850-6d880ebc' && cat > /tmp/d601_arm2d_demo.c << 'CODEEOF' #include \"d601_arm2d_demo.h\" #include \"d601_lcd.h\" #include \"stm32f1xx_hal.h\" #include \"arm_2d.h\" #include <stdint.h> #include <string.h> #define D601_ARM2D_PFB_WIDTH 240U #define D601_ARM2D_PFB_LINES 32U #define D601_RGB565(__R, __G, __B) \\ (uint16_t)((((uint16_t)(__R) & 0xF8U) << 8) | (((uint16_t)(__G) & 0xFCU) << 3) | ((uint16_t)(__B) >> 3)) #define D601_C_BG D601_RGB565(2, 12, 28) #define D601_C_BANNER D601_RGB565(6, 76, 118) #define D601_C_CARD D601_RGB565(8, 36, 54) #define D601_C_PANEL D601_RGB565(18, 34, 40) #define D601_C_FOOT D601_RGB565(4, 22, 34) #define D601_C_AMBER D601_RGB565(248, 188, 54) #define D601_C_GREEN D601_RGB565(44, 184,...",
        "normalizedCommand": "export HWLAB_HWPOD_ID='d601-f103-v2' && export HWLAB_HWPOD_WORKSPACE_PATH='F:\\Work\\HWLAB-CASE-F103\\.worktree\\caserun-d601-f103-v2-arm2d-integration-20260608115850-6d880ebc' && cat > /tmp/d601_arm2d_demo.c << 'CODEEOF' #include \"d601_arm2d_demo.h\" #include \"d601_lcd.h\" #include \"stm32f1xx_hal.h\" #include \"arm_2d.h\" #include <stdint.h> #include <string.h> #define D601_ARM2D_PFB_WIDTH 240U #define D601_ARM2D_PFB_LINES 32U #define D601_RGB565(__R, __G, __B) \\ (uint16_t)((((uint16_t)(__R) & 0xF8U) << 8) | (((uint16_t)(__G) & 0xFCU) << 3) | ((uint16_t)(__B) >> 3)) #define D601_C_BG D601_RGB565(2, 12, 28) #define D601_C_BANNER D601_RGB565(6, 76, 118) #define D601_C_CARD D601_RGB565(8, 36, 54) #define D601_C_PANEL D601_RGB565(18, 34, 40) #define D601_C_FOOT D601_RGB565(4, 22, 34) #define D601_C_AMBER D601_RGB565(248, 188, 54) #define D601_C_GREEN D601_RGB565(44, 184,...",
        "bodyPreview": "\"export HWLAB_HWPOD_ID='d601-f103-v2' && export HWLAB_HWPOD_WORKSPACE_PATH='F:\\Work\\HWLAB-CASE-F103\\.worktree\\caserun-d601-f103-v2-arm2d-integration-20260608115850-6d880ebc' && cat > /tmp/d601_arm2d_demo.c << 'CODEEOF' #include \"d601_arm2d_demo.h\" #include \"d601_lcd.h\" #include \"stm32f1xx_hal.h\" #include \"arm_2d.h\" #include <stdint.h> #include <string.h> #define D601_ARM2D_PFB_WIDTH 240U #define D601_ARM2D_PFB_LINES 32U #define D601_RGB565(__R, __G, __B) \\ (uint16_t)((((uint16_t)(__R) & 0xF8U) << 8) | (((uint16_t)(__G) & 0xFCU) << 3) | ((uint16_t)(__B) >> 3)) #define D601_C_BG D601_RGB565(2, 12, 28) #define D601_C_BANNER D601_RGB565(6, 76, 118) #define D601_C_CARD D601_RGB565(8, 36, 54) #define D601_C_PANEL D601_RGB565(18, 34, 40) #define D601_C_FOOT D601_RGB565(4, 22, 34) #define D601_C_AMBER D601_RGB565(248, 188, 54) #define D601_C_GREEN D601_RGB565(44, 184,...\nstdout:\nFile written, size: 5391 bytes\nexitCode=0",
        "exitCode": 0
      },
      {
        "source": "trace-row",
        "seq": 14966,
        "rowId": "tool:call_00_VzSnDbADDQceSmepbMD80663",
        "header": "12:03:56 total=00:04:55 ok commandExecution",
        "command": "export HWLAB_HWPOD_ID='d601-f103-v2' && export HWLAB_HWPOD_WORKSPACE_PATH='F:\\Work\\HWLAB-CASE-F103\\.worktree\\caserun-d601-f103-v2-arm2d-integration-20260608115850-6d880ebc' && tools/hwpod workspace cat \"projects/01_baseline/Middlewares/Arm-2D/Library/Include/arm_2d_types.h\" 2>&1 | grep -o 'arm_2d_region_t.*' | head -5",
        "normalizedCommand": "export HWLAB_HWPOD_ID='d601-f103-v2' && export HWLAB_HWPOD_WORKSPACE_PATH='F:\\Work\\HWLAB-CASE-F103\\.worktree\\caserun-d601-f103-v2-arm2d-integration-20260608115850-6d880ebc' && tools/hwpod workspace cat \"projects/01_baseline/Middlewares/Arm-2D/Library/Include/arm_2d_types.h\" 2>&1 | grep -o 'arm_2d_region_t.*' | head -5",
        "bodyPreview": "export HWLAB_HWPOD_ID='d601-f103-v2' && export HWLAB_HWPOD_WORKSPACE_PATH='F:\\Work\\HWLAB-CASE-F103\\.worktree\\caserun-d601-f103-v2-arm2d-integration-20260608115850-6d880ebc' && tools/hwpod workspace cat \"projects/01_baseline/Middlewares/Arm-2D/Library/Include/arm_2d_types.h\" 2>&1 | grep -o 'arm_2d_region_t.*' | head -5\nstdout:\narm_2d_region_t {\\r\\n implement_ex(arm_2d_location_t, tLocation); //!< the location (top-left corner)\\r\\n implement_ex(arm_2d_size_t, tSize); //!< the size\\r\\n} arm_2d_region_t;\\r\\n\\r\\n/*!\\r\\n * \\\\brief the tile extension ID \\r\\n * \\r\\n */\\r\\nenum {\\r\\n ARM_2D_TILE_EXTENSION_NONE = 0, //!< no extension in the tile.tInfo.Extension field\\r\\n ARM_2D_TILE_EXTENSION_PFB, //!< contains PFB extension information\\r\\n ARM_2D_TILE_EXTENSION_VRES, //!< contains Virtual resource extension information\\r\\n};\\r\\n\\r\\n/*!\\r\\n * \\\\brief a type for tile\\r\\n *\\r\\n */\\r\\ntypedef struct arm_2d_tile_t arm_2d_tile...\nexitCode=0",
        "exitCode": 0
      },
      {
        "source": "trace-row",
        "seq": 15272,
        "rowId": "tool:call_00_AhQClVOv7cqqggMfjod10652",
        "header": "12:03:59 total=00:04:59 ok commandExecution",
        "command": "export HWLAB_HWPOD_ID='d601-f103-v2' && export HWLAB_HWPOD_WORKSPACE_PATH='F:\\Work\\HWLAB-CASE-F103\\.worktree\\caserun-d601-f103-v2-arm2d-integration-20260608115850-6d880ebc' && tools/hwpod workspace rg \"#define implement_ex\" \"projects/01_baseline/Middlewares/Arm-2D/Library/Include\" --max-matches 5 2>&1",
        "normalizedCommand": "export HWLAB_HWPOD_ID='d601-f103-v2' && export HWLAB_HWPOD_WORKSPACE_PATH='F:\\Work\\HWLAB-CASE-F103\\.worktree\\caserun-d601-f103-v2-arm2d-integration-20260608115850-6d880ebc' && tools/hwpod workspace rg \"#define implement_ex\" \"projects/01_baseline/Middlewares/Arm-2D/Library/Include\" --max-matches 5 2>&1",
        "bodyPreview": "export HWLAB_HWPOD_ID='d601-f103-v2' && export HWLAB_HWPOD_WORKSPACE_PATH='F:\\Work\\HWLAB-CASE-F103\\.worktree\\caserun-d601-f103-v2-arm2d-integration-20260608115850-6d880ebc' && tools/hwpod workspace rg \"#define implement_ex\" \"projects/01_baseline/Middlewares/Arm-2D/Library/Include\" --max-matches 5 2>&1\nstdout:\n{ \"ok\": true, \"action\": \"hwpod-cli.invoke\", \"status\": \"completed\", \"specPath\": \"hwpod://d601-f103-v2\", \"hwpodId\": \"d601-f103-v2\", \"specAuthority\": \"preinstalled-verified-spec\", \"intent\": \"workspace.rg\", \"contractVersion\": \"hwpod-node-ops-v1\", \"compilerInvocation\": { \"compiler\": \"hwpod-compiler-cli\", \"mode\": \"in-process\", \"entrypoint\": \"tools/src/hwpod-harness-lib.ts\", \"argv\": [ \"compile\", \"--hwpod-id\", \"d601-f103-v2\", \"--intent\", \"workspace.rg\", \"--args\", \"<json>\" ], \"exitCode\": 0, \"action\": \"hwpod-compiler.compile\", \"contractVersion\": \"hwpod-node-ops-v1\", \"planId\": \"hwpod_plan_2396879f-ede...\nexitCode=0",
        "exitCode": 0
      },
      {
        "source": "trace-row",
        "seq": 15581,
        "rowId": "tool:call_00_9TmhaYdYDQGKaMgxe8G76072",
        "header": "12:04:03 total=00:05:03 ok commandExecution",
        "command": "export HWLAB_HWPOD_ID='d601-f103-v2' && export HWLAB_HWPOD_WORKSPACE_PATH='F:\\Work\\HWLAB-CASE-F103\\.worktree\\caserun-d601-f103-v2-arm2d-integration-20260608115850-6d880ebc' && tools/hwpod workspace rg \"__implement_ex\" \"projects/01_baseline/Middlewares/Arm-2D/Library/Include/arm_2d_utils.h\" --context 2 2>&1",
        "normalizedCommand": "export HWLAB_HWPOD_ID='d601-f103-v2' && export HWLAB_HWPOD_WORKSPACE_PATH='F:\\Work\\HWLAB-CASE-F103\\.worktree\\caserun-d601-f103-v2-arm2d-integration-20260608115850-6d880ebc' && tools/hwpod workspace rg \"__implement_ex\" \"projects/01_baseline/Middlewares/Arm-2D/Library/Include/arm_2d_utils.h\" --context 2 2>&1",
        "bodyPreview": "export HWLAB_HWPOD_ID='d601-f103-v2' && export HWLAB_HWPOD_WORKSPACE_PATH='F:\\Work\\HWLAB-CASE-F103\\.worktree\\caserun-d601-f103-v2-arm2d-integration-20260608115850-6d880ebc' && tools/hwpod workspace rg \"__implement_ex\" \"projects/01_baseline/Middlewares/Arm-2D/Library/Include/arm_2d_utils.h\" --context 2 2>&1\nstdout:\n{ \"ok\": true, \"action\": \"hwpod-cli.invoke\", \"status\": \"completed\", \"specPath\": \"hwpod://d601-f103-v2\", \"hwpodId\": \"d601-f103-v2\", \"specAuthority\": \"preinstalled-verified-spec\", \"intent\": \"workspace.rg\", \"contractVersion\": \"hwpod-node-ops-v1\", \"compilerInvocation\": { \"compiler\": \"hwpod-compiler-cli\", \"mode\": \"in-process\", \"entrypoint\": \"tools/src/hwpod-harness-lib.ts\", \"argv\": [ \"compile\", \"--hwpod-id\", \"d601-f103-v2\", \"--intent\", \"workspace.rg\", \"--args\", \"<json>\" ], \"exitCode\": 0, \"action\": \"hwpod-compiler.compile\", \"contractVersion\": \"hwpod-node-ops-v1\", \"planId\": \"hwpod_plan_a7bb899f-be9...\nexitCode=0",
        "exitCode": 0
      },
      {
        "source": "trace-row",
        "seq": 16827,
        "rowId": "tool:call_00_jeE4CY9Kv6Czl085a5oV3028",
        "header": "12:04:17 total=00:05:16 ok commandExecution",
        "command": "\"cat > /tmp/d601_arm2d_demo.c << 'CODEEOF' #include \"d601_arm2d_demo.h\" #include \"d601_lcd.h\" #include \"stm32f1xx_hal.h\" #include \"arm_2d.h\" #include <stdint.h> #include <string.h> #define D601_ARM2D_PFB_WIDTH 240U #define D601_ARM2D_PFB_LINES 32U #define D601_RGB565(__R, __G, __B) \\ (uint16_t)((((uint16_t)(__R) & 0xF8U) << 8) | (((uint16_t)(__G) & 0xFCU) << 3) | ((uint16_t)(__B) >> 3)) #define D601_C_BG D601_RGB565(2, 12, 28) #define D601_C_BANNER D601_RGB565(6, 76, 118) #define D601_C_CARD D601_RGB565(8, 36, 54) #define D601_C_PANEL D601_RGB565(18, 34, 40) #define D601_C_FOOT D601_RGB565(4, 22, 34) #define D601_C_AMBER D601_RGB565(248, 188, 54) #define D601_C_GREEN D601_RGB565(44, 184, 118) #define D601_C_CYAN D601_RGB565(42, 198, 216) #define D601_C_ORANGE D601_RGB565(238, 96, 54) static uint16_t s_pfb[D601_ARM2D_PFB_LINES][D601_ARM2D_PFB_WIDTH]; static uint8_t...",
        "normalizedCommand": "cat > /tmp/d601_arm2d_demo.c << 'CODEEOF' #include \"d601_arm2d_demo.h\" #include \"d601_lcd.h\" #include \"stm32f1xx_hal.h\" #include \"arm_2d.h\" #include <stdint.h> #include <string.h> #define D601_ARM2D_PFB_WIDTH 240U #define D601_ARM2D_PFB_LINES 32U #define D601_RGB565(__R, __G, __B) \\ (uint16_t)((((uint16_t)(__R) & 0xF8U) << 8) | (((uint16_t)(__G) & 0xFCU) << 3) | ((uint16_t)(__B) >> 3)) #define D601_C_BG D601_RGB565(2, 12, 28) #define D601_C_BANNER D601_RGB565(6, 76, 118) #define D601_C_CARD D601_RGB565(8, 36, 54) #define D601_C_PANEL D601_RGB565(18, 34, 40) #define D601_C_FOOT D601_RGB565(4, 22, 34) #define D601_C_AMBER D601_RGB565(248, 188, 54) #define D601_C_GREEN D601_RGB565(44, 184, 118) #define D601_C_CYAN D601_RGB565(42, 198, 216) #define D601_C_ORANGE D601_RGB565(238, 96, 54) static uint16_t s_pfb[D601_ARM2D_PFB_LINES][D601_ARM2D_PFB_WIDTH]; static uint8_t...",
        "bodyPreview": "\"cat > /tmp/d601_arm2d_demo.c << 'CODEEOF' #include \"d601_arm2d_demo.h\" #include \"d601_lcd.h\" #include \"stm32f1xx_hal.h\" #include \"arm_2d.h\" #include <stdint.h> #include <string.h> #define D601_ARM2D_PFB_WIDTH 240U #define D601_ARM2D_PFB_LINES 32U #define D601_RGB565(__R, __G, __B) \\ (uint16_t)((((uint16_t)(__R) & 0xF8U) << 8) | (((uint16_t)(__G) & 0xFCU) << 3) | ((uint16_t)(__B) >> 3)) #define D601_C_BG D601_RGB565(2, 12, 28) #define D601_C_BANNER D601_RGB565(6, 76, 118) #define D601_C_CARD D601_RGB565(8, 36, 54) #define D601_C_PANEL D601_RGB565(18, 34, 40) #define D601_C_FOOT D601_RGB565(4, 22, 34) #define D601_C_AMBER D601_RGB565(248, 188, 54) #define D601_C_GREEN D601_RGB565(44, 184, 118) #define D601_C_CYAN D601_RGB565(42, 198, 216) #define D601_C_ORANGE D601_RGB565(238, 96, 54) static uint16_t s_pfb[D601_ARM2D_PFB_LINES][D601_ARM2D_PFB_WIDTH]; static uint8_t...\nstdout:\nWritten: 5245 bytes\nexitCode=0",
        "exitCode": 0
      },
      {
        "source": "trace-row",
        "seq": 17142,
        "rowId": "tool:call_00_IcZRXsxpydOuQLzPXP2Y1806",
        "header": "12:04:19 total=00:05:19 ok commandExecution",
        "command": "export HWLAB_HWPOD_ID='d601-f103-v2' && export HWLAB_HWPOD_WORKSPACE_PATH='F:\\Work\\HWLAB-CASE-F103\\.worktree\\caserun-d601-f103-v2-arm2d-integration-20260608115850-6d880ebc' && base64 -w0 /tmp/d601_arm2d_demo.c > /tmp/d601_arm2d_demo.b64 && CONTENT=\"'$(cat /tmp/d601_arm2d_demo.b64) node -e \"const c=Buffer.from(process.env.CONTENT,'\"'base64').toString('utf-8'); require('fs').writeFileSync('/tmp/payload_write.txt',c); console.log('ok')\"",
        "normalizedCommand": "export HWLAB_HWPOD_ID='d601-f103-v2' && export HWLAB_HWPOD_WORKSPACE_PATH='F:\\Work\\HWLAB-CASE-F103\\.worktree\\caserun-d601-f103-v2-arm2d-integration-20260608115850-6d880ebc' && base64 -w0 /tmp/d601_arm2d_demo.c > /tmp/d601_arm2d_demo.b64 && CONTENT=\"'$(cat /tmp/d601_arm2d_demo.b64) node -e \"const c=Buffer.from(process.env.CONTENT,'\"'base64').toString('utf-8'); require('fs').writeFileSync('/tmp/payload_write.txt',c); console.log('ok')",
        "bodyPreview": "export HWLAB_HWPOD_ID='d601-f103-v2' && export HWLAB_HWPOD_WORKSPACE_PATH='F:\\Work\\HWLAB-CASE-F103\\.worktree\\caserun-d601-f103-v2-arm2d-integration-20260608115850-6d880ebc' && base64 -w0 /tmp/d601_arm2d_demo.c > /tmp/d601_arm2d_demo.b64 && CONTENT=\"'$(cat /tmp/d601_arm2d_demo.b64) node -e \"const c=Buffer.from(process.env.CONTENT,'\"'base64').toString('utf-8'); require('fs').writeFileSync('/tmp/payload_write.txt',c); console.log('ok')\"\nstdout:\nok\nexitCode=0",
        "exitCode": 0
      },
      {
        "source": "trace-row",
        "seq": 17461,
        "rowId": "tool:call_00_qZ48CwHSvkniAGN7aLX11095",
        "header": "12:04:23 total=00:05:22 ok commandExecution",
        "command": "export HWLAB_HWPOD_ID='d601-f103-v2' && export HWLAB_HWPOD_WORKSPACE_PATH='F:\\Work\\HWLAB-CASE-F103\\.worktree\\caserun-d601-f103-v2-arm2d-integration-20260608115850-6d880ebc' && tools/hwpod workspace write --path 'projects/01_baseline/User/d601_arm2d_demo.c' --content \"\"'$(cat /tmp/payload_write.txt)\" --expected-sha '\"'' 2>&1",
        "normalizedCommand": "export HWLAB_HWPOD_ID='d601-f103-v2' && export HWLAB_HWPOD_WORKSPACE_PATH='F:\\Work\\HWLAB-CASE-F103\\.worktree\\caserun-d601-f103-v2-arm2d-integration-20260608115850-6d880ebc' && tools/hwpod workspace write --path 'projects/01_baseline/User/d601_arm2d_demo.c' --content \"\"'$(cat /tmp/payload_write.txt)\" --expected-sha '\"'' 2>&1",
        "bodyPreview": "export HWLAB_HWPOD_ID='d601-f103-v2' && export HWLAB_HWPOD_WORKSPACE_PATH='F:\\Work\\HWLAB-CASE-F103\\.worktree\\caserun-d601-f103-v2-arm2d-integration-20260608115850-6d880ebc' && tools/hwpod workspace write --path 'projects/01_baseline/User/d601_arm2d_demo.c' --content \"\"'$(cat /tmp/payload_write.txt)\" --expected-sha '\"'' 2>&1\nstdout:\n{ \"ok\": true, \"action\": \"hwpod-cli.invoke\", \"status\": \"completed\", \"specPath\": \"hwpod://d601-f103-v2\", \"hwpodId\": \"d601-f103-v2\", \"specAuthority\": \"preinstalled-verified-spec\", \"intent\": \"workspace.write\", \"contractVersion\": \"hwpod-node-ops-v1\", \"compilerInvocation\": { \"compiler\": \"hwpod-compiler-cli\", \"mode\": \"in-process\", \"entrypoint\": \"tools/src/hwpod-harness-lib.ts\", \"argv\": [ \"compile\", \"--hwpod-id\", \"d601-f103-v2\", \"--intent\", \"workspace.write\", \"--args\", \"<json>\" ], \"exitCode\": 0, \"action\": \"hwpod-compiler.compile\", \"contractVersion\": \"hwpod-node-ops-v1\", \"planId\": \"hwpod_plan_9d9cf7...\nexitCode=0",
        "exitCode": 0
      },
      {
        "source": "trace-row",
        "seq": 17784,
        "rowId": "tool:call_00_6yLH6xmz7BZuV7YJgS3i7894",
        "header": "12:04:27 total=00:05:27 ok commandExecution",
        "command": "export HWLAB_HWPOD_ID='d601-f103-v2' && export HWLAB_HWPOD_WORKSPACE_PATH='F:\\Work\\HWLAB-CASE-F103\\.worktree\\caserun-d601-f103-v2-arm2d-integration-20260608115850-6d880ebc' && tools/hwpod build 2>&1",
        "normalizedCommand": "export HWLAB_HWPOD_ID='d601-f103-v2' && export HWLAB_HWPOD_WORKSPACE_PATH='F:\\Work\\HWLAB-CASE-F103\\.worktree\\caserun-d601-f103-v2-arm2d-integration-20260608115850-6d880ebc' && tools/hwpod build 2>&1",
        "bodyPreview": "export HWLAB_HWPOD_ID='d601-f103-v2' && export HWLAB_HWPOD_WORKSPACE_PATH='F:\\Work\\HWLAB-CASE-F103\\.worktree\\caserun-d601-f103-v2-arm2d-integration-20260608115850-6d880ebc' && tools/hwpod build 2>&1\nstdout:\n{ \"ok\": true, \"action\": \"hwpod-cli.invoke\", \"status\": \"completed\", \"specPath\": \"hwpod://d601-f103-v2\", \"hwpodId\": \"d601-f103-v2\", \"specAuthority\": \"preinstalled-verified-spec\", \"intent\": \"debug.build\", \"contractVersion\": \"hwpod-node-ops-v1\", \"compilerInvocation\": { \"compiler\": \"hwpod-compiler-cli\", \"mode\": \"in-process\", \"entrypoint\": \"tools/src/hwpod-harness-lib.ts\", \"argv\": [ \"compile\", \"--hwpod-id\", \"d601-f103-v2\", \"--intent\", \"debug.build\", \"--args\", \"<json>\" ], \"exitCode\": 0, \"action\": \"hwpod-compiler.compile\", \"contractVersion\": \"hwpod-node-ops-v1\", \"planId\": \"hwpod_plan_da2e2983-a058-...\nexitCode=0",
        "exitCode": 0
      },
      {
        "source": "trace-row",
        "seq": 18109,
        "rowId": "tool:call_00_1KUrxog4eAETX5nVRyBO6750",
        "header": "12:04:31 total=00:05:30 ok commandExecution",
        "command": "export HWLAB_HWPOD_ID='d601-f103-v2' && export HWLAB_HWPOD_WORKSPACE_PATH='F:\\Work\\HWLAB-CASE-F103\\.worktree\\caserun-d601-f103-v2-arm2d-integration-20260608115850-6d880ebc' && tools/hwpod job status \"20260608_200425_c14bfe98\" 2>&1",
        "normalizedCommand": "export HWLAB_HWPOD_ID='d601-f103-v2' && export HWLAB_HWPOD_WORKSPACE_PATH='F:\\Work\\HWLAB-CASE-F103\\.worktree\\caserun-d601-f103-v2-arm2d-integration-20260608115850-6d880ebc' && tools/hwpod job status \"20260608_200425_c14bfe98\" 2>&1",
        "bodyPreview": "export HWLAB_HWPOD_ID='d601-f103-v2' && export HWLAB_HWPOD_WORKSPACE_PATH='F:\\Work\\HWLAB-CASE-F103\\.worktree\\caserun-d601-f103-v2-arm2d-integration-20260608115850-6d880ebc' && tools/hwpod job status \"20260608_200425_c14bfe98\" 2>&1\nstdout:\n{ \"ok\": true, \"action\": \"hwpod-cli.invoke\", \"status\": \"completed\", \"specPath\": \"hwpod://d601-f103-v2\", \"hwpodId\": \"d601-f103-v2\", \"specAuthority\": \"preinstalled-verified-spec\", \"intent\": \"debug.job-status\", \"contractVersion\": \"hwpod-node-ops-v1\", \"compilerInvocation\": { \"compiler\": \"hwpod-compiler-cli\", \"mode\": \"in-process\", \"entrypoint\": \"tools/src/hwpod-harness-lib.ts\", \"argv\": [ \"compile\", \"--hwpod-id\", \"d601-f103-v2\", \"--intent\", \"debug.job-status\", \"--args\", \"<json>\" ], \"exitCode\": 0, \"action\": \"hwpod-compiler.compile\", \"contractVersion\": \"hwpod-node-ops-v1\", \"planId\": \"hwpod_plan_6b46...\nexitCode=0",
        "exitCode": 0
      },
      {
        "source": "trace-row",
        "seq": 18442,
        "rowId": "tool:call_00_IfgRIldhBO0TdJQQxxjV0835",
        "header": "12:04:36 total=00:05:36 ok commandExecution",
        "command": "export HWLAB_HWPOD_ID='d601-f103-v2' && export HWLAB_HWPOD_WORKSPACE_PATH='F:\\Work\\HWLAB-CASE-F103\\.worktree\\caserun-d601-f103-v2-arm2d-integration-20260608115850-6d880ebc' && tools/hwpod workspace cat \"projects/01_baseline/User/main.c\" 2>&1 | grep -o '\"content\": \".*\"' | head -1 | tr '\\\\' '\\n' | grep -v '\"'^r$'\"' | grep -v '\"'^n$'\"' | grep -v '\"'^\"'\"'",
        "normalizedCommand": "export HWLAB_HWPOD_ID='d601-f103-v2' && export HWLAB_HWPOD_WORKSPACE_PATH='F:\\Work\\HWLAB-CASE-F103\\.worktree\\caserun-d601-f103-v2-arm2d-integration-20260608115850-6d880ebc' && tools/hwpod workspace cat \"projects/01_baseline/User/main.c\" 2>&1 | grep -o '\"content\": \".*\"' | head -1 | tr '\\\\' '\\n' | grep -v '\"'^r$'\"' | grep -v '\"'^n$'\"' | grep -v '\"'^\"'\"",
        "bodyPreview": "export HWLAB_HWPOD_ID='d601-f103-v2' && export HWLAB_HWPOD_WORKSPACE_PATH='F:\\Work\\HWLAB-CASE-F103\\.worktree\\caserun-d601-f103-v2-arm2d-integration-20260608115850-6d880ebc' && tools/hwpod workspace cat \"projects/01_baseline/User/main.c\" 2>&1 | grep -o '\"content\": \".*\"' | head -1 | tr '\\\\' '\\n' | grep -v '\"'^r$'\"' | grep -v '\"'^n$'\"' | grep -v '\"'^\"'\"'\nstdout:\nn#include n#include n#include n#include n#include n#include n#include nint main(void) n{ n SystemCoreClockUpdate(); n sys_stm32_clock_init(9); n HAL_Init(); n led_init(); n usart_init(115200); n printf( n[D601-F103] device-pod LCD bring-up n d601_lcd_init(); n d601_gpio_init(); n d601_arm2d_demo_show(); n printf( n printf( n while (1) n { n jsonrpc_process(); n d601_arm2d_demo_task(); n } n} n\"\nexitCode=0",
        "exitCode": 0
      },
      {
        "source": "trace-row",
        "seq": 18775,
        "rowId": "tool:call_00_dbkoy4zLIV6wjO1AvfU93380",
        "header": "12:04:39 total=00:05:38 run commandExecution",
        "command": "export HWLAB_HWPOD_ID='d601-f103-v2' && export HWLAB_HWPOD_WORKSPACE_PATH='F:\\Work\\HWLAB-CASE-F103\\.worktree\\caserun-d601-f103-v2-arm2d-integration-20260608115850-6d880ebc' && tools/hwpod workspace cat \"projects/01_baseline/User/d601_arm2d_demo.c\" 2>&1 | grep -o '\"content\": \".*\"' | head -1 | tr '\\r\\n' ' ' | fold -w 80 | head -30",
        "normalizedCommand": "export HWLAB_HWPOD_ID='d601-f103-v2' && export HWLAB_HWPOD_WORKSPACE_PATH='F:\\Work\\HWLAB-CASE-F103\\.worktree\\caserun-d601-f103-v2-arm2d-integration-20260608115850-6d880ebc' && tools/hwpod workspace cat \"projects/01_baseline/User/d601_arm2d_demo.c\" 2>&1 | grep -o '\"content\": \".*\"' | head -1 | tr '\\r\\n' ' ' | fold -w 80 | head -30",
        "bodyPreview": "export HWLAB_HWPOD_ID='d601-f103-v2' && export HWLAB_HWPOD_WORKSPACE_PATH='F:\\Work\\HWLAB-CASE-F103\\.worktree\\caserun-d601-f103-v2-arm2d-integration-20260608115850-6d880ebc' && tools/hwpod workspace cat \"projects/01_baseline/User/d601_arm2d_demo.c\" 2>&1 | grep -o '\"content\": \".*\"' | head -1 | tr '\\r\\n' ' ' | fold -w 80 | head -30\nstdout:\ncommandExecution inProgress: /bin/sh -lc \"export HWLAB_HWPOD_ID='d601-f103-v2' && export HWLAB_HWPOD_WORKSPACE_PATH='F:\\\\Work\\\\HWLAB-CASE-F103\\\\.worktree\\\\caserun-d601-f103-v2-arm2d-integration-20260608115850-6d880ebc' && tools/hwpod workspace cat \\\"projects/01_baseline/User/d601_arm2d_demo.c\\\" 2>&1 | grep -o '\\\"content\\\": \\\".*\\\"' | head -1 | tr '\\\\r\\\\n' ' ' | fold -w 80 | head -30\""
      },
      {
        "source": "trace-row",
        "seq": 14228,
        "rowId": "tool:call_00_qXTwA1CPUZOhJhzC0uqD0544",
        "header": "12:01:25 total=00:02:24 ok commandExecution",
        "command": "export HWLAB_HWPOD_ID='d601-f103-v2' && export HWLAB_HWPOD_WORKSPACE_PATH='F:\\Work\\HWLAB-CASE-F103\\.worktree\\caserun-d601-f103-v2-arm2d-integration-20260608115850-6d880ebc' && tools/hwpod workspace cat \"projects/01_baseline/Projects/MDK-ARM/atk_f103.uvprojx\" 2>&1 | grep -o '\"truncated\": false' > /dev/null; echo \"Need to check build log. Trying to read log via hwpod workspace...\"; tools/hwpod workspace ls \"\" 2>&1 | grep \"state\" || true",
        "normalizedCommand": "hwpod workspace...\"; tools/hwpod workspace ls \"\" 2>&1 | grep \"state\" || true",
        "bodyPreview": "export HWLAB_HWPOD_ID='d601-f103-v2' && export HWLAB_HWPOD_WORKSPACE_PATH='F:\\Work\\HWLAB-CASE-F103\\.worktree\\caserun-d601-f103-v2-arm2d-integration-20260608115850-6d880ebc' && tools/hwpod workspace cat \"projects/01_baseline/Projects/MDK-ARM/atk_f103.uvprojx\" 2>&1 | grep -o '\"truncated\": false' > /dev/null; echo \"Need to check build log. Trying to read log via hwpod workspace...\"; tools/hwpod workspace ls \"\" 2>&1 | grep \"state\" || true\nstdout:\nNeed to check build log. Trying to read log via hwpod workspace...\nexitCode=0",
        "exitCode": 0
      }
    ]
  },
  "traceLookup": {
    "source": "hwlab-cli.client.agent",
    "strategy": "id_plus_existing_cli",
    "note": "CaseRun records trace/session identity and reuses existing HWLAB Web-equivalent agent CLI for trace/result/inspect; it does not implement a separate trace query path.",
    "baseUrl": "http://74.48.78.17:19666",
    "traceId": "trc_case_d601-f103-v2-arm2d-integration_3d052fa7dd27450b854b252bbebdb157",
    "sessionId": "ses_15a8a477-0f81-45d1-ade9-65d665b34b0d",
    "conversationId": "cnv_case_d601-f103-v2-arm2d-integration_d601-f103-v2-arm2d-integration-20260608115850-6d880ebc",
    "commands": {
      "result": "hwlab-cli client agent result trc_case_d601-f103-v2-arm2d-integration_3d052fa7dd27450b854b252bbebdb157",
      "trace": "hwlab-cli client agent trace trc_case_d601-f103-v2-arm2d-integration_3d052fa7dd27450b854b252bbebdb157 --render web",
      "traceFull": "hwlab-cli client agent trace trc_case_d601-f103-v2-arm2d-integration_3d052fa7dd27450b854b252bbebdb157 --render web --full",
      "inspect": "hwlab-cli client agent inspect --trace-id trc_case_d601-f103-v2-arm2d-integration_3d052fa7dd27450b854b252bbebdb157",
      "sessionStatus": "hwlab-cli client agent session status ses_15a8a477-0f81-45d1-ade9-65d665b34b0d"
    }
  },
  "agentDiff": {
    "statusShort": "M projects/01_baseline/User/d601_arm2d_demo.c\n M projects/01_baseline/User/main.c",
    "diffStat": "projects/01_baseline/User/d601_arm2d_demo.c | 100 +++++++++++++++++++++++++---\n projects/01_baseline/User/main.c            |   3 +\n 2 files changed, 92 insertions(+), 11 deletions(-)",
    "diffPatchPath": "/root/hwlab-v02/.state/hwlab-cli/caserun/d601-f103-v2-arm2d-integration-20260608115850-6d880ebc/agent-diff.patch",
    "diffPatchSha256": "c6cda165485ca5e45c4a5e5588ff35cd9ac3b6672e275a7ccb8fe84035167ce6",
    "sourceRootStatusShort": "M projects/01_baseline/Projects/MDK-ARM/atk_f103.uvprojx",
    "sourceRootBaseline": {
      "label": "before-prepare",
      "statusShort": "M projects/01_baseline/Projects/MDK-ARM/atk_f103.uvprojx",
      "diffStat": ".../01_baseline/Projects/MDK-ARM/atk_f103.uvprojx   | 21 ++++++++++++++-------\n 1 file changed, 14 insertions(+), 7 deletions(-)",
      "diffSha256": "a847e886c801a597d96f40017f41c70262b024d5b6208bcc7ae343824c3c8d99",
      "diffBytes": 2029,
      "commands": {
        "status": {
          "label": "source-root-status",
          "httpStatus": 200,
          "exitCode": 0,
          "stdoutBytes": 56,
          "stderr": ""
        },
        "diffStat": {
          "label": "source-root-diff-stat",
          "httpStatus": 200,
          "exitCode": 0,
          "stdoutBytes": 128,
          "stderr": "warning: in the working copy of 'projects/01_baseline/Projects/MDK-ARM/atk_f103.uvprojx', LF will be replaced by CRLF the next time Git touches it"
        },
        "diffPatch": {
          "label": "source-root-diff-patch",
          "httpStatus": 200,
          "exitCode": 0,
          "stdoutBytes": 2029,
          "stderr": "warning: in the working copy of 'projects/01_baseline/Projects/MDK-ARM/atk_f103.uvprojx', LF will be replaced by CRLF the next time Git touches it"
        }
      }
    },
    "sourceRootAfterPrepare": {
      "label": "after-prepare",
      "statusShort": "M projects/01_baseline/Projects/MDK-ARM/atk_f103.uvprojx",
      "diffStat": ".../01_baseline/Projects/MDK-ARM/atk_f103.uvprojx   | 21 ++++++++++++++-------\n 1 file changed, 14 insertions(+), 7 deletions(-)",
      "diffSha256": "a847e886c801a597d96f40017f41c70262b024d5b6208bcc7ae343824c3c8d99",
      "diffBytes": 2029,
      "commands": {
        "status": {
          "label": "source-root-status",
          "httpStatus": 200,
          "exitCode": 0,
          "stdoutBytes": 56,
          "stderr": ""
        },
        "diffStat": {
          "label": "source-root-diff-stat",
          "httpStatus": 200,
          "exitCode": 0,
          "stdoutBytes": 128,
          "stderr": "warning: in the working copy of 'projects/01_baseline/Projects/MDK-ARM/atk_f103.uvprojx', LF will be replaced by CRLF the next time Git touches it"
        },
        "diffPatch": {
          "label": "source-root-diff-patch",
          "httpStatus": 200,
          "exitCode": 0,
          "stdoutBytes": 2029,
          "stderr": "warning: in the working copy of 'projects/01_baseline/Projects/MDK-ARM/atk_f103.uvprojx', LF will be replaced by CRLF the next time Git touches it"
        }
      }
    },
    "sourceRootAfterAgent": {
      "label": "after-agent",
      "statusShort": "M projects/01_baseline/Projects/MDK-ARM/atk_f103.uvprojx",
      "diffStat": ".../01_baseline/Projects/MDK-ARM/atk_f103.uvprojx   | 21 ++++++++++++++-------\n 1 file changed, 14 insertions(+), 7 deletions(-)",
      "diffSha256": "a847e886c801a597d96f40017f41c70262b024d5b6208bcc7ae343824c3c8d99",
      "diffBytes": 2029,
      "commands": {
        "status": {
          "label": "source-root-status",
          "httpStatus": 200,
          "exitCode": 0,
          "stdoutBytes": 56,
          "stderr": ""
        },
        "diffStat": {
          "label": "source-root-diff-stat",
          "httpStatus": 200,
          "exitCode": 0,
          "stdoutBytes": 128,
          "stderr": "warning: in the working copy of 'projects/01_baseline/Projects/MDK-ARM/atk_f103.uvprojx', LF will be replaced by CRLF the next time Git touches it"
        },
        "diffPatch": {
          "label": "source-root-diff-patch",
          "httpStatus": 200,
          "exitCode": 0,
          "stdoutBytes": 2029,
          "stderr": "warning: in the working copy of 'projects/01_baseline/Projects/MDK-ARM/atk_f103.uvprojx', LF will be replaced by CRLF the next time Git touches it"
        }
      }
    },
    "sourceRootChangedAfterPrepare": false,
    "sourceRootChangedAfterAgent": false,
    "requests": [
      {
        "label": "status",
        "httpStatus": 200,
        "exitCode": 0,
        "stdoutBytes": 81,
        "stderr": ""
      },
      {
        "label": "diff-stat",
        "httpStatus": 200,
        "exitCode": 0,
        "stdoutBytes": 183,
        "stderr": ""
      },
      {
        "label": "diff-patch",
        "httpStatus": 200,
        "exitCode": 0,
        "stdoutBytes": 5365,
        "stderr": ""
      },
      {
        "label": "source-root-baseline",
        "statusShort": "M projects/01_baseline/Projects/MDK-ARM/atk_f103.uvprojx",
        "diffSha256": "a847e886c801a597d96f40017f41c70262b024d5b6208bcc7ae343824c3c8d99"
      },
      {
        "label": "source-root-after-prepare",
        "statusShort": "M projects/01_baseline/Projects/MDK-ARM/atk_f103.uvprojx",
        "diffSha256": "a847e886c801a597d96f40017f41c70262b024d5b6208bcc7ae343824c3c8d99"
      },
      {
        "label": "source-root-after-agent",
        "statusShort": "M projects/01_baseline/Projects/MDK-ARM/atk_f103.uvprojx",
        "diffSha256": "a847e886c801a597d96f40017f41c70262b024d5b6208bcc7ae343824c3c8d99"
      }
    ]
  },
  "build": {
    "status": "recorded",
    "autoEvaluation": false,
    "traceLookup": {
      "source": "hwlab-cli.client.agent",
      "strategy": "id_plus_existing_cli",
      "note": "CaseRun records trace/session identity and reuses existing HWLAB Web-equivalent agent CLI for trace/result/inspect; it does not implement a separate trace query path.",
      "baseUrl": "http://74.48.78.17:19666",
      "traceId": "trc_case_d601-f103-v2-arm2d-integration_3d052fa7dd27450b854b252bbebdb157",
      "sessionId": "ses_15a8a477-0f81-45d1-ade9-65d665b34b0d",
      "conversationId": "cnv_case_d601-f103-v2-arm2d-integration_d601-f103-v2-arm2d-integration-20260608115850-6d880ebc",
      "commands": {
        "result": "hwlab-cli client agent result trc_case_d601-f103-v2-arm2d-integration_3d052fa7dd27450b854b252bbebdb157",
        "trace": "hwlab-cli client agent trace trc_case_d601-f103-v2-arm2d-integration_3d052fa7dd27450b854b252bbebdb157 --render web",
        "traceFull": "hwlab-cli client agent trace trc_case_d601-f103-v2-arm2d-integration_3d052fa7dd27450b854b252bbebdb157 --render web --full",
        "inspect": "hwlab-cli client agent inspect --trace-id trc_case_d601-f103-v2-arm2d-integration_3d052fa7dd27450b854b252bbebdb157",
        "sessionStatus": "hwlab-cli client agent session status ses_15a8a477-0f81-45d1-ade9-65d665b34b0d"
      }
    },
    "agentTraceCommandCount": 82,
    "agentTraceHwpodCommandCount": 3,
    "agentStage": {
      "source": "agent-trace-commands",
      "autoEvaluation": false,
      "commands": [
        {
          "kind": "spec-validate",
          "seq": 14390,
          "exitCode": 127,
          "command": "hwpod-ctl spec validate 2>&1",
          "detail": "stdout: /bin/sh: hwpod-ctl: not found exitCode=127"
        },
        {
          "kind": "inspect",
          "seq": 14392,
          "exitCode": 127,
          "command": "hwpod inspect 2>&1",
          "detail": "stdout: /bin/sh: hwpod: not found exitCode=127"
        },
        {
          "kind": "hwpod-other",
          "seq": 14228,
          "exitCode": 0,
          "command": "hwpod workspace...\"; tools/hwpod workspace ls \"\" 2>&1 | grep \"state\" || true",
          "detail": "stdout: Need to check build log. Trying to read log via hwpod workspace... exitCode=0"
        }
      ],
      "kinds": [
        "spec-validate",
        "inspect",
        "hwpod-other"
      ]
    },
    "hwpodExitCode": 0,
    "hwpodSource": "case-run-runner-post-agent-compile-check",
    "jobId": "20260608_200450_9a60df21",
    "keilStatus": "completed",
    "artifacts": [
      "F:\\Work\\HWLAB-CASE-F103\\.worktree\\caserun-d601-f103-v2-arm2d-integration-20260608115850-6d880ebc\\projects\\01_baseline\\Output\\atk_f103.hex",
      "F:\\Work\\HWLAB-CASE-F103\\.worktree\\caserun-d601-f103-v2-arm2d-integration-20260608115850-6d880ebc\\projects\\01_baseline\\Output\\atk_f103.axf"
    ],
    "buildJobs": {
      "agentBuildJobIds": [
        "20260608_200107_f1efc00b",
        "20260608_200204_42ce65c9",
        "20260608_200425_c14bfe98"
      ],
      "postAgentCompileJobId": "20260608_200450_9a60df21",
      "relationship": "agent-build-observed-plus-runner-post-agent-check",
      "runnerPostAgentCompileCheck": "recorded"
    }
  },
  "collect": {
    "caseRepo": "/root/hwlab-case-registry",
    "caseRepoRunDir": "/root/hwlab-case-registry/runs/d601-f103-v2-arm2d-integration/d601-f103-v2-arm2d-integration-20260608115850-6d880ebc",
    "caseRepoFiles": [
      "runs/d601-f103-v2-arm2d-integration/d601-f103-v2-arm2d-integration-20260608115850-6d880ebc/evidence.json",
      "runs/d601-f103-v2-arm2d-integration/d601-f103-v2-arm2d-integration-20260608115850-6d880ebc/summary.md",
      "runs/d601-f103-v2-arm2d-integration/d601-f103-v2-arm2d-integration-20260608115850-6d880ebc/aggregate.md",
      "runs/d601-f103-v2-arm2d-integration/d601-f103-v2-arm2d-integration-20260608115850-6d880ebc/agent-messages.json",
      "runs/d601-f103-v2-arm2d-integration/d601-f103-v2-arm2d-integration-20260608115850-6d880ebc/agent-trace.md",
      "runs/d601-f103-v2-arm2d-integration/d601-f103-v2-arm2d-integration-20260608115850-6d880ebc/agent-transcript.md",
      "runs/d601-f103-v2-arm2d-integration/d601-f103-v2-arm2d-integration-20260608115850-6d880ebc/final-response.md",
      "runs/d601-f103-v2-arm2d-integration/d601-f103-v2-arm2d-integration-20260608115850-6d880ebc/run.json",
      "runs/d601-f103-v2-arm2d-integration/d601-f103-v2-arm2d-integration-20260608115850-6d880ebc/result.json",
      "runs/d601-f103-v2-arm2d-integration/d601-f103-v2-arm2d-integration-20260608115850-6d880ebc/agent-trace.json",
      "runs/d601-f103-v2-arm2d-integration/d601-f103-v2-arm2d-integration-20260608115850-6d880ebc/agent-prompt.md",
      "runs/d601-f103-v2-arm2d-integration/d601-f103-v2-arm2d-integration-20260608115850-6d880ebc/agent-diff.patch",
      "runs/d601-f103-v2-arm2d-integration/d601-f103-v2-arm2d-integration-20260608115850-6d880ebc/.hwlab/hwpod-spec.yaml",
      "runs/d601-f103-v2-arm2d-integration/d601-f103-v2-arm2d-integration-20260608115850-6d880ebc/worker.stdout.log",
      "runs/d601-f103-v2-arm2d-integration/d601-f103-v2-arm2d-integration-20260608115850-6d880ebc/worker.stderr.log",
      "runs/d601-f103-v2-arm2d-integration/d601-f103-v2-arm2d-integration-20260608115850-6d880ebc/artifact-manifest.json"
    ],
    "artifactManifestPath": "/root/hwlab-case-registry/runs/d601-f103-v2-arm2d-integration/d601-f103-v2-arm2d-integration-20260608115850-6d880ebc/artifact-manifest.json",
    "artifactCount": 16,
    "skippedFiles": [],
    "registrySync": {
      "status": "pushed",
      "path": "runs/d601-f103-v2-arm2d-integration/d601-f103-v2-arm2d-integration-20260608115850-6d880ebc",
      "paths": [
        "runs/d601-f103-v2-arm2d-integration/d601-f103-v2-arm2d-integration-20260608115850-6d880ebc"
      ],
      "commitMessage": "data: archive caserun d601-f103-v2-arm2d-integration-20260608115850-6d880ebc",
      "commitSha": "d2be843",
      "commitStdout": "[main d2be843] data: archive caserun d601-f103-v2-arm2d-integration-20260608115850-6d880ebc\n 10 files changed, 4786 insertions(+), 4190 deletions(-)\n",
      "pushStderr": "To github.com:pikasTech/hwlab-case-registry.git\n   4d9015d..d2be843  main -> main\n"
    },
    "trace": {
      "traceId": "trc_case_d601-f103-v2-arm2d-integration_3d052fa7dd27450b854b252bbebdb157",
      "sessionId": "ses_15a8a477-0f81-45d1-ade9-65d665b34b0d",
      "conversationId": "cnv_case_d601-f103-v2-arm2d-integration_d601-f103-v2-arm2d-integration-20260608115850-6d880ebc",
      "providerProfile": "deepseek",
      "projectId": "prj_hwpod_workbench",
      "source": "hwlab-cli.client.agent.trace",
      "lookup": {
        "source": "hwlab-cli.client.agent",
        "strategy": "id_plus_existing_cli",
        "note": "CaseRun records trace/session identity and reuses existing HWLAB Web-equivalent agent CLI for trace/result/inspect; it does not implement a separate trace query path.",
        "baseUrl": "http://74.48.78.17:19666",
        "traceId": "trc_case_d601-f103-v2-arm2d-integration_3d052fa7dd27450b854b252bbebdb157",
        "sessionId": "ses_15a8a477-0f81-45d1-ade9-65d665b34b0d",
        "conversationId": "cnv_case_d601-f103-v2-arm2d-integration_d601-f103-v2-arm2d-integration-20260608115850-6d880ebc",
        "commands": {
          "result": "hwlab-cli client agent result trc_case_d601-f103-v2-arm2d-integration_3d052fa7dd27450b854b252bbebdb157",
          "trace": "hwlab-cli client agent trace trc_case_d601-f103-v2-arm2d-integration_3d052fa7dd27450b854b252bbebdb157 --render web",
          "traceFull": "hwlab-cli client agent trace trc_case_d601-f103-v2-arm2d-integration_3d052fa7dd27450b854b252bbebdb157 --render web --full",
          "inspect": "hwlab-cli client agent inspect --trace-id trc_case_d601-f103-v2-arm2d-integration_3d052fa7dd27450b854b252bbebdb157",
          "sessionStatus": "hwlab-cli client agent session status ses_15a8a477-0f81-45d1-ade9-65d665b34b0d"
        }
      },
      "status": "result",
      "commandCount": 82,
      "hwpodCommandCount": 3,
      "hwpodBuildCommandCount": 0,
      "keilJobCandidates": [
        "20260608_200204_42ce65c9",
        "20260608_200107_f1efc00b",
        "20260608_200425_c14bfe98"
      ],
      "agentBuildJobIds": []
    },
    "traceLookup": {
      "source": "hwlab-cli.client.agent",
      "strategy": "id_plus_existing_cli",
      "note": "CaseRun records trace/session identity and reuses existing HWLAB Web-equivalent agent CLI for trace/result/inspect; it does not implement a separate trace query path.",
      "baseUrl": "http://74.48.78.17:19666",
      "traceId": "trc_case_d601-f103-v2-arm2d-integration_3d052fa7dd27450b854b252bbebdb157",
      "sessionId": "ses_15a8a477-0f81-45d1-ade9-65d665b34b0d",
      "conversationId": "cnv_case_d601-f103-v2-arm2d-integration_d601-f103-v2-arm2d-integration-20260608115850-6d880ebc",
      "commands": {
        "result": "hwlab-cli client agent result trc_case_d601-f103-v2-arm2d-integration_3d052fa7dd27450b854b252bbebdb157",
        "trace": "hwlab-cli client agent trace trc_case_d601-f103-v2-arm2d-integration_3d052fa7dd27450b854b252bbebdb157 --render web",
        "traceFull": "hwlab-cli client agent trace trc_case_d601-f103-v2-arm2d-integration_3d052fa7dd27450b854b252bbebdb157 --render web --full",
        "inspect": "hwlab-cli client agent inspect --trace-id trc_case_d601-f103-v2-arm2d-integration_3d052fa7dd27450b854b252bbebdb157",
        "sessionStatus": "hwlab-cli client agent session status ses_15a8a477-0f81-45d1-ade9-65d665b34b0d"
      }
    },
    "aggregate": {
      "path": "aggregate.md",
      "bytes": 116038,
      "sha256": "a205e66be104ea85b58125e19ebe55c115999182ea96c02a25eadbed4dca7121",
      "primaryEntry": true,
      "aggregationOnly": true,
      "autoEvaluation": false
    },
    "agentStage": {
      "source": "agent-trace-commands",
      "autoEvaluation": false,
      "commands": [
        {
          "kind": "spec-validate",
          "seq": 14987,
          "exitCode": 127,
          "command": "hwpod-ctl spec validate 2>&1",
          "detail": "stdout: /bin/sh: hwpod-ctl: not found exitCode=127"
        },
        {
          "kind": "inspect",
          "seq": 14989,
          "exitCode": 127,
          "command": "hwpod inspect 2>&1",
          "detail": "stdout: /bin/sh: hwpod: not found exitCode=127"
        },
        {
          "kind": "hwpod-other",
          "seq": 15115,
          "exitCode": 0,
          "command": "hwpod workspace...\"; tools/hwpod workspace ls \"\" 2>&1 | grep \"state\" || true",
          "detail": "stdout: Need to check build log. Trying to read log via hwpod workspace... exitCode=0"
        }
      ],
      "kinds": [
        "spec-validate",
        "inspect",
        "hwpod-other"
      ]
    },
    "status": "recorded",
    "autoEvaluation": false
  },
  "aggregate": {
    "path": "aggregate.md",
    "bytes": 117158,
    "sha256": "abc7a04ca3321667257777a47ec55c9aeee1574be51ca4e224637a7741a4f754",
    "primaryEntry": true,
    "aggregationOnly": true,
    "autoEvaluation": false
  },
  "evidence": {
    "contractVersion": "hwpod-case-run-evidence-v1",
    "caseId": "d601-f103-v2-arm2d-integration",
    "runId": "d601-f103-v2-arm2d-integration-20260608115850-6d880ebc",
    "compileOnly": true,
    "autoEvaluation": false,
    "status": "recorded",
    "observedAt": "2026-06-08T12:04:56.593Z",
    "apiUrl": "http://74.48.78.17:19667",
    "subject": {
      "repoLocalPath": "F:\\Work\\HWLAB-CASE-F103",
      "commitId": "14a414da470013914b2a19229c36f2e9f8e2da4f",
      "subdir": "projects/01_baseline",
      "worktreePath": "F:\\Work\\HWLAB-CASE-F103\\.worktree\\caserun-d601-f103-v2-arm2d-integration-20260608115850-6d880ebc",
      "workspacePath": "F:\\Work\\HWLAB-CASE-F103\\.worktree\\caserun-d601-f103-v2-arm2d-integration-20260608115850-6d880ebc",
      "setup": {
        "httpStatus": 200,
        "planId": "case_subject_23f66b10-3daa-4fcc-a915-16a040bb8f29",
        "nodeId": "node-d601-f103-v2",
        "exitCode": 0,
        "stdout": "HEAD is now at 14a414d feat: add arm2d-skill to subject repo for case 04 agent reference\n14a414da470013914b2a19229c36f2e9f8e2da4f\ncaseRunKeilSidecars {\"copied\":1,\"copiedFiles\":[{\"ext\":\".uvoptx\",\"source\":\"projects\\\\01_baseline\\\\Projects\\\\MDK-ARM\\\\atk_f103.uvoptx\",\"destination\":\".worktree\\\\caserun-d601-f103-v2-arm2d-integration-20260608115850-6d880ebc\\\\projects\\\\01_baseline\\\\Projects\\\\MDK-ARM\\\\atk_f103.uvoptx\"}],\"missing\":[\"projects\\\\01_baseline\\\\Projects\\\\MDK-ARM\\\\atk_f103.uvopt\"],\"sourceBase\":\"projects\\\\01_baseline\\\\Projects\\\\MDK-ARM\\\\atk_f103\",\"destinationBase\":\".worktree\\\\caserun-d601-f103-v2-arm2d-integration-20260608115850-6d880ebc\\\\projects\\\\01_baseline\\\\Projects\\\\MDK-ARM\\\\atk_f103\"}",
        "stderr": "Preparing worktree (detached HEAD 14a414d)",
        "keilSidecars": {
          "copied": 1,
          "copiedFiles": [
            {
              "ext": ".uvoptx",
              "source": "projects\\01_baseline\\Projects\\MDK-ARM\\atk_f103.uvoptx",
              "destination": ".worktree\\caserun-d601-f103-v2-arm2d-integration-20260608115850-6d880ebc\\projects\\01_baseline\\Projects\\MDK-ARM\\atk_f103.uvoptx"
            }
          ],
          "missing": [
            "projects\\01_baseline\\Projects\\MDK-ARM\\atk_f103.uvopt"
          ],
          "sourceBase": "projects\\01_baseline\\Projects\\MDK-ARM\\atk_f103",
          "destinationBase": ".worktree\\caserun-d601-f103-v2-arm2d-integration-20260608115850-6d880ebc\\projects\\01_baseline\\Projects\\MDK-ARM\\atk_f103",
          "line": "caseRunKeilSidecars {\"copied\":1,\"copiedFiles\":[{\"ext\":\".uvoptx\",\"source\":\"projects\\\\01_baseline\\\\Projects\\\\MDK-ARM\\\\atk_f103.uvoptx\",\"destination\":\".worktree\\\\caserun-d601-f103-v2-arm2d-integration-20260608115850-6d880ebc\\\\projects\\\\01_baseline\\\\Projects\\\\MDK-ARM\\\\atk_f103.uvoptx\"}],\"missing\":[\"projects\\\\01_baseline\\\\Projects\\\\MDK-ARM\\\\atk_f103.uvopt\"],\"sourceBase\":\"projects\\\\01_baseline\\\\Projects\\\\MDK-ARM\\\\atk_f103\",\"destinationBase\":\".worktree\\\\caserun-d601-f103-v2-arm2d-integration-20260608115850-6d880ebc\\\\projects\\\\01_baseline\\\\Projects\\\\MDK-ARM\\\\atk_f103\"}"
        }
      },
      "sourceRootBaseline": {
        "label": "before-prepare",
        "statusShort": "M projects/01_baseline/Projects/MDK-ARM/atk_f103.uvprojx",
        "diffStat": ".../01_baseline/Projects/MDK-ARM/atk_f103.uvprojx   | 21 ++++++++++++++-------\n 1 file changed, 14 insertions(+), 7 deletions(-)",
        "diffSha256": "a847e886c801a597d96f40017f41c70262b024d5b6208bcc7ae343824c3c8d99",
        "diffBytes": 2029,
        "commands": {
          "status": {
            "label": "source-root-status",
            "httpStatus": 200,
            "exitCode": 0,
            "stdoutBytes": 56,
            "stderr": ""
          },
          "diffStat": {
            "label": "source-root-diff-stat",
            "httpStatus": 200,
            "exitCode": 0,
            "stdoutBytes": 128,
            "stderr": "warning: in the working copy of 'projects/01_baseline/Projects/MDK-ARM/atk_f103.uvprojx', LF will be replaced by CRLF the next time Git touches it"
          },
          "diffPatch": {
            "label": "source-root-diff-patch",
            "httpStatus": 200,
            "exitCode": 0,
            "stdoutBytes": 2029,
            "stderr": "warning: in the working copy of 'projects/01_baseline/Projects/MDK-ARM/atk_f103.uvprojx', LF will be replaced by CRLF the next time Git touches it"
          }
        }
      },
      "sourceRootAfterPrepare": {
        "label": "after-prepare",
        "statusShort": "M projects/01_baseline/Projects/MDK-ARM/atk_f103.uvprojx",
        "diffStat": ".../01_baseline/Projects/MDK-ARM/atk_f103.uvprojx   | 21 ++++++++++++++-------\n 1 file changed, 14 insertions(+), 7 deletions(-)",
        "diffSha256": "a847e886c801a597d96f40017f41c70262b024d5b6208bcc7ae343824c3c8d99",
        "diffBytes": 2029,
        "commands": {
          "status": {
            "label": "source-root-status",
            "httpStatus": 200,
            "exitCode": 0,
            "stdoutBytes": 56,
            "stderr": ""
          },
          "diffStat": {
            "label": "source-root-diff-stat",
            "httpStatus": 200,
            "exitCode": 0,
            "stdoutBytes": 128,
            "stderr": "warning: in the working copy of 'projects/01_baseline/Projects/MDK-ARM/atk_f103.uvprojx', LF will be replaced by CRLF the next time Git touches it"
          },
          "diffPatch": {
            "label": "source-root-diff-patch",
            "httpStatus": 200,
            "exitCode": 0,
            "stdoutBytes": 2029,
            "stderr": "warning: in the working copy of 'projects/01_baseline/Projects/MDK-ARM/atk_f103.uvprojx', LF will be replaced by CRLF the next time Git touches it"
          }
        }
      }
    },
    "agentTask": {
      "workspace": "subjectWorktree",
      "providerProfile": "hy",
      "projectId": "prj_hwpod_workbench",
      "timeoutMs": 1200000,
      "promptSha256": "90d47dc66c7e914144480ecd307d5a3e2897c8f154b4768e9420c8a66eae1d4d",
      "constraints": [
        "只能修改 projects/01_baseline/User/main.c 和 projects/01_baseline/User/d601_arm2d_demo.c",
        "main.c 只加3行：include + show() + task()",
        "d601_arm2d_demo.c 需要重新实现函数体，不能只恢复原来的代码",
        "只做 compile-only build check，不要下载，也不要运行 UART",
        "ARM-2D 库已在 Middlewares/Arm-2D/，d601_lcd 已实现",
        "case04 成功 trace 已验证：当前工程的 RGB565 类型名是 arm_2d_color_rgb565_t，不是 arm_2d_rgb565_t；如需使用类型定义，只做轻量复核，不要从零搜索所有命名变体",
        "case04 成功 trace 已验证：arm_2d_rgb16_fill_colour(tile, region, colour) 可用于 RGB565 填充；ARM_2D_OP_WAIT_ASYNC(...) / arm_2d_op_wait_async(...) 的宏和函数形态需要按当前头文件轻量复核后使用",
        "优先读取 projects/01_baseline/User/d601_arm2d_demo.h、projects/01_baseline/User/d601_lcd.h、Middlewares/Arm-2D/Library/include/arm_2d.h 和 arm_2d_types.h；不要把搜索范围扩成全仓库摸索",
        "d601_lcd 已提供 bitmap/string 入口；实现时围绕 LCD bitmap 绘制、stripe/PFB 刷新、FPS 文本和 show()/task() 周期刷新组织代码"
      ]
    },
    "agent": {
      "stageStatus": "failed",
      "baseUrl": "http://74.48.78.17:19666",
      "projectId": "prj_hwpod_workbench",
      "providerProfile": "deepseek",
      "conversationId": "cnv_case_d601-f103-v2-arm2d-integration_d601-f103-v2-arm2d-integration-20260608115850-6d880ebc",
      "sessionId": "ses_15a8a477-0f81-45d1-ade9-65d665b34b0d",
      "traceId": "trc_case_d601-f103-v2-arm2d-integration_3d052fa7dd27450b854b252bbebdb157",
      "promptPath": "/root/hwlab-v02/.state/hwlab-cli/caserun/d601-f103-v2-arm2d-integration-20260608115850-6d880ebc/agent-prompt.md",
      "promptSha256": "b717e6c87b352ae2103dd420b4aff7ec5ee41ba5d0b1f1ba3d287a4d569f44f0",
      "polls": 117,
      "timedOut": false,
      "timeoutMs": 1200000,
      "pollIntervalMs": 1000,
      "lastHttpStatus": 200,
      "nextPollCommand": "hwlab-cli client agent result trc_case_d601-f103-v2-arm2d-integration_3d052fa7dd27450b854b252bbebdb157",
      "traceCommand": "hwlab-cli client agent trace trc_case_d601-f103-v2-arm2d-integration_3d052fa7dd27450b854b252bbebdb157 --render web",
      "inspectCommand": "hwlab-cli client agent inspect --trace-id trc_case_d601-f103-v2-arm2d-integration_3d052fa7dd27450b854b252bbebdb157",
      "sessionCommand": "hwlab-cli client agent session status ses_15a8a477-0f81-45d1-ade9-65d665b34b0d",
      "traceLookup": {
        "source": "hwlab-cli.client.agent",
        "strategy": "id_plus_existing_cli",
        "note": "CaseRun records trace/session identity and reuses existing HWLAB Web-equivalent agent CLI for trace/result/inspect; it does not implement a separate trace query path.",
        "baseUrl": "http://74.48.78.17:19666",
        "traceId": "trc_case_d601-f103-v2-arm2d-integration_3d052fa7dd27450b854b252bbebdb157",
        "sessionId": "ses_15a8a477-0f81-45d1-ade9-65d665b34b0d",
        "conversationId": "cnv_case_d601-f103-v2-arm2d-integration_d601-f103-v2-arm2d-integration-20260608115850-6d880ebc",
        "commands": {
          "result": "hwlab-cli client agent result trc_case_d601-f103-v2-arm2d-integration_3d052fa7dd27450b854b252bbebdb157",
          "trace": "hwlab-cli client agent trace trc_case_d601-f103-v2-arm2d-integration_3d052fa7dd27450b854b252bbebdb157 --render web",
          "traceFull": "hwlab-cli client agent trace trc_case_d601-f103-v2-arm2d-integration_3d052fa7dd27450b854b252bbebdb157 --render web --full",
          "inspect": "hwlab-cli client agent inspect --trace-id trc_case_d601-f103-v2-arm2d-integration_3d052fa7dd27450b854b252bbebdb157",
          "sessionStatus": "hwlab-cli client agent session status ses_15a8a477-0f81-45d1-ade9-65d665b34b0d"
        }
      }
    },
    "traceLookup": {
      "source": "hwlab-cli.client.agent",
      "strategy": "id_plus_existing_cli",
      "note": "CaseRun records trace/session identity and reuses existing HWLAB Web-equivalent agent CLI for trace/result/inspect; it does not implement a separate trace query path.",
      "baseUrl": "http://74.48.78.17:19666",
      "traceId": "trc_case_d601-f103-v2-arm2d-integration_3d052fa7dd27450b854b252bbebdb157",
      "sessionId": "ses_15a8a477-0f81-45d1-ade9-65d665b34b0d",
      "conversationId": "cnv_case_d601-f103-v2-arm2d-integration_d601-f103-v2-arm2d-integration-20260608115850-6d880ebc",
      "commands": {
        "result": "hwlab-cli client agent result trc_case_d601-f103-v2-arm2d-integration_3d052fa7dd27450b854b252bbebdb157",
        "trace": "hwlab-cli client agent trace trc_case_d601-f103-v2-arm2d-integration_3d052fa7dd27450b854b252bbebdb157 --render web",
        "traceFull": "hwlab-cli client agent trace trc_case_d601-f103-v2-arm2d-integration_3d052fa7dd27450b854b252bbebdb157 --render web --full",
        "inspect": "hwlab-cli client agent inspect --trace-id trc_case_d601-f103-v2-arm2d-integration_3d052fa7dd27450b854b252bbebdb157",
        "sessionStatus": "hwlab-cli client agent session status ses_15a8a477-0f81-45d1-ade9-65d665b34b0d"
      }
    },
    "agentTrace": {
      "traceId": "trc_case_d601-f103-v2-arm2d-integration_3d052fa7dd27450b854b252bbebdb157",
      "status": "result",
      "httpStatus": 200,
      "source": "hwlab-cli.client.agent.trace",
      "lookup": {
        "source": "hwlab-cli.client.agent",
        "strategy": "id_plus_existing_cli",
        "note": "CaseRun records trace/session identity and reuses existing HWLAB Web-equivalent agent CLI for trace/result/inspect; it does not implement a separate trace query path.",
        "baseUrl": "http://74.48.78.17:19666",
        "traceId": "trc_case_d601-f103-v2-arm2d-integration_3d052fa7dd27450b854b252bbebdb157",
        "sessionId": "ses_15a8a477-0f81-45d1-ade9-65d665b34b0d",
        "conversationId": "cnv_case_d601-f103-v2-arm2d-integration_d601-f103-v2-arm2d-integration-20260608115850-6d880ebc",
        "commands": {
          "result": "hwlab-cli client agent result trc_case_d601-f103-v2-arm2d-integration_3d052fa7dd27450b854b252bbebdb157",
          "trace": "hwlab-cli client agent trace trc_case_d601-f103-v2-arm2d-integration_3d052fa7dd27450b854b252bbebdb157 --render web",
          "traceFull": "hwlab-cli client agent trace trc_case_d601-f103-v2-arm2d-integration_3d052fa7dd27450b854b252bbebdb157 --render web --full",
          "inspect": "hwlab-cli client agent inspect --trace-id trc_case_d601-f103-v2-arm2d-integration_3d052fa7dd27450b854b252bbebdb157",
          "sessionStatus": "hwlab-cli client agent session status ses_15a8a477-0f81-45d1-ade9-65d665b34b0d"
        }
      },
      "sourceEventCount": 6000,
      "renderedRowCount": 155,
      "commandCount": 82,
      "hwpodCommandCount": 3,
      "hwpodBuildCommandCount": 0,
      "keilJobCandidates": [
        "20260608_200107_f1efc00b",
        "20260608_200204_42ce65c9",
        "20260608_200425_c14bfe98"
      ],
      "agentBuildJobIds": [],
      "commands": [
        {
          "source": "trace-row",
          "seq": 14390,
          "rowId": "tool:call_00_r4Hk9CibiTlKiWmE3e6I2919",
          "header": "11:59:10 total=00:00:10 ok commandExecution",
          "command": "hwpod-ctl spec validate 2>&1",
          "normalizedCommand": "hwpod-ctl spec validate 2>&1",
          "bodyPreview": "hwpod-ctl spec validate 2>&1\nstdout:\n/bin/sh: hwpod-ctl: not found\nexitCode=127",
          "exitCode": 127
        },
        {
          "source": "trace-row",
          "seq": 14392,
          "rowId": "tool:call_00_68dbSRVqedB13mo3Tw5w3754",
          "header": "11:59:12 total=00:00:11 ok commandExecution",
          "command": "hwpod inspect 2>&1",
          "normalizedCommand": "hwpod inspect 2>&1",
          "bodyPreview": "hwpod inspect 2>&1\nstdout:\n/bin/sh: hwpod: not found\nexitCode=127",
          "exitCode": 127
        },
        {
          "source": "trace-row",
          "seq": 14162,
          "rowId": "tool:call_00_jJrN54vtQQtICCoFNDYD8900",
          "header": "11:59:53 total=00:00:53 ok commandExecution",
          "command": "export HWLAB_HWPOD_ID='d601-f103-v2' && export HWLAB_HWPOD_WORKSPACE_PATH='F:\\Work\\HWLAB-CASE-F103\\.worktree\\caserun-d601-f103-v2-arm2d-integration-20260608115850-6d880ebc' && tools/hwpod workspace rg \"arm_2d\" \"projects/01_baseline/Projects/MDK-ARM\" --max-matches 30 2>&1",
          "normalizedCommand": "export HWLAB_HWPOD_ID='d601-f103-v2' && export HWLAB_HWPOD_WORKSPACE_PATH='F:\\Work\\HWLAB-CASE-F103\\.worktree\\caserun-d601-f103-v2-arm2d-integration-20260608115850-6d880ebc' && tools/hwpod workspace rg \"arm_2d\" \"projects/01_baseline/Projects/MDK-ARM\" --max-matches 30 2>&1",
          "bodyPreview": "export HWLAB_HWPOD_ID='d601-f103-v2' && export HWLAB_HWPOD_WORKSPACE_PATH='F:\\Work\\HWLAB-CASE-F103\\.worktree\\caserun-d601-f103-v2-arm2d-integration-20260608115850-6d880ebc' && tools/hwpod workspace rg \"arm_2d\" \"projects/01_baseline/Projects/MDK-ARM\" --max-matches 30 2>&1\nstdout:\n{ \"ok\": true, \"action\": \"hwpod-cli.invoke\", \"status\": \"completed\", \"specPath\": \"hwpod://d601-f103-v2\", \"hwpodId\": \"d601-f103-v2\", \"specAuthority\": \"preinstalled-verified-spec\", \"intent\": \"workspace.rg\", \"contractVersion\": \"hwpod-node-ops-v1\", \"compilerInvocation\": { \"compiler\": \"hwpod-compiler-cli\", \"mode\": \"in-process\", \"entrypoint\": \"tools/src/hwpod-harness-lib.ts\", \"argv\": [ \"compile\", \"--hwpod-id\", \"d601-f103-v2\", \"--intent\", \"workspace.rg\", \"--args\", \"<json>\" ], \"exitCode\": 0, \"action\": \"hwpod-compiler.compile\", \"contractVersion\": \"hwpod-node-ops-v1\", \"planId\": \"hwpod_plan_057fa946-842...\nexitCode=0",
          "exitCode": 0
        },
        {
          "source": "trace-row",
          "seq": 14167,
          "rowId": "tool:call_00_sPmvy1YaBX6koX7clLHh3124",
          "header": "11:59:56 total=00:00:56 ok commandExecution",
          "command": "export HWLAB_HWPOD_ID='d601-f103-v2' && export HWLAB_HWPOD_WORKSPACE_PATH='F:\\Work\\HWLAB-CASE-F103\\.worktree\\caserun-d601-f103-v2-arm2d-integration-20260608115850-6d880ebc' && tools/hwpod workspace rg \"Arm-2D.*include\" \"projects/01_baseline/Projects/MDK-ARM/atk_f103.uvprojx\" 2>&1",
          "normalizedCommand": "export HWLAB_HWPOD_ID='d601-f103-v2' && export HWLAB_HWPOD_WORKSPACE_PATH='F:\\Work\\HWLAB-CASE-F103\\.worktree\\caserun-d601-f103-v2-arm2d-integration-20260608115850-6d880ebc' && tools/hwpod workspace rg \"Arm-2D.*include\" \"projects/01_baseline/Projects/MDK-ARM/atk_f103.uvprojx\" 2>&1",
          "bodyPreview": "export HWLAB_HWPOD_ID='d601-f103-v2' && export HWLAB_HWPOD_WORKSPACE_PATH='F:\\Work\\HWLAB-CASE-F103\\.worktree\\caserun-d601-f103-v2-arm2d-integration-20260608115850-6d880ebc' && tools/hwpod workspace rg \"Arm-2D.*include\" \"projects/01_baseline/Projects/MDK-ARM/atk_f103.uvprojx\" 2>&1\nstdout:\n{ \"ok\": true, \"action\": \"hwpod-cli.invoke\", \"status\": \"completed\", \"specPath\": \"hwpod://d601-f103-v2\", \"hwpodId\": \"d601-f103-v2\", \"specAuthority\": \"preinstalled-verified-spec\", \"intent\": \"workspace.rg\", \"contractVersion\": \"hwpod-node-ops-v1\", \"compilerInvocation\": { \"compiler\": \"hwpod-compiler-cli\", \"mode\": \"in-process\", \"entrypoint\": \"tools/src/hwpod-harness-lib.ts\", \"argv\": [ \"compile\", \"--hwpod-id\", \"d601-f103-v2\", \"--intent\", \"workspace.rg\", \"--args\", \"<json>\" ], \"exitCode\": 0, \"action\": \"hwpod-compiler.compile\", \"contractVersion\": \"hwpod-node-ops-v1\", \"planId\": \"hwpod_plan_d946e91b-c45...\nexitCode=0",
          "exitCode": 0
        },
        {
          "source": "trace-row",
          "seq": 14170,
          "rowId": "tool:call_00_dCHeMBm0M8RjuPThhT0j5510",
          "header": "11:59:59 total=00:00:58 ok commandExecution",
          "command": "export HWLAB_HWPOD_ID='d601-f103-v2' && export HWLAB_HWPOD_WORKSPACE_PATH='F:\\Work\\HWLAB-CASE-F103\\.worktree\\caserun-d601-f103-v2-arm2d-integration-20260608115850-6d880ebc' && tools/hwpod workspace rg \"IncludePath\" \"projects/01_baseline/Projects/MDK-ARM/atk_f103.uvprojx\" --max-matches 20 2>&1",
          "normalizedCommand": "export HWLAB_HWPOD_ID='d601-f103-v2' && export HWLAB_HWPOD_WORKSPACE_PATH='F:\\Work\\HWLAB-CASE-F103\\.worktree\\caserun-d601-f103-v2-arm2d-integration-20260608115850-6d880ebc' && tools/hwpod workspace rg \"IncludePath\" \"projects/01_baseline/Projects/MDK-ARM/atk_f103.uvprojx\" --max-matches 20 2>&1",
          "bodyPreview": "export HWLAB_HWPOD_ID='d601-f103-v2' && export HWLAB_HWPOD_WORKSPACE_PATH='F:\\Work\\HWLAB-CASE-F103\\.worktree\\caserun-d601-f103-v2-arm2d-integration-20260608115850-6d880ebc' && tools/hwpod workspace rg \"IncludePath\" \"projects/01_baseline/Projects/MDK-ARM/atk_f103.uvprojx\" --max-matches 20 2>&1\nstdout:\n{ \"ok\": true, \"action\": \"hwpod-cli.invoke\", \"status\": \"completed\", \"specPath\": \"hwpod://d601-f103-v2\", \"hwpodId\": \"d601-f103-v2\", \"specAuthority\": \"preinstalled-verified-spec\", \"intent\": \"workspace.rg\", \"contractVersion\": \"hwpod-node-ops-v1\", \"compilerInvocation\": { \"compiler\": \"hwpod-compiler-cli\", \"mode\": \"in-process\", \"entrypoint\": \"tools/src/hwpod-harness-lib.ts\", \"argv\": [ \"compile\", \"--hwpod-id\", \"d601-f103-v2\", \"--intent\", \"workspace.rg\", \"--args\", \"<json>\" ], \"exitCode\": 0, \"action\": \"hwpod-compiler.compile\", \"contractVersion\": \"hwpod-node-ops-v1\", \"planId\": \"hwpod_plan_217d4b94-c01...\nexitCode=0",
          "exitCode": 0
        },
        {
          "source": "trace-row",
          "seq": 14173,
          "rowId": "tool:call_00_aMN5tvPHJge4fnGbxPJO1223",
          "header": "12:00:04 total=00:01:03 ok commandExecution",
          "command": "export HWLAB_HWPOD_ID='d601-f103-v2' && export HWLAB_HWPOD_WORKSPACE_PATH='F:\\Work\\HWLAB-CASE-F103\\\\.worktree\\caserun-d601-f103-v2-arm2d-integration-20260608115850-6d880ebc' && tools/hwpod workspace rg \"arm_2d_color_rgb565_t|arm_2d_rgb16_fill_colour|ARM_2D_OP_WAIT_ASYNC|arm_2d_op_wait\" \"projects/01_baseline/User\" --max-matches 20 2>&1",
          "normalizedCommand": "export HWLAB_HWPOD_ID='d601-f103-v2' && export HWLAB_HWPOD_WORKSPACE_PATH='F:\\Work\\HWLAB-CASE-F103\\\\.worktree\\caserun-d601-f103-v2-arm2d-integration-20260608115850-6d880ebc' && tools/hwpod workspace rg \"arm_2d_color_rgb565_t|arm_2d_rgb16_fill_colour|ARM_2D_OP_WAIT_ASYNC|arm_2d_op_wait\" \"projects/01_baseline/User\" --max-matches 20 2>&1",
          "bodyPreview": "export HWLAB_HWPOD_ID='d601-f103-v2' && export HWLAB_HWPOD_WORKSPACE_PATH='F:\\Work\\HWLAB-CASE-F103\\\\.worktree\\caserun-d601-f103-v2-arm2d-integration-20260608115850-6d880ebc' && tools/hwpod workspace rg \"arm_2d_color_rgb565_t|arm_2d_rgb16_fill_colour|ARM_2D_OP_WAIT_ASYNC|arm_2d_op_wait\" \"projects/01_baseline/User\" --max-matches 20 2>&1\nstdout:\n{ \"ok\": false, \"action\": \"hwpod-cli.invoke\", \"status\": \"blocked\", \"specPath\": \"hwpod://d601-f103-v2\", \"hwpodId\": \"d601-f103-v2\", \"specAuthority\": \"preinstalled-verified-spec\", \"intent\": \"workspace.rg\", \"contractVersion\": \"hwpod-node-ops-v1\", \"compilerInvocation\": { \"compiler\": \"hwpod-compiler-cli\", \"mode\": \"in-process\", \"entrypoint\": \"tools/src/hwpod-harness-lib.ts\", \"argv\": [ \"compile\", \"--hwpod-id\", \"d601-f103-v2\", \"--intent\", \"workspace.rg\", \"--args\", \"<json>\" ], \"exitCode\": 0, \"action\": \"hwpod-compiler.compile\", \"contractVersion\": \"hwpod-node-ops-v1\", \"planId\": \"hwpod_plan_3e9e0b94-72d8...\nexitCode=1",
          "exitCode": 1
        },
        {
          "source": "trace-row",
          "seq": 14179,
          "rowId": "tool:call_00_wFEfuuzoGQj3D7Xt8fFZ4167",
          "header": "12:00:08 total=00:01:07 ok commandExecution",
          "command": "export HWLAB_HWPOD_ID='d601-f103-v2' && export HWLAB_HWPOD_WORKSPACE_PATH='F:\\Work\\HWLAB-CASE-F103\\.worktree\\caserun-d601-f103-v2-arm2d-integration-20260608115850-6d880ebc' && tools/hwpod workspace cat \"projects/01_baseline/User/d601_lcd.c\" 2>&1",
          "normalizedCommand": "export HWLAB_HWPOD_ID='d601-f103-v2' && export HWLAB_HWPOD_WORKSPACE_PATH='F:\\Work\\HWLAB-CASE-F103\\.worktree\\caserun-d601-f103-v2-arm2d-integration-20260608115850-6d880ebc' && tools/hwpod workspace cat \"projects/01_baseline/User/d601_lcd.c\" 2>&1",
          "bodyPreview": "export HWLAB_HWPOD_ID='d601-f103-v2' && export HWLAB_HWPOD_WORKSPACE_PATH='F:\\Work\\HWLAB-CASE-F103\\.worktree\\caserun-d601-f103-v2-arm2d-integration-20260608115850-6d880ebc' && tools/hwpod workspace cat \"projects/01_baseline/User/d601_lcd.c\" 2>&1\nstdout:\n{ \"ok\": true, \"action\": \"hwpod-cli.invoke\", \"status\": \"completed\", \"specPath\": \"hwpod://d601-f103-v2\", \"hwpodId\": \"d601-f103-v2\", \"specAuthority\": \"preinstalled-verified-spec\", \"intent\": \"workspace.cat\", \"contractVersion\": \"hwpod-node-ops-v1\", \"compilerInvocation\": { \"compiler\": \"hwpod-compiler-cli\", \"mode\": \"in-process\", \"entrypoint\": \"tools/src/hwpod-harness-lib.ts\", \"argv\": [ \"compile\", \"--hwpod-id\", \"d601-f103-v2\", \"--intent\", \"workspace.cat\", \"--args\", \"<json>\" ], \"exitCode\": 0, \"action\": \"hwpod-compiler.compile\", \"contractVersion\": \"hwpod-node-ops-v1\", \"planId\": \"hwpod_plan_c6104feb-4...\nexitCode=0",
          "exitCode": 0
        },
        {
          "source": "trace-row",
          "seq": 14185,
          "rowId": "tool:call_00_iN7aWhNQTeUIrCV2SJFG9679",
          "header": "12:00:15 total=00:01:15 ok commandExecution",
          "command": "export HWLAB_HWPOD_ID='d601-f103-v2' && export HWLAB_HWPOD_WORKSPACE_PATH='F:\\Work\\HWLAB-CASE-F103\\.worktree\\caserun-d601-f103-v2-arm2d-integration-20260608115850-6d880ebc' && tools/hwpod workspace insert-after \\ --path \"projects/01_baseline/User/main.c\" \\ --anchor '#include \"d601_lcd.h\"' \\ --line '#include \"d601_arm2d_demo.h\"' \\ --expected-sha '' 2>&1",
          "normalizedCommand": "export HWLAB_HWPOD_ID='d601-f103-v2' && export HWLAB_HWPOD_WORKSPACE_PATH='F:\\Work\\HWLAB-CASE-F103\\.worktree\\caserun-d601-f103-v2-arm2d-integration-20260608115850-6d880ebc' && tools/hwpod workspace insert-after \\ --path \"projects/01_baseline/User/main.c\" \\ --anchor '#include \"d601_lcd.h\"' \\ --line '#include \"d601_arm2d_demo.h\"' \\ --expected-sha '' 2>&1",
          "bodyPreview": "export HWLAB_HWPOD_ID='d601-f103-v2' && export HWLAB_HWPOD_WORKSPACE_PATH='F:\\Work\\HWLAB-CASE-F103\\.worktree\\caserun-d601-f103-v2-arm2d-integration-20260608115850-6d880ebc' && tools/hwpod workspace insert-after \\ --path \"projects/01_baseline/User/main.c\" \\ --anchor '#include \"d601_lcd.h\"' \\ --line '#include \"d601_arm2d_demo.h\"' \\ --expected-sha '' 2>&1\nstdout:\n{ \"ok\": true, \"action\": \"hwpod-cli.invoke\", \"status\": \"completed\", \"specPath\": \"hwpod://d601-f103-v2\", \"hwpodId\": \"d601-f103-v2\", \"specAuthority\": \"preinstalled-verified-spec\", \"intent\": \"workspace.insert-after\", \"contractVersion\": \"hwpod-node-ops-v1\", \"compilerInvocation\": { \"compiler\": \"hwpod-compiler-cli\", \"mode\": \"in-process\", \"entrypoint\": \"tools/src/hwpod-harness-lib.ts\", \"argv\": [ \"compile\", \"--hwpod-id\", \"d601-f103-v2\", \"--intent\", \"workspace.insert-after\", \"--args\", \"<json>\" ], \"exitCode\": 0, \"action\": \"hwpod-compiler.compile\", \"contractVersion\": \"hwpod-node-ops-v1\", \"planId\": \"hwp...\nexitCode=0",
          "exitCode": 0
        },
        {
          "source": "trace-row",
          "seq": 14189,
          "rowId": "tool:call_00_G6hgmSPtLpM8R7I3BihI1468",
          "header": "12:00:19 total=00:01:18 ok commandExecution",
          "command": "export HWLAB_HWPOD_ID='d601-f103-v2' && export HWLAB_HWPOD_WORKSPACE_PATH='F:\\Work\\HWLAB-CASE-F103\\.worktree\\caserun-d601-f103-v2-arm2d-integration-20260608115850-6d880ebc' && tools/hwpod workspace insert-after \\ --path \"projects/01_baseline/User/main.c\" \\ --anchor 'd601_gpio_init()' \\ --line ' d601_arm2d_demo_show();' \\ --expected-sha '605f070b9364e63761d183834413b8b5f2c9b583963e52b4bd24997ef6d17d91' 2>&1",
          "normalizedCommand": "export HWLAB_HWPOD_ID='d601-f103-v2' && export HWLAB_HWPOD_WORKSPACE_PATH='F:\\Work\\HWLAB-CASE-F103\\.worktree\\caserun-d601-f103-v2-arm2d-integration-20260608115850-6d880ebc' && tools/hwpod workspace insert-after \\ --path \"projects/01_baseline/User/main.c\" \\ --anchor 'd601_gpio_init()' \\ --line ' d601_arm2d_demo_show();' \\ --expected-sha '605f070b9364e63761d183834413b8b5f2c9b583963e52b4bd24997ef6d17d91' 2>&1",
          "bodyPreview": "export HWLAB_HWPOD_ID='d601-f103-v2' && export HWLAB_HWPOD_WORKSPACE_PATH='F:\\Work\\HWLAB-CASE-F103\\.worktree\\caserun-d601-f103-v2-arm2d-integration-20260608115850-6d880ebc' && tools/hwpod workspace insert-after \\ --path \"projects/01_baseline/User/main.c\" \\ --anchor 'd601_gpio_init()' \\ --line ' d601_arm2d_demo_show();' \\ --expected-sha '605f070b9364e63761d183834413b8b5f2c9b583963e52b4bd24997ef6d17d91' 2>&1\nstdout:\n{ \"ok\": true, \"action\": \"hwpod-cli.invoke\", \"status\": \"completed\", \"specPath\": \"hwpod://d601-f103-v2\", \"hwpodId\": \"d601-f103-v2\", \"specAuthority\": \"preinstalled-verified-spec\", \"intent\": \"workspace.insert-after\", \"contractVersion\": \"hwpod-node-ops-v1\", \"compilerInvocation\": { \"compiler\": \"hwpod-compiler-cli\", \"mode\": \"in-process\", \"entrypoint\": \"tools/src/hwpod-harness-lib.ts\", \"argv\": [ \"compile\", \"--hwpod-id\", \"d601-f103-v2\", \"--intent\", \"workspace.insert-after\", \"--args\", \"<json>\" ], \"exitCode\": 0, \"action\": \"hwpod-compiler.compile\", \"contractVersion\": \"hwpod-node-ops-v1\", \"planId\": \"hwp...\nexitCode=0",
          "exitCode": 0
        },
        {
          "source": "trace-row",
          "seq": 14192,
          "rowId": "tool:call_00_oaEDzYEMJr6RQsAgTBu31630",
          "header": "12:00:22 total=00:01:22 ok commandExecution",
          "command": "export HWLAB_HWPOD_ID='d601-f103-v2' && export HWLAB_HWPOD_WORKSPACE_PATH='F:\\Work\\HWLAB-CASE-F103\\.worktree\\caserun-d601-f103-v2-arm2d-integration-20260608115850-6d880ebc' && tools/hwpod workspace insert-after \\ --path \"projects/01_baseline/User/main.c\" \\ --anchor 'jsonrpc_process()' \\ --line ' d601_arm2d_demo_task();' \\ --expected-sha '9c3af8efd2bd875be45aeccf9a8df1be602698a16417872f4b59fc1baaeaf338' 2>&1",
          "normalizedCommand": "export HWLAB_HWPOD_ID='d601-f103-v2' && export HWLAB_HWPOD_WORKSPACE_PATH='F:\\Work\\HWLAB-CASE-F103\\.worktree\\caserun-d601-f103-v2-arm2d-integration-20260608115850-6d880ebc' && tools/hwpod workspace insert-after \\ --path \"projects/01_baseline/User/main.c\" \\ --anchor 'jsonrpc_process()' \\ --line ' d601_arm2d_demo_task();' \\ --expected-sha '9c3af8efd2bd875be45aeccf9a8df1be602698a16417872f4b59fc1baaeaf338' 2>&1",
          "bodyPreview": "export HWLAB_HWPOD_ID='d601-f103-v2' && export HWLAB_HWPOD_WORKSPACE_PATH='F:\\Work\\HWLAB-CASE-F103\\.worktree\\caserun-d601-f103-v2-arm2d-integration-20260608115850-6d880ebc' && tools/hwpod workspace insert-after \\ --path \"projects/01_baseline/User/main.c\" \\ --anchor 'jsonrpc_process()' \\ --line ' d601_arm2d_demo_task();' \\ --expected-sha '9c3af8efd2bd875be45aeccf9a8df1be602698a16417872f4b59fc1baaeaf338' 2>&1\nstdout:\n{ \"ok\": true, \"action\": \"hwpod-cli.invoke\", \"status\": \"completed\", \"specPath\": \"hwpod://d601-f103-v2\", \"hwpodId\": \"d601-f103-v2\", \"specAuthority\": \"preinstalled-verified-spec\", \"intent\": \"workspace.insert-after\", \"contractVersion\": \"hwpod-node-ops-v1\", \"compilerInvocation\": { \"compiler\": \"hwpod-compiler-cli\", \"mode\": \"in-process\", \"entrypoint\": \"tools/src/hwpod-harness-lib.ts\", \"argv\": [ \"compile\", \"--hwpod-id\", \"d601-f103-v2\", \"--intent\", \"workspace.insert-after\", \"--args\", \"<json>\" ], \"exitCode\": 0, \"action\": \"hwpod-compiler.compile\", \"contractVersion\": \"hwpod-node-ops-v1\", \"planId\": \"hwp...\nexitCode=0",
          "exitCode": 0
        },
        {
          "source": "trace-row",
          "seq": 14197,
          "rowId": "tool:call_00_vPTkM9viKu7DUkIAcNXz8436",
          "header": "12:00:39 total=00:01:38 ok commandExecution",
          "command": "\"export HWLAB_HWPOD_ID='d601-f103-v2' && export HWLAB_HWPOD_WORKSPACE_PATH='F:\\Work\\HWLAB-CASE-F103\\.worktree\\caserun-d601-f103-v2-arm2d-integration-20260608115850-6d880ebc' && tools/hwpod workspace write \\ --path \"projects/01_baseline/User/d601_arm2d_demo.c\" \\ --content \"'$'\"'#include \"d601_arm2d_demo.h\"\\n#include \"d601_lcd.h\"\\n#include \"stm32f1xx_hal.h\"\\n#include \"arm_2d.h\"\\n\\n#include <stdint.h>\\n#include <string.h>\\n\\n#define D601_ARM2D_PFB_WIDTH 240U\\n#define D601_ARM2D_PFB_LINES 32U\\n\\n#define D601_RGB565(__R, __G, __B) \\\\\\\\\\n (uint16_t)((((uint16_t)(__R) & 0xF8U) << 8) | (((uint16_t)(__G) & 0xFCU) << 3) | ((uint16_t)(__B) >> 3))\\n\\n#define D601_C_BG D601_RGB565(2, 12, 28)\\n#define D601_C_BANNER D601_RGB565(6, 76, 118)\\n#define D601_C_CARD D601_RGB565(8, 36, 54)\\n#define D601_C_PANEL D601_RGB565(18, 34, 40)\\n#define D601_C_FOOT D...",
          "normalizedCommand": "export HWLAB_HWPOD_ID='d601-f103-v2' && export HWLAB_HWPOD_WORKSPACE_PATH='F:\\Work\\HWLAB-CASE-F103\\.worktree\\caserun-d601-f103-v2-arm2d-integration-20260608115850-6d880ebc' && tools/hwpod workspace write \\ --path \"projects/01_baseline/User/d601_arm2d_demo.c\" \\ --content \"'$'\"'#include \"d601_arm2d_demo.h\"\\n#include \"d601_lcd.h\"\\n#include \"stm32f1xx_hal.h\"\\n#include \"arm_2d.h\"\\n\\n#include <stdint.h>\\n#include <string.h>\\n\\n#define D601_ARM2D_PFB_WIDTH 240U\\n#define D601_ARM2D_PFB_LINES 32U\\n\\n#define D601_RGB565(__R, __G, __B) \\\\\\\\\\n (uint16_t)((((uint16_t)(__R) & 0xF8U) << 8) | (((uint16_t)(__G) & 0xFCU) << 3) | ((uint16_t)(__B) >> 3))\\n\\n#define D601_C_BG D601_RGB565(2, 12, 28)\\n#define D601_C_BANNER D601_RGB565(6, 76, 118)\\n#define D601_C_CARD D601_RGB565(8, 36, 54)\\n#define D601_C_PANEL D601_RGB565(18, 34, 40)\\n#define D601_C_FOOT D...",
          "bodyPreview": "\"export HWLAB_HWPOD_ID='d601-f103-v2' && export HWLAB_HWPOD_WORKSPACE_PATH='F:\\Work\\HWLAB-CASE-F103\\.worktree\\caserun-d601-f103-v2-arm2d-integration-20260608115850-6d880ebc' && tools/hwpod workspace write \\ --path \"projects/01_baseline/User/d601_arm2d_demo.c\" \\ --content \"'$'\"'#include \"d601_arm2d_demo.h\"\\n#include \"d601_lcd.h\"\\n#include \"stm32f1xx_hal.h\"\\n#include \"arm_2d.h\"\\n\\n#include <stdint.h>\\n#include <string.h>\\n\\n#define D601_ARM2D_PFB_WIDTH 240U\\n#define D601_ARM2D_PFB_LINES 32U\\n\\n#define D601_RGB565(__R, __G, __B) \\\\\\\\\\n (uint16_t)((((uint16_t)(__R) & 0xF8U) << 8) | (((uint16_t)(__G) & 0xFCU) << 3) | ((uint16_t)(__B) >> 3))\\n\\n#define D601_C_BG D601_RGB565(2, 12, 28)\\n#define D601_C_BANNER D601_RGB565(6, 76, 118)\\n#define D601_C_CARD D601_RGB565(8, 36, 54)\\n#define D601_C_PANEL D601_RGB565(18, 34, 40)\\n#define D601_C_FOOT D...\nstdout:\n/bin/sh: syntax error: unexpected \"(\"\nexitCode=2",
          "exitCode": 2
        },
        {
          "source": "trace-row",
          "seq": 14200,
          "rowId": "tool:call_00_Vyew6lh5ZQCnRogdon6e8605",
          "header": "12:00:52 total=00:01:51 ok commandExecution",
          "command": "\"export HWLAB_HWPOD_ID='d601-f103-v2' && export HWLAB_HWPOD_WORKSPACE_PATH='F:\\Work\\HWLAB-CASE-F103\\.worktree\\caserun-d601-f103-v2-arm2d-integration-20260608115850-6d880ebc' && cat > /tmp/d601_arm2d_demo.c << 'CODEEOF' #include \"d601_arm2d_demo.h\" #include \"d601_lcd.h\" #include \"stm32f1xx_hal.h\" #include \"arm_2d.h\" #include <stdint.h> #include <string.h> #define D601_ARM2D_PFB_WIDTH 240U #define D601_ARM2D_PFB_LINES 32U #define D601_RGB565(__R, __G, __B) \\ (uint16_t)((((uint16_t)(__R) & 0xF8U) << 8) | (((uint16_t)(__G) & 0xFCU) << 3) | ((uint16_t)(__B) >> 3)) #define D601_C_BG D601_RGB565(2, 12, 28) #define D601_C_BANNER D601_RGB565(6, 76, 118) #define D601_C_CARD D601_RGB565(8, 36, 54) #define D601_C_PANEL D601_RGB565(18, 34, 40) #define D601_C_FOOT D601_RGB565(4, 22, 34) #define D601_C_AMBER D601_RGB565(248, 188, 54) #define D601_C_GREEN D601_RGB565(44, 184,...",
          "normalizedCommand": "export HWLAB_HWPOD_ID='d601-f103-v2' && export HWLAB_HWPOD_WORKSPACE_PATH='F:\\Work\\HWLAB-CASE-F103\\.worktree\\caserun-d601-f103-v2-arm2d-integration-20260608115850-6d880ebc' && cat > /tmp/d601_arm2d_demo.c << 'CODEEOF' #include \"d601_arm2d_demo.h\" #include \"d601_lcd.h\" #include \"stm32f1xx_hal.h\" #include \"arm_2d.h\" #include <stdint.h> #include <string.h> #define D601_ARM2D_PFB_WIDTH 240U #define D601_ARM2D_PFB_LINES 32U #define D601_RGB565(__R, __G, __B) \\ (uint16_t)((((uint16_t)(__R) & 0xF8U) << 8) | (((uint16_t)(__G) & 0xFCU) << 3) | ((uint16_t)(__B) >> 3)) #define D601_C_BG D601_RGB565(2, 12, 28) #define D601_C_BANNER D601_RGB565(6, 76, 118) #define D601_C_CARD D601_RGB565(8, 36, 54) #define D601_C_PANEL D601_RGB565(18, 34, 40) #define D601_C_FOOT D601_RGB565(4, 22, 34) #define D601_C_AMBER D601_RGB565(248, 188, 54) #define D601_C_GREEN D601_RGB565(44, 184,...",
          "bodyPreview": "\"export HWLAB_HWPOD_ID='d601-f103-v2' && export HWLAB_HWPOD_WORKSPACE_PATH='F:\\Work\\HWLAB-CASE-F103\\.worktree\\caserun-d601-f103-v2-arm2d-integration-20260608115850-6d880ebc' && cat > /tmp/d601_arm2d_demo.c << 'CODEEOF' #include \"d601_arm2d_demo.h\" #include \"d601_lcd.h\" #include \"stm32f1xx_hal.h\" #include \"arm_2d.h\" #include <stdint.h> #include <string.h> #define D601_ARM2D_PFB_WIDTH 240U #define D601_ARM2D_PFB_LINES 32U #define D601_RGB565(__R, __G, __B) \\ (uint16_t)((((uint16_t)(__R) & 0xF8U) << 8) | (((uint16_t)(__G) & 0xFCU) << 3) | ((uint16_t)(__B) >> 3)) #define D601_C_BG D601_RGB565(2, 12, 28) #define D601_C_BANNER D601_RGB565(6, 76, 118) #define D601_C_CARD D601_RGB565(8, 36, 54) #define D601_C_PANEL D601_RGB565(18, 34, 40) #define D601_C_FOOT D601_RGB565(4, 22, 34) #define D601_C_AMBER D601_RGB565(248, 188, 54) #define D601_C_GREEN D601_RGB565(44, 184,...\nstdout:\nFile written, size: 5391 bytes\nexitCode=0",
          "exitCode": 0
        },
        {
          "source": "trace-row",
          "seq": 14966,
          "rowId": "tool:call_00_VzSnDbADDQceSmepbMD80663",
          "header": "12:03:56 total=00:04:55 ok commandExecution",
          "command": "export HWLAB_HWPOD_ID='d601-f103-v2' && export HWLAB_HWPOD_WORKSPACE_PATH='F:\\Work\\HWLAB-CASE-F103\\.worktree\\caserun-d601-f103-v2-arm2d-integration-20260608115850-6d880ebc' && tools/hwpod workspace cat \"projects/01_baseline/Middlewares/Arm-2D/Library/Include/arm_2d_types.h\" 2>&1 | grep -o 'arm_2d_region_t.*' | head -5",
          "normalizedCommand": "export HWLAB_HWPOD_ID='d601-f103-v2' && export HWLAB_HWPOD_WORKSPACE_PATH='F:\\Work\\HWLAB-CASE-F103\\.worktree\\caserun-d601-f103-v2-arm2d-integration-20260608115850-6d880ebc' && tools/hwpod workspace cat \"projects/01_baseline/Middlewares/Arm-2D/Library/Include/arm_2d_types.h\" 2>&1 | grep -o 'arm_2d_region_t.*' | head -5",
          "bodyPreview": "export HWLAB_HWPOD_ID='d601-f103-v2' && export HWLAB_HWPOD_WORKSPACE_PATH='F:\\Work\\HWLAB-CASE-F103\\.worktree\\caserun-d601-f103-v2-arm2d-integration-20260608115850-6d880ebc' && tools/hwpod workspace cat \"projects/01_baseline/Middlewares/Arm-2D/Library/Include/arm_2d_types.h\" 2>&1 | grep -o 'arm_2d_region_t.*' | head -5\nstdout:\narm_2d_region_t {\\r\\n implement_ex(arm_2d_location_t, tLocation); //!< the location (top-left corner)\\r\\n implement_ex(arm_2d_size_t, tSize); //!< the size\\r\\n} arm_2d_region_t;\\r\\n\\r\\n/*!\\r\\n * \\\\brief the tile extension ID \\r\\n * \\r\\n */\\r\\nenum {\\r\\n ARM_2D_TILE_EXTENSION_NONE = 0, //!< no extension in the tile.tInfo.Extension field\\r\\n ARM_2D_TILE_EXTENSION_PFB, //!< contains PFB extension information\\r\\n ARM_2D_TILE_EXTENSION_VRES, //!< contains Virtual resource extension information\\r\\n};\\r\\n\\r\\n/*!\\r\\n * \\\\brief a type for tile\\r\\n *\\r\\n */\\r\\ntypedef struct arm_2d_tile_t arm_2d_tile...\nexitCode=0",
          "exitCode": 0
        },
        {
          "source": "trace-row",
          "seq": 15272,
          "rowId": "tool:call_00_AhQClVOv7cqqggMfjod10652",
          "header": "12:03:59 total=00:04:59 ok commandExecution",
          "command": "export HWLAB_HWPOD_ID='d601-f103-v2' && export HWLAB_HWPOD_WORKSPACE_PATH='F:\\Work\\HWLAB-CASE-F103\\.worktree\\caserun-d601-f103-v2-arm2d-integration-20260608115850-6d880ebc' && tools/hwpod workspace rg \"#define implement_ex\" \"projects/01_baseline/Middlewares/Arm-2D/Library/Include\" --max-matches 5 2>&1",
          "normalizedCommand": "export HWLAB_HWPOD_ID='d601-f103-v2' && export HWLAB_HWPOD_WORKSPACE_PATH='F:\\Work\\HWLAB-CASE-F103\\.worktree\\caserun-d601-f103-v2-arm2d-integration-20260608115850-6d880ebc' && tools/hwpod workspace rg \"#define implement_ex\" \"projects/01_baseline/Middlewares/Arm-2D/Library/Include\" --max-matches 5 2>&1",
          "bodyPreview": "export HWLAB_HWPOD_ID='d601-f103-v2' && export HWLAB_HWPOD_WORKSPACE_PATH='F:\\Work\\HWLAB-CASE-F103\\.worktree\\caserun-d601-f103-v2-arm2d-integration-20260608115850-6d880ebc' && tools/hwpod workspace rg \"#define implement_ex\" \"projects/01_baseline/Middlewares/Arm-2D/Library/Include\" --max-matches 5 2>&1\nstdout:\n{ \"ok\": true, \"action\": \"hwpod-cli.invoke\", \"status\": \"completed\", \"specPath\": \"hwpod://d601-f103-v2\", \"hwpodId\": \"d601-f103-v2\", \"specAuthority\": \"preinstalled-verified-spec\", \"intent\": \"workspace.rg\", \"contractVersion\": \"hwpod-node-ops-v1\", \"compilerInvocation\": { \"compiler\": \"hwpod-compiler-cli\", \"mode\": \"in-process\", \"entrypoint\": \"tools/src/hwpod-harness-lib.ts\", \"argv\": [ \"compile\", \"--hwpod-id\", \"d601-f103-v2\", \"--intent\", \"workspace.rg\", \"--args\", \"<json>\" ], \"exitCode\": 0, \"action\": \"hwpod-compiler.compile\", \"contractVersion\": \"hwpod-node-ops-v1\", \"planId\": \"hwpod_plan_2396879f-ede...\nexitCode=0",
          "exitCode": 0
        },
        {
          "source": "trace-row",
          "seq": 15581,
          "rowId": "tool:call_00_9TmhaYdYDQGKaMgxe8G76072",
          "header": "12:04:03 total=00:05:03 ok commandExecution",
          "command": "export HWLAB_HWPOD_ID='d601-f103-v2' && export HWLAB_HWPOD_WORKSPACE_PATH='F:\\Work\\HWLAB-CASE-F103\\.worktree\\caserun-d601-f103-v2-arm2d-integration-20260608115850-6d880ebc' && tools/hwpod workspace rg \"__implement_ex\" \"projects/01_baseline/Middlewares/Arm-2D/Library/Include/arm_2d_utils.h\" --context 2 2>&1",
          "normalizedCommand": "export HWLAB_HWPOD_ID='d601-f103-v2' && export HWLAB_HWPOD_WORKSPACE_PATH='F:\\Work\\HWLAB-CASE-F103\\.worktree\\caserun-d601-f103-v2-arm2d-integration-20260608115850-6d880ebc' && tools/hwpod workspace rg \"__implement_ex\" \"projects/01_baseline/Middlewares/Arm-2D/Library/Include/arm_2d_utils.h\" --context 2 2>&1",
          "bodyPreview": "export HWLAB_HWPOD_ID='d601-f103-v2' && export HWLAB_HWPOD_WORKSPACE_PATH='F:\\Work\\HWLAB-CASE-F103\\.worktree\\caserun-d601-f103-v2-arm2d-integration-20260608115850-6d880ebc' && tools/hwpod workspace rg \"__implement_ex\" \"projects/01_baseline/Middlewares/Arm-2D/Library/Include/arm_2d_utils.h\" --context 2 2>&1\nstdout:\n{ \"ok\": true, \"action\": \"hwpod-cli.invoke\", \"status\": \"completed\", \"specPath\": \"hwpod://d601-f103-v2\", \"hwpodId\": \"d601-f103-v2\", \"specAuthority\": \"preinstalled-verified-spec\", \"intent\": \"workspace.rg\", \"contractVersion\": \"hwpod-node-ops-v1\", \"compilerInvocation\": { \"compiler\": \"hwpod-compiler-cli\", \"mode\": \"in-process\", \"entrypoint\": \"tools/src/hwpod-harness-lib.ts\", \"argv\": [ \"compile\", \"--hwpod-id\", \"d601-f103-v2\", \"--intent\", \"workspace.rg\", \"--args\", \"<json>\" ], \"exitCode\": 0, \"action\": \"hwpod-compiler.compile\", \"contractVersion\": \"hwpod-node-ops-v1\", \"planId\": \"hwpod_plan_a7bb899f-be9...\nexitCode=0",
          "exitCode": 0
        },
        {
          "source": "trace-row",
          "seq": 16827,
          "rowId": "tool:call_00_jeE4CY9Kv6Czl085a5oV3028",
          "header": "12:04:17 total=00:05:16 ok commandExecution",
          "command": "\"cat > /tmp/d601_arm2d_demo.c << 'CODEEOF' #include \"d601_arm2d_demo.h\" #include \"d601_lcd.h\" #include \"stm32f1xx_hal.h\" #include \"arm_2d.h\" #include <stdint.h> #include <string.h> #define D601_ARM2D_PFB_WIDTH 240U #define D601_ARM2D_PFB_LINES 32U #define D601_RGB565(__R, __G, __B) \\ (uint16_t)((((uint16_t)(__R) & 0xF8U) << 8) | (((uint16_t)(__G) & 0xFCU) << 3) | ((uint16_t)(__B) >> 3)) #define D601_C_BG D601_RGB565(2, 12, 28) #define D601_C_BANNER D601_RGB565(6, 76, 118) #define D601_C_CARD D601_RGB565(8, 36, 54) #define D601_C_PANEL D601_RGB565(18, 34, 40) #define D601_C_FOOT D601_RGB565(4, 22, 34) #define D601_C_AMBER D601_RGB565(248, 188, 54) #define D601_C_GREEN D601_RGB565(44, 184, 118) #define D601_C_CYAN D601_RGB565(42, 198, 216) #define D601_C_ORANGE D601_RGB565(238, 96, 54) static uint16_t s_pfb[D601_ARM2D_PFB_LINES][D601_ARM2D_PFB_WIDTH]; static uint8_t...",
          "normalizedCommand": "cat > /tmp/d601_arm2d_demo.c << 'CODEEOF' #include \"d601_arm2d_demo.h\" #include \"d601_lcd.h\" #include \"stm32f1xx_hal.h\" #include \"arm_2d.h\" #include <stdint.h> #include <string.h> #define D601_ARM2D_PFB_WIDTH 240U #define D601_ARM2D_PFB_LINES 32U #define D601_RGB565(__R, __G, __B) \\ (uint16_t)((((uint16_t)(__R) & 0xF8U) << 8) | (((uint16_t)(__G) & 0xFCU) << 3) | ((uint16_t)(__B) >> 3)) #define D601_C_BG D601_RGB565(2, 12, 28) #define D601_C_BANNER D601_RGB565(6, 76, 118) #define D601_C_CARD D601_RGB565(8, 36, 54) #define D601_C_PANEL D601_RGB565(18, 34, 40) #define D601_C_FOOT D601_RGB565(4, 22, 34) #define D601_C_AMBER D601_RGB565(248, 188, 54) #define D601_C_GREEN D601_RGB565(44, 184, 118) #define D601_C_CYAN D601_RGB565(42, 198, 216) #define D601_C_ORANGE D601_RGB565(238, 96, 54) static uint16_t s_pfb[D601_ARM2D_PFB_LINES][D601_ARM2D_PFB_WIDTH]; static uint8_t...",
          "bodyPreview": "\"cat > /tmp/d601_arm2d_demo.c << 'CODEEOF' #include \"d601_arm2d_demo.h\" #include \"d601_lcd.h\" #include \"stm32f1xx_hal.h\" #include \"arm_2d.h\" #include <stdint.h> #include <string.h> #define D601_ARM2D_PFB_WIDTH 240U #define D601_ARM2D_PFB_LINES 32U #define D601_RGB565(__R, __G, __B) \\ (uint16_t)((((uint16_t)(__R) & 0xF8U) << 8) | (((uint16_t)(__G) & 0xFCU) << 3) | ((uint16_t)(__B) >> 3)) #define D601_C_BG D601_RGB565(2, 12, 28) #define D601_C_BANNER D601_RGB565(6, 76, 118) #define D601_C_CARD D601_RGB565(8, 36, 54) #define D601_C_PANEL D601_RGB565(18, 34, 40) #define D601_C_FOOT D601_RGB565(4, 22, 34) #define D601_C_AMBER D601_RGB565(248, 188, 54) #define D601_C_GREEN D601_RGB565(44, 184, 118) #define D601_C_CYAN D601_RGB565(42, 198, 216) #define D601_C_ORANGE D601_RGB565(238, 96, 54) static uint16_t s_pfb[D601_ARM2D_PFB_LINES][D601_ARM2D_PFB_WIDTH]; static uint8_t...\nstdout:\nWritten: 5245 bytes\nexitCode=0",
          "exitCode": 0
        },
        {
          "source": "trace-row",
          "seq": 17142,
          "rowId": "tool:call_00_IcZRXsxpydOuQLzPXP2Y1806",
          "header": "12:04:19 total=00:05:19 ok commandExecution",
          "command": "export HWLAB_HWPOD_ID='d601-f103-v2' && export HWLAB_HWPOD_WORKSPACE_PATH='F:\\Work\\HWLAB-CASE-F103\\.worktree\\caserun-d601-f103-v2-arm2d-integration-20260608115850-6d880ebc' && base64 -w0 /tmp/d601_arm2d_demo.c > /tmp/d601_arm2d_demo.b64 && CONTENT=\"'$(cat /tmp/d601_arm2d_demo.b64) node -e \"const c=Buffer.from(process.env.CONTENT,'\"'base64').toString('utf-8'); require('fs').writeFileSync('/tmp/payload_write.txt',c); console.log('ok')\"",
          "normalizedCommand": "export HWLAB_HWPOD_ID='d601-f103-v2' && export HWLAB_HWPOD_WORKSPACE_PATH='F:\\Work\\HWLAB-CASE-F103\\.worktree\\caserun-d601-f103-v2-arm2d-integration-20260608115850-6d880ebc' && base64 -w0 /tmp/d601_arm2d_demo.c > /tmp/d601_arm2d_demo.b64 && CONTENT=\"'$(cat /tmp/d601_arm2d_demo.b64) node -e \"const c=Buffer.from(process.env.CONTENT,'\"'base64').toString('utf-8'); require('fs').writeFileSync('/tmp/payload_write.txt',c); console.log('ok')",
          "bodyPreview": "export HWLAB_HWPOD_ID='d601-f103-v2' && export HWLAB_HWPOD_WORKSPACE_PATH='F:\\Work\\HWLAB-CASE-F103\\.worktree\\caserun-d601-f103-v2-arm2d-integration-20260608115850-6d880ebc' && base64 -w0 /tmp/d601_arm2d_demo.c > /tmp/d601_arm2d_demo.b64 && CONTENT=\"'$(cat /tmp/d601_arm2d_demo.b64) node -e \"const c=Buffer.from(process.env.CONTENT,'\"'base64').toString('utf-8'); require('fs').writeFileSync('/tmp/payload_write.txt',c); console.log('ok')\"\nstdout:\nok\nexitCode=0",
          "exitCode": 0
        },
        {
          "source": "trace-row",
          "seq": 17461,
          "rowId": "tool:call_00_qZ48CwHSvkniAGN7aLX11095",
          "header": "12:04:23 total=00:05:22 ok commandExecution",
          "command": "export HWLAB_HWPOD_ID='d601-f103-v2' && export HWLAB_HWPOD_WORKSPACE_PATH='F:\\Work\\HWLAB-CASE-F103\\.worktree\\caserun-d601-f103-v2-arm2d-integration-20260608115850-6d880ebc' && tools/hwpod workspace write --path 'projects/01_baseline/User/d601_arm2d_demo.c' --content \"\"'$(cat /tmp/payload_write.txt)\" --expected-sha '\"'' 2>&1",
          "normalizedCommand": "export HWLAB_HWPOD_ID='d601-f103-v2' && export HWLAB_HWPOD_WORKSPACE_PATH='F:\\Work\\HWLAB-CASE-F103\\.worktree\\caserun-d601-f103-v2-arm2d-integration-20260608115850-6d880ebc' && tools/hwpod workspace write --path 'projects/01_baseline/User/d601_arm2d_demo.c' --content \"\"'$(cat /tmp/payload_write.txt)\" --expected-sha '\"'' 2>&1",
          "bodyPreview": "export HWLAB_HWPOD_ID='d601-f103-v2' && export HWLAB_HWPOD_WORKSPACE_PATH='F:\\Work\\HWLAB-CASE-F103\\.worktree\\caserun-d601-f103-v2-arm2d-integration-20260608115850-6d880ebc' && tools/hwpod workspace write --path 'projects/01_baseline/User/d601_arm2d_demo.c' --content \"\"'$(cat /tmp/payload_write.txt)\" --expected-sha '\"'' 2>&1\nstdout:\n{ \"ok\": true, \"action\": \"hwpod-cli.invoke\", \"status\": \"completed\", \"specPath\": \"hwpod://d601-f103-v2\", \"hwpodId\": \"d601-f103-v2\", \"specAuthority\": \"preinstalled-verified-spec\", \"intent\": \"workspace.write\", \"contractVersion\": \"hwpod-node-ops-v1\", \"compilerInvocation\": { \"compiler\": \"hwpod-compiler-cli\", \"mode\": \"in-process\", \"entrypoint\": \"tools/src/hwpod-harness-lib.ts\", \"argv\": [ \"compile\", \"--hwpod-id\", \"d601-f103-v2\", \"--intent\", \"workspace.write\", \"--args\", \"<json>\" ], \"exitCode\": 0, \"action\": \"hwpod-compiler.compile\", \"contractVersion\": \"hwpod-node-ops-v1\", \"planId\": \"hwpod_plan_9d9cf7...\nexitCode=0",
          "exitCode": 0
        },
        {
          "source": "trace-row",
          "seq": 17784,
          "rowId": "tool:call_00_6yLH6xmz7BZuV7YJgS3i7894",
          "header": "12:04:27 total=00:05:27 ok commandExecution",
          "command": "export HWLAB_HWPOD_ID='d601-f103-v2' && export HWLAB_HWPOD_WORKSPACE_PATH='F:\\Work\\HWLAB-CASE-F103\\.worktree\\caserun-d601-f103-v2-arm2d-integration-20260608115850-6d880ebc' && tools/hwpod build 2>&1",
          "normalizedCommand": "export HWLAB_HWPOD_ID='d601-f103-v2' && export HWLAB_HWPOD_WORKSPACE_PATH='F:\\Work\\HWLAB-CASE-F103\\.worktree\\caserun-d601-f103-v2-arm2d-integration-20260608115850-6d880ebc' && tools/hwpod build 2>&1",
          "bodyPreview": "export HWLAB_HWPOD_ID='d601-f103-v2' && export HWLAB_HWPOD_WORKSPACE_PATH='F:\\Work\\HWLAB-CASE-F103\\.worktree\\caserun-d601-f103-v2-arm2d-integration-20260608115850-6d880ebc' && tools/hwpod build 2>&1\nstdout:\n{ \"ok\": true, \"action\": \"hwpod-cli.invoke\", \"status\": \"completed\", \"specPath\": \"hwpod://d601-f103-v2\", \"hwpodId\": \"d601-f103-v2\", \"specAuthority\": \"preinstalled-verified-spec\", \"intent\": \"debug.build\", \"contractVersion\": \"hwpod-node-ops-v1\", \"compilerInvocation\": { \"compiler\": \"hwpod-compiler-cli\", \"mode\": \"in-process\", \"entrypoint\": \"tools/src/hwpod-harness-lib.ts\", \"argv\": [ \"compile\", \"--hwpod-id\", \"d601-f103-v2\", \"--intent\", \"debug.build\", \"--args\", \"<json>\" ], \"exitCode\": 0, \"action\": \"hwpod-compiler.compile\", \"contractVersion\": \"hwpod-node-ops-v1\", \"planId\": \"hwpod_plan_da2e2983-a058-...\nexitCode=0",
          "exitCode": 0
        },
        {
          "source": "trace-row",
          "seq": 18109,
          "rowId": "tool:call_00_1KUrxog4eAETX5nVRyBO6750",
          "header": "12:04:31 total=00:05:30 ok commandExecution",
          "command": "export HWLAB_HWPOD_ID='d601-f103-v2' && export HWLAB_HWPOD_WORKSPACE_PATH='F:\\Work\\HWLAB-CASE-F103\\.worktree\\caserun-d601-f103-v2-arm2d-integration-20260608115850-6d880ebc' && tools/hwpod job status \"20260608_200425_c14bfe98\" 2>&1",
          "normalizedCommand": "export HWLAB_HWPOD_ID='d601-f103-v2' && export HWLAB_HWPOD_WORKSPACE_PATH='F:\\Work\\HWLAB-CASE-F103\\.worktree\\caserun-d601-f103-v2-arm2d-integration-20260608115850-6d880ebc' && tools/hwpod job status \"20260608_200425_c14bfe98\" 2>&1",
          "bodyPreview": "export HWLAB_HWPOD_ID='d601-f103-v2' && export HWLAB_HWPOD_WORKSPACE_PATH='F:\\Work\\HWLAB-CASE-F103\\.worktree\\caserun-d601-f103-v2-arm2d-integration-20260608115850-6d880ebc' && tools/hwpod job status \"20260608_200425_c14bfe98\" 2>&1\nstdout:\n{ \"ok\": true, \"action\": \"hwpod-cli.invoke\", \"status\": \"completed\", \"specPath\": \"hwpod://d601-f103-v2\", \"hwpodId\": \"d601-f103-v2\", \"specAuthority\": \"preinstalled-verified-spec\", \"intent\": \"debug.job-status\", \"contractVersion\": \"hwpod-node-ops-v1\", \"compilerInvocation\": { \"compiler\": \"hwpod-compiler-cli\", \"mode\": \"in-process\", \"entrypoint\": \"tools/src/hwpod-harness-lib.ts\", \"argv\": [ \"compile\", \"--hwpod-id\", \"d601-f103-v2\", \"--intent\", \"debug.job-status\", \"--args\", \"<json>\" ], \"exitCode\": 0, \"action\": \"hwpod-compiler.compile\", \"contractVersion\": \"hwpod-node-ops-v1\", \"planId\": \"hwpod_plan_6b46...\nexitCode=0",
          "exitCode": 0
        },
        {
          "source": "trace-row",
          "seq": 18442,
          "rowId": "tool:call_00_IfgRIldhBO0TdJQQxxjV0835",
          "header": "12:04:36 total=00:05:36 ok commandExecution",
          "command": "export HWLAB_HWPOD_ID='d601-f103-v2' && export HWLAB_HWPOD_WORKSPACE_PATH='F:\\Work\\HWLAB-CASE-F103\\.worktree\\caserun-d601-f103-v2-arm2d-integration-20260608115850-6d880ebc' && tools/hwpod workspace cat \"projects/01_baseline/User/main.c\" 2>&1 | grep -o '\"content\": \".*\"' | head -1 | tr '\\\\' '\\n' | grep -v '\"'^r$'\"' | grep -v '\"'^n$'\"' | grep -v '\"'^\"'\"'",
          "normalizedCommand": "export HWLAB_HWPOD_ID='d601-f103-v2' && export HWLAB_HWPOD_WORKSPACE_PATH='F:\\Work\\HWLAB-CASE-F103\\.worktree\\caserun-d601-f103-v2-arm2d-integration-20260608115850-6d880ebc' && tools/hwpod workspace cat \"projects/01_baseline/User/main.c\" 2>&1 | grep -o '\"content\": \".*\"' | head -1 | tr '\\\\' '\\n' | grep -v '\"'^r$'\"' | grep -v '\"'^n$'\"' | grep -v '\"'^\"'\"",
          "bodyPreview": "export HWLAB_HWPOD_ID='d601-f103-v2' && export HWLAB_HWPOD_WORKSPACE_PATH='F:\\Work\\HWLAB-CASE-F103\\.worktree\\caserun-d601-f103-v2-arm2d-integration-20260608115850-6d880ebc' && tools/hwpod workspace cat \"projects/01_baseline/User/main.c\" 2>&1 | grep -o '\"content\": \".*\"' | head -1 | tr '\\\\' '\\n' | grep -v '\"'^r$'\"' | grep -v '\"'^n$'\"' | grep -v '\"'^\"'\"'\nstdout:\nn#include n#include n#include n#include n#include n#include n#include nint main(void) n{ n SystemCoreClockUpdate(); n sys_stm32_clock_init(9); n HAL_Init(); n led_init(); n usart_init(115200); n printf( n[D601-F103] device-pod LCD bring-up n d601_lcd_init(); n d601_gpio_init(); n d601_arm2d_demo_show(); n printf( n printf( n while (1) n { n jsonrpc_process(); n d601_arm2d_demo_task(); n } n} n\"\nexitCode=0",
          "exitCode": 0
        },
        {
          "source": "trace-row",
          "seq": 18775,
          "rowId": "tool:call_00_dbkoy4zLIV6wjO1AvfU93380",
          "header": "12:04:39 total=00:05:38 run commandExecution",
          "command": "export HWLAB_HWPOD_ID='d601-f103-v2' && export HWLAB_HWPOD_WORKSPACE_PATH='F:\\Work\\HWLAB-CASE-F103\\.worktree\\caserun-d601-f103-v2-arm2d-integration-20260608115850-6d880ebc' && tools/hwpod workspace cat \"projects/01_baseline/User/d601_arm2d_demo.c\" 2>&1 | grep -o '\"content\": \".*\"' | head -1 | tr '\\r\\n' ' ' | fold -w 80 | head -30",
          "normalizedCommand": "export HWLAB_HWPOD_ID='d601-f103-v2' && export HWLAB_HWPOD_WORKSPACE_PATH='F:\\Work\\HWLAB-CASE-F103\\.worktree\\caserun-d601-f103-v2-arm2d-integration-20260608115850-6d880ebc' && tools/hwpod workspace cat \"projects/01_baseline/User/d601_arm2d_demo.c\" 2>&1 | grep -o '\"content\": \".*\"' | head -1 | tr '\\r\\n' ' ' | fold -w 80 | head -30",
          "bodyPreview": "export HWLAB_HWPOD_ID='d601-f103-v2' && export HWLAB_HWPOD_WORKSPACE_PATH='F:\\Work\\HWLAB-CASE-F103\\.worktree\\caserun-d601-f103-v2-arm2d-integration-20260608115850-6d880ebc' && tools/hwpod workspace cat \"projects/01_baseline/User/d601_arm2d_demo.c\" 2>&1 | grep -o '\"content\": \".*\"' | head -1 | tr '\\r\\n' ' ' | fold -w 80 | head -30\nstdout:\ncommandExecution inProgress: /bin/sh -lc \"export HWLAB_HWPOD_ID='d601-f103-v2' && export HWLAB_HWPOD_WORKSPACE_PATH='F:\\\\Work\\\\HWLAB-CASE-F103\\\\.worktree\\\\caserun-d601-f103-v2-arm2d-integration-20260608115850-6d880ebc' && tools/hwpod workspace cat \\\"projects/01_baseline/User/d601_arm2d_demo.c\\\" 2>&1 | grep -o '\\\"content\\\": \\\".*\\\"' | head -1 | tr '\\\\r\\\\n' ' ' | fold -w 80 | head -30\""
        },
        {
          "source": "trace-row",
          "seq": 14228,
          "rowId": "tool:call_00_qXTwA1CPUZOhJhzC0uqD0544",
          "header": "12:01:25 total=00:02:24 ok commandExecution",
          "command": "export HWLAB_HWPOD_ID='d601-f103-v2' && export HWLAB_HWPOD_WORKSPACE_PATH='F:\\Work\\HWLAB-CASE-F103\\.worktree\\caserun-d601-f103-v2-arm2d-integration-20260608115850-6d880ebc' && tools/hwpod workspace cat \"projects/01_baseline/Projects/MDK-ARM/atk_f103.uvprojx\" 2>&1 | grep -o '\"truncated\": false' > /dev/null; echo \"Need to check build log. Trying to read log via hwpod workspace...\"; tools/hwpod workspace ls \"\" 2>&1 | grep \"state\" || true",
          "normalizedCommand": "hwpod workspace...\"; tools/hwpod workspace ls \"\" 2>&1 | grep \"state\" || true",
          "bodyPreview": "export HWLAB_HWPOD_ID='d601-f103-v2' && export HWLAB_HWPOD_WORKSPACE_PATH='F:\\Work\\HWLAB-CASE-F103\\.worktree\\caserun-d601-f103-v2-arm2d-integration-20260608115850-6d880ebc' && tools/hwpod workspace cat \"projects/01_baseline/Projects/MDK-ARM/atk_f103.uvprojx\" 2>&1 | grep -o '\"truncated\": false' > /dev/null; echo \"Need to check build log. Trying to read log via hwpod workspace...\"; tools/hwpod workspace ls \"\" 2>&1 | grep \"state\" || true\nstdout:\nNeed to check build log. Trying to read log via hwpod workspace...\nexitCode=0",
          "exitCode": 0
        }
      ]
    },
    "agentDiff": {
      "statusShort": "M projects/01_baseline/User/d601_arm2d_demo.c\n M projects/01_baseline/User/main.c",
      "diffStat": "projects/01_baseline/User/d601_arm2d_demo.c | 100 +++++++++++++++++++++++++---\n projects/01_baseline/User/main.c            |   3 +\n 2 files changed, 92 insertions(+), 11 deletions(-)",
      "diffPatchPath": "/root/hwlab-v02/.state/hwlab-cli/caserun/d601-f103-v2-arm2d-integration-20260608115850-6d880ebc/agent-diff.patch",
      "diffPatchSha256": "c6cda165485ca5e45c4a5e5588ff35cd9ac3b6672e275a7ccb8fe84035167ce6",
      "sourceRootStatusShort": "M projects/01_baseline/Projects/MDK-ARM/atk_f103.uvprojx",
      "sourceRootBaseline": {
        "label": "before-prepare",
        "statusShort": "M projects/01_baseline/Projects/MDK-ARM/atk_f103.uvprojx",
        "diffStat": ".../01_baseline/Projects/MDK-ARM/atk_f103.uvprojx   | 21 ++++++++++++++-------\n 1 file changed, 14 insertions(+), 7 deletions(-)",
        "diffSha256": "a847e886c801a597d96f40017f41c70262b024d5b6208bcc7ae343824c3c8d99",
        "diffBytes": 2029,
        "commands": {
          "status": {
            "label": "source-root-status",
            "httpStatus": 200,
            "exitCode": 0,
            "stdoutBytes": 56,
            "stderr": ""
          },
          "diffStat": {
            "label": "source-root-diff-stat",
            "httpStatus": 200,
            "exitCode": 0,
            "stdoutBytes": 128,
            "stderr": "warning: in the working copy of 'projects/01_baseline/Projects/MDK-ARM/atk_f103.uvprojx', LF will be replaced by CRLF the next time Git touches it"
          },
          "diffPatch": {
            "label": "source-root-diff-patch",
            "httpStatus": 200,
            "exitCode": 0,
            "stdoutBytes": 2029,
            "stderr": "warning: in the working copy of 'projects/01_baseline/Projects/MDK-ARM/atk_f103.uvprojx', LF will be replaced by CRLF the next time Git touches it"
          }
        }
      },
      "sourceRootAfterPrepare": {
        "label": "after-prepare",
        "statusShort": "M projects/01_baseline/Projects/MDK-ARM/atk_f103.uvprojx",
        "diffStat": ".../01_baseline/Projects/MDK-ARM/atk_f103.uvprojx   | 21 ++++++++++++++-------\n 1 file changed, 14 insertions(+), 7 deletions(-)",
        "diffSha256": "a847e886c801a597d96f40017f41c70262b024d5b6208bcc7ae343824c3c8d99",
        "diffBytes": 2029,
        "commands": {
          "status": {
            "label": "source-root-status",
            "httpStatus": 200,
            "exitCode": 0,
            "stdoutBytes": 56,
            "stderr": ""
          },
          "diffStat": {
            "label": "source-root-diff-stat",
            "httpStatus": 200,
            "exitCode": 0,
            "stdoutBytes": 128,
            "stderr": "warning: in the working copy of 'projects/01_baseline/Projects/MDK-ARM/atk_f103.uvprojx', LF will be replaced by CRLF the next time Git touches it"
          },
          "diffPatch": {
            "label": "source-root-diff-patch",
            "httpStatus": 200,
            "exitCode": 0,
            "stdoutBytes": 2029,
            "stderr": "warning: in the working copy of 'projects/01_baseline/Projects/MDK-ARM/atk_f103.uvprojx', LF will be replaced by CRLF the next time Git touches it"
          }
        }
      },
      "sourceRootAfterAgent": {
        "label": "after-agent",
        "statusShort": "M projects/01_baseline/Projects/MDK-ARM/atk_f103.uvprojx",
        "diffStat": ".../01_baseline/Projects/MDK-ARM/atk_f103.uvprojx   | 21 ++++++++++++++-------\n 1 file changed, 14 insertions(+), 7 deletions(-)",
        "diffSha256": "a847e886c801a597d96f40017f41c70262b024d5b6208bcc7ae343824c3c8d99",
        "diffBytes": 2029,
        "commands": {
          "status": {
            "label": "source-root-status",
            "httpStatus": 200,
            "exitCode": 0,
            "stdoutBytes": 56,
            "stderr": ""
          },
          "diffStat": {
            "label": "source-root-diff-stat",
            "httpStatus": 200,
            "exitCode": 0,
            "stdoutBytes": 128,
            "stderr": "warning: in the working copy of 'projects/01_baseline/Projects/MDK-ARM/atk_f103.uvprojx', LF will be replaced by CRLF the next time Git touches it"
          },
          "diffPatch": {
            "label": "source-root-diff-patch",
            "httpStatus": 200,
            "exitCode": 0,
            "stdoutBytes": 2029,
            "stderr": "warning: in the working copy of 'projects/01_baseline/Projects/MDK-ARM/atk_f103.uvprojx', LF will be replaced by CRLF the next time Git touches it"
          }
        }
      },
      "sourceRootChangedAfterPrepare": false,
      "sourceRootChangedAfterAgent": false,
      "requests": [
        {
          "label": "status",
          "httpStatus": 200,
          "exitCode": 0,
          "stdoutBytes": 81,
          "stderr": ""
        },
        {
          "label": "diff-stat",
          "httpStatus": 200,
          "exitCode": 0,
          "stdoutBytes": 183,
          "stderr": ""
        },
        {
          "label": "diff-patch",
          "httpStatus": 200,
          "exitCode": 0,
          "stdoutBytes": 5365,
          "stderr": ""
        },
        {
          "label": "source-root-baseline",
          "statusShort": "M projects/01_baseline/Projects/MDK-ARM/atk_f103.uvprojx",
          "diffSha256": "a847e886c801a597d96f40017f41c70262b024d5b6208bcc7ae343824c3c8d99"
        },
        {
          "label": "source-root-after-prepare",
          "statusShort": "M projects/01_baseline/Projects/MDK-ARM/atk_f103.uvprojx",
          "diffSha256": "a847e886c801a597d96f40017f41c70262b024d5b6208bcc7ae343824c3c8d99"
        },
        {
          "label": "source-root-after-agent",
          "statusShort": "M projects/01_baseline/Projects/MDK-ARM/atk_f103.uvprojx",
          "diffSha256": "a847e886c801a597d96f40017f41c70262b024d5b6208bcc7ae343824c3c8d99"
        }
      ]
    },
    "hwpod": {
      "source": "case-run-runner-post-agent-compile-check",
      "command": [
        "bun",
        "hwpod-cli.ts",
        "build",
        "--spec",
        "hwpod-spec.yaml",
        "--reason",
        "case-run d601-f103-v2-arm2d-integration d601-f103-v2-arm2d-integration-20260608115850-6d880ebc compile-only"
      ],
      "exitCode": 0,
      "stdoutJson": {
        "ok": true,
        "action": "hwpod-cli.invoke",
        "status": "completed",
        "results": [
          {
            "opId": "op_01_cmd_run",
            "op": "cmd.run",
            "ok": true,
            "status": "completed",
            "output": {
              "cwd": "F:\\Work\\HWLAB-CASE-F103\\.worktree\\caserun-d601-f103-v2-arm2d-integration-20260608115850-6d880ebc",
              "command": [
                "py",
                "-3",
                "C:\\Users\\liang\\.agents\\skills\\keil\\keil-cli.py",
                "build",
                "-p",
                "F:\\Work\\HWLAB-CASE-F103\\.worktree\\caserun-d601-f103-v2-arm2d-integration-20260608115850-6d880ebc\\projects\\01_baseline\\Projects\\MDK-ARM\\atk_f103.uvprojx",
                "-t",
                "USART"
              ],
              "exitCode": 0,
              "stdout": "{\r\n  \"accepted\": true,\r\n  \"command\": \"build\",\r\n  \"mode\": \"async\",\r\n  \"job_id\": \"20260608_200450_9a60df21\",\r\n  \"status\": \"queued\",\r\n  \"state_file\": \"C:\\\\Users\\\\liang\\\\.agents\\\\skills\\\\keil\\\\.state\\\\jobs\\\\20260608_200450_9a60df21.json\",\r\n  \"check_command\": \"py -3 keil-cli.py job-status 20260608_200450_9a60df21\",\r\n  \"hex_file_preview\": \"F:\\\\Work\\\\HWLAB-CASE-F103\\\\.worktree\\\\caserun-d601-f103-v2-arm2d-integration-20260608115850-6d880ebc\\\\projects\\\\01_baseline\\\\Output\\\\atk_f103.hex\",\r\n  \"axf_file_preview\": \"F:\\\\Work\\\\HWLAB-CASE-F103\\\\.worktree\\\\caserun-d601-f103-v2-arm2d-integration-20260608115850-6d880ebc\\\\projects\\\\01_baseline\\\\Output\\\\atk_f103.axf\"\r\n}\r\n",
              "stderr": "",
              "ok": true,
              "commandResolution": {
                "requested": "py",
                "command": "py",
                "resolved": false,
                "source": "process-path",
                "candidates": []
              }
            }
          }
        ]
      }
    },
    "keilJob": {
      "status": "completed",
      "returnCode": 0,
      "warningCount": 0,
      "success": true,
      "artifacts": [
        "F:\\Work\\HWLAB-CASE-F103\\.worktree\\caserun-d601-f103-v2-arm2d-integration-20260608115850-6d880ebc\\projects\\01_baseline\\Output\\atk_f103.hex",
        "F:\\Work\\HWLAB-CASE-F103\\.worktree\\caserun-d601-f103-v2-arm2d-integration-20260608115850-6d880ebc\\projects\\01_baseline\\Output\\atk_f103.axf"
      ],
      "raw": {
        "job_id": "20260608_200450_9a60df21",
        "command": "build",
        "status": "completed",
        "created_at": "2026-06-08T20:04:50.450466",
        "started_at": "2026-06-08T20:04:50.648655",
        "finished_at": "2026-06-08T20:04:53.011235",
        "return_code": 0,
        "success": true,
        "params": {
          "project": "F:\\Work\\HWLAB-CASE-F103\\.worktree\\caserun-d601-f103-v2-arm2d-integration-20260608115850-6d880ebc\\projects\\01_baseline\\Projects\\MDK-ARM\\atk_f103.uvprojx",
          "programmer": null,
          "probe": null,
          "target": "USART",
          "program_backend": null,
          "erase_mode": null
        },
        "result": {
          "return_code": 0,
          "success": true,
          "message": "Build completed successfully",
          "hex_file": "F:\\Work\\HWLAB-CASE-F103\\.worktree\\caserun-d601-f103-v2-arm2d-integration-20260608115850-6d880ebc\\projects\\01_baseline\\Output\\atk_f103.hex",
          "axf_file": "F:\\Work\\HWLAB-CASE-F103\\.worktree\\caserun-d601-f103-v2-arm2d-integration-20260608115850-6d880ebc\\projects\\01_baseline\\Output\\atk_f103.axf",
          "warning_count": 0,
          "target": "USART",
          "shared_output_cleanup": {
            "performed": false,
            "patterns": [],
            "removed_count": 0,
            "removed_files": []
          },
          "cleared_build_state_file": null,
          "build_state_file": "F:\\Work\\HWLAB-CASE-F103\\.worktree\\caserun-d601-f103-v2-arm2d-integration-20260608115850-6d880ebc\\projects\\01_baseline\\Projects\\MDK-ARM\\output\\.keil_target_build_state.json",
          "_log_file": "C:\\Users\\liang\\.agents\\skills\\keil\\logs\\20260608\\keil_build_20260608_200450.jsonl"
        },
        "log_file": "C:\\Users\\liang\\.agents\\skills\\keil\\logs\\20260608\\keil_build_20260608_200450.jsonl",
        "runner": {
          "argv": [
            "C:\\Users\\liang\\AppData\\Local\\Microsoft\\WindowsApps\\PythonSoftwareFoundation.Python.3.13_qbz5n2kfra8p0\\python.exe",
            "C:\\Users\\liang\\.agents\\skills\\keil\\keil-cli.py",
            "__job-runner",
            "--job-id",
            "20260608_200450_9a60df21",
            "--target-command",
            "build",
            "--project",
            "F:\\Work\\HWLAB-CASE-F103\\.worktree\\caserun-d601-f103-v2-arm2d-integration-20260608115850-6d880ebc\\projects\\01_baseline\\Projects\\MDK-ARM\\atk_f103.uvprojx",
            "--target",
            "USART"
          ],
          "cwd": "C:\\Users\\liang\\.agents\\skills\\keil",
          "stdout_file": "C:\\Users\\liang\\.agents\\skills\\keil\\.state\\job-logs\\20260608_200450_9a60df21.stdout.txt",
          "stderr_file": "C:\\Users\\liang\\.agents\\skills\\keil\\.state\\job-logs\\20260608_200450_9a60df21.stderr.txt",
          "launched_at": "2026-06-08T20:04:50.453766",
          "pid": 67040
        },
        "state_file": "C:\\Users\\liang\\.agents\\skills\\keil\\.state\\jobs\\20260608_200450_9a60df21.json",
        "runner_pid": 67040,
        "heartbeat_at": "2026-06-08T20:04:53.011237",
        "phase": "completed"
      },
      "jobId": "20260608_200450_9a60df21",
      "polls": 2,
      "timedOut": false
    },
    "artifacts": [
      "F:\\Work\\HWLAB-CASE-F103\\.worktree\\caserun-d601-f103-v2-arm2d-integration-20260608115850-6d880ebc\\projects\\01_baseline\\Output\\atk_f103.hex",
      "F:\\Work\\HWLAB-CASE-F103\\.worktree\\caserun-d601-f103-v2-arm2d-integration-20260608115850-6d880ebc\\projects\\01_baseline\\Output\\atk_f103.axf"
    ],
    "decisions": {
      "autoEvaluation": false,
      "runnerPostAgentCompileCheck": "recorded",
      "reason": "flow-only run: CaseRun records agent, diff and compile evidence without auto-grading them",
      "buildJobRelationship": "agent-build-observed-plus-runner-post-agent-check"
    },
    "buildJobs": {
      "agentBuildJobIds": [
        "20260608_200107_f1efc00b",
        "20260608_200204_42ce65c9",
        "20260608_200425_c14bfe98"
      ],
      "postAgentCompileJobId": "20260608_200450_9a60df21",
      "relationship": "agent-build-observed-plus-runner-post-agent-check",
      "runnerPostAgentCompileCheck": "recorded"
    }
  }
}
