{
  "generatedAt": "2026-06-06T17:22:55.698Z",
  "cli": "hwlab-cli",
  "version": "0.2.0-client",
  "ok": true,
  "action": "case.run",
  "status": "completed",
  "caseId": "d601-f103-v2-main-marker-download-uart",
  "runId": "issue1020-case2-r6-20260606-172100",
  "runDir": "/root/hwlab-v02/.state/hwlab-cli/caserun/issue1020-case2-r6-20260606-172100",
  "compileOnly": true,
  "prepare": {
    "status": "prepared",
    "caseId": "d601-f103-v2-main-marker-download-uart",
    "runId": "issue1020-case2-r6-20260606-172100",
    "specPath": "/root/hwlab-v02/.state/hwlab-cli/caserun/issue1020-case2-r6-20260606-172100/.hwlab/hwpod-spec.yaml",
    "apiUrl": "http://74.48.78.17:19667",
    "subject": {
      "repoLocalPath": "F:\\Work\\HWLAB-CASE-F103",
      "commitId": "df7a4e6e551fa90d64bde5537cc000f89d63dd20",
      "worktreePath": "F:\\Work\\HWLAB-CASE-F103\\.worktree\\caserun-issue1020-case2-r6-20260606-172100"
    }
  },
  "agent": {
    "stageStatus": "completed",
    "baseUrl": "http://74.48.78.17:19666",
    "projectId": "prj_hwpod_workbench",
    "providerProfile": "deepseek",
    "conversationId": "cnv_case_d601-f103-v2-main-marker-download-uart_issue1020-case2-r6-20260606-172100",
    "sessionId": "ses_570336c5-2ed5-4f56-acfe-95cd5b1c989f",
    "traceId": "trc_case_d601-f103-v2-main-marker-download-uart_02a5c5f0e660486ea9990013663587e6",
    "promptPath": "/root/hwlab-v02/.state/hwlab-cli/caserun/issue1020-case2-r6-20260606-172100/agent-prompt.md",
    "promptSha256": "38ba46e13412679bd14c32576510e7875974cca7a5b636aeebc223473d18010a",
    "polls": 50,
    "timedOut": false,
    "timeoutMs": 600000,
    "pollIntervalMs": 1000,
    "lastHttpStatus": 200,
    "nextPollCommand": "hwlab-cli client agent result trc_case_d601-f103-v2-main-marker-download-uart_02a5c5f0e660486ea9990013663587e6",
    "traceCommand": "hwlab-cli client agent trace trc_case_d601-f103-v2-main-marker-download-uart_02a5c5f0e660486ea9990013663587e6 --render web",
    "inspectCommand": "hwlab-cli client agent inspect --trace-id trc_case_d601-f103-v2-main-marker-download-uart_02a5c5f0e660486ea9990013663587e6",
    "sessionCommand": "hwlab-cli client agent session status ses_570336c5-2ed5-4f56-acfe-95cd5b1c989f",
    "traceLookup": {
      "source": "hwlab-cli.client.agent",
      "strategy": "id_plus_existing_cli",
      "note": "CaseRun records trace/session identity and reuses existing HWLAB Web-equivalent agent CLI for trace/result/inspect; it does not implement a separate trace query path.",
      "baseUrl": "http://74.48.78.17:19666",
      "traceId": "trc_case_d601-f103-v2-main-marker-download-uart_02a5c5f0e660486ea9990013663587e6",
      "sessionId": "ses_570336c5-2ed5-4f56-acfe-95cd5b1c989f",
      "conversationId": "cnv_case_d601-f103-v2-main-marker-download-uart_issue1020-case2-r6-20260606-172100",
      "commands": {
        "result": "hwlab-cli client agent result trc_case_d601-f103-v2-main-marker-download-uart_02a5c5f0e660486ea9990013663587e6",
        "trace": "hwlab-cli client agent trace trc_case_d601-f103-v2-main-marker-download-uart_02a5c5f0e660486ea9990013663587e6 --render web",
        "traceFull": "hwlab-cli client agent trace trc_case_d601-f103-v2-main-marker-download-uart_02a5c5f0e660486ea9990013663587e6 --render web --full",
        "inspect": "hwlab-cli client agent inspect --trace-id trc_case_d601-f103-v2-main-marker-download-uart_02a5c5f0e660486ea9990013663587e6",
        "sessionStatus": "hwlab-cli client agent session status ses_570336c5-2ed5-4f56-acfe-95cd5b1c989f"
      }
    }
  },
  "agentTrace": {
    "traceId": "trc_case_d601-f103-v2-main-marker-download-uart_02a5c5f0e660486ea9990013663587e6",
    "status": "completed",
    "httpStatus": 200,
    "source": "hwlab-cli.client.agent.trace",
    "lookup": {
      "source": "hwlab-cli.client.agent",
      "strategy": "id_plus_existing_cli",
      "note": "CaseRun records trace/session identity and reuses existing HWLAB Web-equivalent agent CLI for trace/result/inspect; it does not implement a separate trace query path.",
      "baseUrl": "http://74.48.78.17:19666",
      "traceId": "trc_case_d601-f103-v2-main-marker-download-uart_02a5c5f0e660486ea9990013663587e6",
      "sessionId": "ses_570336c5-2ed5-4f56-acfe-95cd5b1c989f",
      "conversationId": "cnv_case_d601-f103-v2-main-marker-download-uart_issue1020-case2-r6-20260606-172100",
      "commands": {
        "result": "hwlab-cli client agent result trc_case_d601-f103-v2-main-marker-download-uart_02a5c5f0e660486ea9990013663587e6",
        "trace": "hwlab-cli client agent trace trc_case_d601-f103-v2-main-marker-download-uart_02a5c5f0e660486ea9990013663587e6 --render web",
        "traceFull": "hwlab-cli client agent trace trc_case_d601-f103-v2-main-marker-download-uart_02a5c5f0e660486ea9990013663587e6 --render web --full",
        "inspect": "hwlab-cli client agent inspect --trace-id trc_case_d601-f103-v2-main-marker-download-uart_02a5c5f0e660486ea9990013663587e6",
        "sessionStatus": "hwlab-cli client agent session status ses_570336c5-2ed5-4f56-acfe-95cd5b1c989f"
      }
    },
    "sourceEventCount": 3701,
    "renderedRowCount": 62,
    "commandCount": 22,
    "hwpodCommandCount": 18,
    "hwpodBuildCommandCount": 1,
    "keilJobCandidates": [
      "20260607_012141_574c28cc",
      "20260607_012152_0fd74e6e"
    ],
    "terminalStatus": "completed",
    "commands": [
      {
        "source": "trace-row",
        "seq": 745,
        "rowId": "tool:call_00_itS6Oi5QBANB6vpQxcv52871",
        "header": "17:21:35 total=00:00:39 ok commandExecution",
        "command": "hwpod-ctl spec validate --spec .hwlab/hwpod-spec.yaml 2>&1",
        "normalizedCommand": "hwpod-ctl spec validate --spec .hwlab/hwpod-spec.yaml 2>&1",
        "bodyPreview": "hwpod-ctl spec validate --spec .hwlab/hwpod-spec.yaml 2>&1 stdout: { \"ok\": true, \"action\": \"hwpod-ctl.spec.validate\", \"status\": \"succeeded\", \"specPath\": \".hwlab/hwpod-spec.yaml\", \"document\": { \"apiVersion\": \"hwlab.dev/v0alpha1\", \"kind\": \"Hwpod\", \"metadata\": { \"uid\": \"D601-F103-V2\", \"name\": \"d601-f103-v2\" }, \"spec\": { \"targetDevice\": { \"board\": \"D601-F103-V2\", \"mcu\": \"STM32F103\" }, \"workspace\": { \"path\": \"F:\\\\Work\\\\HWLAB-CASE-F103\\\\.worktree\\\\caserun-issue1020-case2-r6-20260606-172100\", \"toolchain\": \"keil-mdk\", \"keilProject\": \"projects/01_baseline/Projects/MDK-ARM/atk_f103.uvprojx\", \"keilTarget\": \"USART\", \"keilCliPath\": \"C:\\\\Users\\\\liang\\\\.agents\\\\skills\\\\k... exitCode=0",
        "exitCode": 0
      },
      {
        "source": "trace-row",
        "seq": 874,
        "rowId": "tool:call_00_uOWKg0dLBv65tYTBNYnp1153",
        "header": "17:21:40 total=00:00:43 ok commandExecution",
        "command": "hwpod inspect --spec .hwlab/hwpod-spec.yaml 2>&1",
        "normalizedCommand": "hwpod inspect --spec .hwlab/hwpod-spec.yaml 2>&1",
        "bodyPreview": "hwpod inspect --spec .hwlab/hwpod-spec.yaml 2>&1 stdout: { \"ok\": true, \"action\": \"hwpod-cli.invoke\", \"status\": \"completed\", \"specPath\": \".hwlab/hwpod-spec.yaml\", \"intent\": \"inspect\", \"contractVersion\": \"hwpod-node-ops-v1\", \"compilerInvocation\": { \"compiler\": \"hwpod-compiler-cli\", \"mode\": \"subprocess\", \"entrypoint\": \"tools/hwpod-compiler-cli.ts\", \"argv\": [ \"compile\", \"--spec\", \".hwlab/hwpod-spec.yaml\", \"--intent\", \"inspect\", \"--args\", \"<json>\" ], \"exitCode\": 0, \"action\": \"hwpod-compiler.compile\", \"contractVersion\": \"hwpod-node-ops-v1\", \"planId\": \"hwpod_plan_7a69c857-912a-4b35-842a-f152b951acf7\", \"source\": { \"compiler\": \"hwpod-compiler-cli\", \"specP... exitCode=0",
        "exitCode": 0
      },
      {
        "source": "trace-row",
        "seq": 471,
        "rowId": "tool:call_00_6yv4ZOprlGsRKRl60iAt4012",
        "header": "17:21:26 total=00:00:30 ok commandExecution",
        "command": "hwpod workspace insert-after --path projects/01_baseline/User/main.c --anchor \"sys_stm32_clock_init\" --line \" printf(\\\"[D601-F103] CaseRun UART marker issue1020-case2-r6-20260606-172100\\\\r\\\\n\\\");\" --spec .hwlab/hwpod-spec.yaml 2>&1",
        "normalizedCommand": "hwpod workspace insert-after --path projects/01_baseline/User/main.c --anchor \"sys_stm32_clock_init\" --line \" printf(\\\"[D601-F103] CaseRun UART marker issue1020-case2-r6-20260606-172100\\\\r\\\\n\\\");\" --spec .hwlab/hwpod-spec.yaml 2>&1",
        "bodyPreview": "hwpod workspace insert-after --path projects/01_baseline/User/main.c --anchor \"sys_stm32_clock_init\" --line \" printf(\\\"[D601-F103] CaseRun UART marker issue1020-case2-r6-20260606-172100\\\\r\\\\n\\\");\" --spec .hwlab/hwpod-spec.yaml 2>&1 stdout: { \"ok\": true, \"action\": \"hwpod-cli.invoke\", \"status\": \"completed\", \"specPath\": \".hwlab/hwpod-spec.yaml\", \"intent\": \"workspace.insert-after\", \"contractVersion\": \"hwpod-node-ops-v1\", \"compilerInvocation\": { \"compiler\": \"hwpod-compiler-cli\", \"mode\": \"subprocess\", \"entrypoint\": \"tools/hwpod-compiler-cli.ts\", \"argv\": [ \"compile\", \"--spec\", \".hwlab/hwpod-spec.yaml\", \"--intent\", \"workspace.insert-after\", \"--args\", \"<json>\" ], \"exitCode\": 0, \"action\": \"hwpod-compiler.compile\", \"contractVersion\": \"hwpod-node-ops-v1\", \"planId\": \"hwpod_plan_d2723658-80bb-4eaa-aa7a-f0f555d9817a\", \"source\": { \"compiler\"... exitCode=0",
        "exitCode": 0
      },
      {
        "source": "trace-row",
        "seq": 1147,
        "rowId": "tool:call_00_Az8DVFxZ2weBrbjCBqcR8527",
        "header": "17:21:45 total=00:00:48 ok commandExecution",
        "command": "hwpod build --spec .hwlab/hwpod-spec.yaml 2>&1",
        "normalizedCommand": "hwpod build --spec .hwlab/hwpod-spec.yaml 2>&1",
        "bodyPreview": "hwpod build --spec .hwlab/hwpod-spec.yaml 2>&1 stdout: { \"ok\": true, \"action\": \"hwpod-cli.invoke\", \"status\": \"completed\", \"specPath\": \".hwlab/hwpod-spec.yaml\", \"intent\": \"debug.build\", \"contractVersion\": \"hwpod-node-ops-v1\", \"compilerInvocation\": { \"compiler\": \"hwpod-compiler-cli\", \"mode\": \"subprocess\", \"entrypoint\": \"tools/hwpod-compiler-cli.ts\", \"argv\": [ \"compile\", \"--spec\", \".hwlab/hwpod-spec.yaml\", \"--intent\", \"debug.build\", \"--args\", \"<json>\" ], \"exitCode\": 0, \"action\": \"hwpod-compiler.compile\", \"contractVersion\": \"hwpod-node-ops-v1\", \"planId\": \"hwpod_plan_9e5be438-393c-433a-a22a-dd7afb114bb9\", \"source\": { \"compiler\": \"hwpod-compiler-cli\"... exitCode=0",
        "exitCode": 0
      },
      {
        "source": "trace-row",
        "seq": 1541,
        "rowId": "tool:call_00_xXBuZ51q4qWis0J9lhOZ3001",
        "header": "17:21:55 total=00:00:59 ok commandExecution",
        "command": "hwpod download --spec .hwlab/hwpod-spec.yaml 2>&1",
        "normalizedCommand": "hwpod download --spec .hwlab/hwpod-spec.yaml 2>&1",
        "bodyPreview": "hwpod download --spec .hwlab/hwpod-spec.yaml 2>&1 stdout: { \"ok\": true, \"action\": \"hwpod-cli.invoke\", \"status\": \"completed\", \"specPath\": \".hwlab/hwpod-spec.yaml\", \"intent\": \"debug.download\", \"contractVersion\": \"hwpod-node-ops-v1\", \"compilerInvocation\": { \"compiler\": \"hwpod-compiler-cli\", \"mode\": \"subprocess\", \"entrypoint\": \"tools/hwpod-compiler-cli.ts\", \"argv\": [ \"compile\", \"--spec\", \".hwlab/hwpod-spec.yaml\", \"--intent\", \"debug.download\", \"--args\", \"<json>\" ], \"exitCode\": 0, \"action\": \"hwpod-compiler.compile\", \"contractVersion\": \"hwpod-node-ops-v1\", \"planId\": \"hwpod_plan_3ca38ce4-9ee6-4a56-be2f-afd445576ae3\", \"source\": { \"compiler\": \"hwpod-compile... exitCode=0",
        "exitCode": 0
      },
      {
        "source": "trace-row",
        "seq": 2518,
        "rowId": "tool:call_00_BClxtsqRo2ZhUW0KHBMv7766",
        "header": "17:22:13 total=00:01:16 ok commandExecution",
        "command": "hwpod uart read --port uart1 --max-bytes 4096 --spec .hwlab/hwpod-spec.yaml 2>&1",
        "normalizedCommand": "hwpod uart read --port uart1 --max-bytes 4096 --spec .hwlab/hwpod-spec.yaml 2>&1",
        "bodyPreview": "hwpod uart read --port uart1 --max-bytes 4096 --spec .hwlab/hwpod-spec.yaml 2>&1 stdout: { \"ok\": true, \"action\": \"hwpod-cli.invoke\", \"status\": \"completed\", \"specPath\": \".hwlab/hwpod-spec.yaml\", \"intent\": \"io.uart.read\", \"contractVersion\": \"hwpod-node-ops-v1\", \"compilerInvocation\": { \"compiler\": \"hwpod-compiler-cli\", \"mode\": \"subprocess\", \"entrypoint\": \"tools/hwpod-compiler-cli.ts\", \"argv\": [ \"compile\", \"--spec\", \".hwlab/hwpod-spec.yaml\", \"--intent\", \"io.uart.read\", \"--args\", \"<json>\" ], \"exitCode\": 0, \"action\": \"hwpod-compiler.compile\", \"contractVersion\": \"hwpod-node-ops-v1\", \"planId\": \"hwpod_plan_ae4e627a-f7c8-4c27-8dc5-f3da6092d5a4\", \"source\": { \"compiler\": \"hwpod-compiler-cl... exitCode=0",
        "exitCode": 0
      },
      {
        "source": "trace-row",
        "seq": 99,
        "rowId": "tool:call_00_DU27Xz90HQXM7eIN5tK29351",
        "header": "17:21:10 total=00:00:13 ok commandExecution",
        "command": "ls -la /home/agentrun/workspaces/48609cd68e3e0370/.hwlab/hwpod-spec.yaml 2>&1 || echo \"MISSING\"",
        "normalizedCommand": "ls -la /home/agentrun/workspaces/48609cd68e3e0370/.hwlab/hwpod-spec.yaml 2>&1 || echo \"MISSING",
        "bodyPreview": "ls -la /home/agentrun/workspaces/48609cd68e3e0370/.hwlab/hwpod-spec.yaml 2>&1 || echo \"MISSING\" stdout: -rw-r--r-- 1 root root 743 Jun 6 17:21 /home/agentrun/workspaces/48609cd68e3e0370/.hwlab/hwpod-spec.yaml exitCode=0",
        "exitCode": 0
      },
      {
        "source": "trace-row",
        "seq": 121,
        "rowId": "tool:call_01_a9lQt4wLNxKGYNnnCstQ0411",
        "header": "17:21:10 total=00:00:14 ok commandExecution",
        "command": "cat /home/agentrun/workspaces/48609cd68e3e0370/.hwlab/hwpod-spec.yaml 2>&1 | head -80",
        "normalizedCommand": "cat /home/agentrun/workspaces/48609cd68e3e0370/.hwlab/hwpod-spec.yaml 2>&1 | head -80",
        "bodyPreview": "cat /home/agentrun/workspaces/48609cd68e3e0370/.hwlab/hwpod-spec.yaml 2>&1 | head -80 stdout: apiVersion: hwlab.dev/v0alpha1 kind: Hwpod metadata: uid: D601-F103-V2 name: d601-f103-v2 spec: targetDevice: board: D601-F103-V2 mcu: STM32F103 workspace: path: \"F:\\\\Work\\\\HWLAB-CASE-F103\\\\.worktree\\\\caserun-issue1020-case2-r6-20260606-172100\" toolchain: keil-mdk keilProject: projects/01_baseline/Projects/MDK-ARM/atk_f103.uvprojx keilTarget: USART keilCliPath: \"C:\\\\Users\\\\liang\\\\.agents\\\\skills\\\\keil\\\\keil-cli.py\" debugProbe: type: daplink adapter: keil probeUid: 95FFF39D3DB47E0D probeName: MicroKeenV4 CMSIS-DAP programBackend: keil ioProbe: uart: id: uart/1 port: COM9 baudrate: 115200 nod... exitCode=0",
        "exitCode": 0
      },
      {
        "source": "trace-row",
        "seq": 149,
        "rowId": "tool:call_00_RJ8a9vEwMX0DOvlSmc6Y2906",
        "header": "17:21:13 total=00:00:16 ok commandExecution",
        "command": "command -v hwpod 2>&1; command -v hwpod-ctl 2>&1; command -v hwpod-compiler 2>&1 || true",
        "normalizedCommand": "command -v hwpod 2>&1; command -v hwpod-ctl 2>&1; command -v hwpod-compiler 2>&1 || true",
        "bodyPreview": "command -v hwpod 2>&1; command -v hwpod-ctl 2>&1; command -v hwpod-compiler 2>&1 || true stdout: /usr/local/bin/hwpod /usr/local/bin/hwpod-ctl /usr/local/bin/hwpod-compiler exitCode=0",
        "exitCode": 0
      },
      {
        "source": "trace-row",
        "seq": 151,
        "rowId": "tool:call_01_dXPDnuQ4b7Qf2ySMUiwd7597",
        "header": "17:21:13 total=00:00:17 ok commandExecution",
        "command": "ls -la /home/agentrun/workspaces/48609cd68e3e0370/.agents/skills/ 2>&1",
        "normalizedCommand": "ls -la /home/agentrun/workspaces/48609cd68e3e0370/.agents/skills/ 2>&1",
        "bodyPreview": "ls -la /home/agentrun/workspaces/48609cd68e3e0370/.agents/skills/ 2>&1 stdout: total 20 drwxr-xr-x 5 root root 4096 Jun 6 17:21 . drwxr-xr-x 3 root root 4096 Jun 6 17:21 .. drwxr-xr-x 4 root root 4096 Jun 6 17:21 hwlab-agent-runtime drwxr-xr-x 2 root root 4096 Jun 6 17:21 hwpod-cli drwxr-xr-x 2 root root 4096 Jun 6 17:21 hwpod-ctl exitCode=0",
        "exitCode": 0
      },
      {
        "source": "trace-row",
        "seq": 182,
        "rowId": "tool:call_00_m7OJdgRynM2FKhM24FYq0599",
        "header": "17:21:15 total=00:00:19 ok commandExecution",
        "command": "hwpod-ctl --help 2>&1 | head -40",
        "normalizedCommand": "hwpod-ctl --help 2>&1 | head -40",
        "bodyPreview": "hwpod-ctl --help 2>&1 | head -40 stdout: { \"ok\": true, \"action\": \"hwpod-ctl.help\", \"status\": \"succeeded\", \"contractVersion\": \"hwpod-ctl-v1\", \"usage\": [ \"bun tools/hwpod-ctl.ts spec init --spec .hwlab/hwpod-spec.yaml --node local-node\", \"bun tools/hwpod-ctl.ts spec validate --spec .hwlab/hwpod-spec.yaml\", \"bun tools/hwpod-ctl.ts spec set spec.workspace.path /workspace/firmware\", \"bun tools/hwpod-ctl.ts bind --node pc-host-1\" ], \"defaultSpecPath\": \".hwlab/hwpod-spec.yaml\", \"observedAt\": \"2026-06-06T17:21:15.434Z\" } exitCode=0",
        "exitCode": 0
      },
      {
        "source": "trace-row",
        "seq": 184,
        "rowId": "tool:call_01_9qygvrottFsTF2Tzryrv0974",
        "header": "17:21:15 total=00:00:19 ok commandExecution",
        "command": "hwpod --help 2>&1 | head -80",
        "normalizedCommand": "hwpod --help 2>&1 | head -80",
        "bodyPreview": "hwpod --help 2>&1 | head -80 stdout: { \"ok\": true, \"action\": \"hwpod-cli.help\", \"status\": \"succeeded\", \"contractVersion\": \"hwpod-node-ops-v1\", \"usage\": [ \"bun tools/hwpod-cli.ts inspect --dry-run\", \"bun tools/hwpod-cli.ts workspace ls . --dry-run\", \"bun tools/hwpod-cli.ts workspace cat projects/01_baseline/User/main.c --spec .hwlab/hwpod-spec.yaml\", \"bun tools/hwpod-cli.ts workspace read projects/01_baseline/User/main.c --spec .hwlab/hwpod-spec.yaml\", \"cat patch.txt | bun tools/hwpod-cli.ts workspace apply-patch --spec .hwlab/hwpod-spec.yaml --reason \\\"edit subject workspace through hwpod-node\\\"\", \"bun tools/hwpod-cli.ts worksp... exitCode=0",
        "exitCode": 0
      },
      {
        "source": "trace-row",
        "seq": 257,
        "rowId": "tool:call_00_R2bcuR8CooAUwiLq6PI60693",
        "header": "17:21:19 total=00:00:22 ok commandExecution",
        "command": "hwpod workspace cat projects/01_baseline/User/main.c --spec .hwlab/hwpod-spec.yaml 2>&1",
        "normalizedCommand": "hwpod workspace cat projects/01_baseline/User/main.c --spec .hwlab/hwpod-spec.yaml 2>&1",
        "bodyPreview": "hwpod workspace cat projects/01_baseline/User/main.c --spec .hwlab/hwpod-spec.yaml 2>&1 stdout: { \"ok\": true, \"action\": \"hwpod-cli.invoke\", \"status\": \"completed\", \"specPath\": \".hwlab/hwpod-spec.yaml\", \"intent\": \"workspace.cat\", \"contractVersion\": \"hwpod-node-ops-v1\", \"compilerInvocation\": { \"compiler\": \"hwpod-compiler-cli\", \"mode\": \"subprocess\", \"entrypoint\": \"tools/hwpod-compiler-cli.ts\", \"argv\": [ \"compile\", \"--spec\", \".hwlab/hwpod-spec.yaml\", \"--intent\", \"workspace.cat\", \"--args\", \"<json>\" ], \"exitCode\": 0, \"action\": \"hwpod-compiler.compile\", \"contractVersion\": \"hwpod-node-ops-v1\", \"planId\": \"hwpod_plan_56b547cd-b48f-4f6f-b921-fc731a68298b\", \"source\": { \"compiler\": \"hwpod-compiler-... exitCode=0",
        "exitCode": 0
      },
      {
        "source": "trace-row",
        "seq": 380,
        "rowId": "tool:call_00_7p1kTcpgmVaH0wZzMH1z7885",
        "header": "17:21:23 total=00:00:26 ok commandExecution",
        "command": "hwpod workspace insert-after --path projects/01_baseline/User/main.c --anchor \"printf(\\\"[D601-F103] device-pod LCD bring-up\" --line \" printf(\\\"[D601-F103] CaseRun UART marker issue1020-case2-r6-20260606-172100\\\\r\\\\n\\\");\" --spec .hwlab/hwpod-spec.yaml 2>&1",
        "normalizedCommand": "hwpod workspace insert-after --path projects/01_baseline/User/main.c --anchor \"printf(\\\"[D601-F103] device-pod LCD bring-up\" --line \" printf(\\\"[D601-F103] CaseRun UART marker issue1020-case2-r6-20260606-172100\\\\r\\\\n\\\");\" --spec .hwlab/hwpod-spec.yaml 2>&1",
        "bodyPreview": "hwpod workspace insert-after --path projects/01_baseline/User/main.c --anchor \"printf(\\\"[D601-F103] device-pod LCD bring-up\" --line \" printf(\\\"[D601-F103] CaseRun UART marker issue1020-case2-r6-20260606-172100\\\\r\\\\n\\\");\" --spec .hwlab/hwpod-spec.yaml 2>&1 stdout: { \"ok\": false, \"action\": \"hwpod-cli.invoke\", \"status\": \"failed\", \"specPath\": \".hwlab/hwpod-spec.yaml\", \"intent\": \"workspace.insert-after\", \"contractVersion\": \"hwpod-node-ops-v1\", \"compilerInvocation\": { \"compiler\": \"hwpod-compiler-cli\", \"mode\": \"subprocess\", \"entrypoint\": \"tools/hwpod-compiler-cli.ts\", \"argv\": [ \"compile\", \"--spec\", \".hwlab/hwpod-spec.yaml\", \"--intent\", \"workspace.insert-after\", \"--args\", \"<json>\" ], \"exitCode\": 0, \"action\": \"hwpod-compiler.compile\", \"contractVersion\": \"hwpod-node-ops-v1\", \"planId\": \"hwpod_plan_dafc23c6-d4a1-4448-a4c1-d8ee01c2dbb2\", \"source\": { \"compiler\": ... exitCode=1",
        "exitCode": 1
      },
      {
        "source": "trace-row",
        "seq": 522,
        "rowId": "tool:call_00_rPKs84hPOFXcfW1MizGr5426",
        "header": "17:21:28 total=00:00:32 ok commandExecution",
        "command": "hwpod workspace cat projects/01_baseline/User/main.c --spec .hwlab/hwpod-spec.yaml 2>&1 | head -40",
        "normalizedCommand": "hwpod workspace cat projects/01_baseline/User/main.c --spec .hwlab/hwpod-spec.yaml 2>&1 | head -40",
        "bodyPreview": "hwpod workspace cat projects/01_baseline/User/main.c --spec .hwlab/hwpod-spec.yaml 2>&1 | head -40 stdout: { \"ok\": true, \"action\": \"hwpod-cli.invoke\", \"status\": \"completed\", \"specPath\": \".hwlab/hwpod-spec.yaml\", \"intent\": \"workspace.cat\", \"contractVersion\": \"hwpod-node-ops-v1\", \"compilerInvocation\": { \"compiler\": \"hwpod-compiler-cli\", \"mode\": \"subprocess\", \"entrypoint\": \"tools/hwpod-compiler-cli.ts\", \"argv\": [ \"compile\", \"--spec\", \".hwlab/hwpod-spec.yaml\", \"--intent\", \"workspace.cat\", \"--args\", \"<json>\" ], \"exitCode\": 0, \"action\": \"hwpod-compiler.compile\", \"contractVersion\": \"hwpod-node-ops-v1\", \"planId\": \"hwpod_plan_0c446b17-b311-452f-9cec-454db2d8482e\", \"source\": { \"compiler\": \"hwpod-compiler-... exitCode=0",
        "exitCode": 0
      },
      {
        "source": "trace-row",
        "seq": 1223,
        "rowId": "tool:call_00_3Dc4dJ90M4SlaGkuYXP44363",
        "header": "17:21:47 total=00:00:51 ok commandExecution",
        "command": "hwpod job status 20260607_012141_574c28cc --spec .hwlab/hwpod-spec.yaml 2>&1",
        "normalizedCommand": "hwpod job status 20260607_012141_574c28cc --spec .hwlab/hwpod-spec.yaml 2>&1",
        "bodyPreview": "hwpod job status 20260607_012141_574c28cc --spec .hwlab/hwpod-spec.yaml 2>&1 stdout: { \"ok\": true, \"action\": \"hwpod-cli.invoke\", \"status\": \"completed\", \"specPath\": \".hwlab/hwpod-spec.yaml\", \"intent\": \"debug.job-status\", \"contractVersion\": \"hwpod-node-ops-v1\", \"compilerInvocation\": { \"compiler\": \"hwpod-compiler-cli\", \"mode\": \"subprocess\", \"entrypoint\": \"tools/hwpod-compiler-cli.ts\", \"argv\": [ \"compile\", \"--spec\", \".hwlab/hwpod-spec.yaml\", \"--intent\", \"debug.job-status\", \"--args\", \"<json>\" ], \"exitCode\": 0, \"action\": \"hwpod-compiler.compile\", \"contractVersion\": \"hwpod-node-ops-v1\", \"planId\": \"hwpod_plan_37629590-9bb0-4589-92f2-0d7133da90ad\", \"source\": { \"compiler\": \"hwpod-com... exitCode=0",
        "exitCode": 0
      },
      {
        "source": "trace-row",
        "seq": 1377,
        "rowId": "tool:call_00_9JXDJ5f16Y7PO9sEXyQb2184",
        "header": "17:21:50 total=00:00:54 ok commandExecution",
        "command": "hwpod job status 20260607_012141_574c28cc --spec .hwlab/hwpod-spec.yaml 2>&1",
        "normalizedCommand": "hwpod job status 20260607_012141_574c28cc --spec .hwlab/hwpod-spec.yaml 2>&1",
        "bodyPreview": "hwpod job status 20260607_012141_574c28cc --spec .hwlab/hwpod-spec.yaml 2>&1 stdout: { \"ok\": true, \"action\": \"hwpod-cli.invoke\", \"status\": \"completed\", \"specPath\": \".hwlab/hwpod-spec.yaml\", \"intent\": \"debug.job-status\", \"contractVersion\": \"hwpod-node-ops-v1\", \"compilerInvocation\": { \"compiler\": \"hwpod-compiler-cli\", \"mode\": \"subprocess\", \"entrypoint\": \"tools/hwpod-compiler-cli.ts\", \"argv\": [ \"compile\", \"--spec\", \".hwlab/hwpod-spec.yaml\", \"--intent\", \"debug.job-status\", \"--args\", \"<json>\" ], \"exitCode\": 0, \"action\": \"hwpod-compiler.compile\", \"contractVersion\": \"hwpod-node-ops-v1\", \"planId\": \"hwpod_plan_b1ba3130-3147-4a86-9091-3c5f23e5e4c5\", \"source\": { \"compiler\": \"hwpod-com... exitCode=0",
        "exitCode": 0
      },
      {
        "source": "trace-row",
        "seq": 1715,
        "rowId": "tool:call_00_9dOOKThyM6mYtkyAoiVZ5313",
        "header": "17:21:58 total=00:01:02 ok commandExecution",
        "command": "hwpod job status 20260607_012152_0fd74e6e --spec .hwlab/hwpod-spec.yaml 2>&1",
        "normalizedCommand": "hwpod job status 20260607_012152_0fd74e6e --spec .hwlab/hwpod-spec.yaml 2>&1",
        "bodyPreview": "hwpod job status 20260607_012152_0fd74e6e --spec .hwlab/hwpod-spec.yaml 2>&1 stdout: { \"ok\": true, \"action\": \"hwpod-cli.invoke\", \"status\": \"completed\", \"specPath\": \".hwlab/hwpod-spec.yaml\", \"intent\": \"debug.job-status\", \"contractVersion\": \"hwpod-node-ops-v1\", \"compilerInvocation\": { \"compiler\": \"hwpod-compiler-cli\", \"mode\": \"subprocess\", \"entrypoint\": \"tools/hwpod-compiler-cli.ts\", \"argv\": [ \"compile\", \"--spec\", \".hwlab/hwpod-spec.yaml\", \"--intent\", \"debug.job-status\", \"--args\", \"<json>\" ], \"exitCode\": 0, \"action\": \"hwpod-compiler.compile\", \"contractVersion\": \"hwpod-node-ops-v1\", \"planId\": \"hwpod_plan_23a66177-1485-45b0-a16e-8bd0ca4fea3a\", \"source\": { \"compiler\": \"hwpod-com... exitCode=0",
        "exitCode": 0
      },
      {
        "source": "trace-row",
        "seq": 1808,
        "rowId": "tool:call_00_zqSclMmdnoadtyaofVaX8800",
        "header": "17:22:01 total=00:01:04 ok commandExecution",
        "command": "hwpod job status 20260607_012152_0fd74e6e --spec .hwlab/hwpod-spec.yaml 2>&1",
        "normalizedCommand": "hwpod job status 20260607_012152_0fd74e6e --spec .hwlab/hwpod-spec.yaml 2>&1",
        "bodyPreview": "hwpod job status 20260607_012152_0fd74e6e --spec .hwlab/hwpod-spec.yaml 2>&1 stdout: { \"ok\": true, \"action\": \"hwpod-cli.invoke\", \"status\": \"completed\", \"specPath\": \".hwlab/hwpod-spec.yaml\", \"intent\": \"debug.job-status\", \"contractVersion\": \"hwpod-node-ops-v1\", \"compilerInvocation\": { \"compiler\": \"hwpod-compiler-cli\", \"mode\": \"subprocess\", \"entrypoint\": \"tools/hwpod-compiler-cli.ts\", \"argv\": [ \"compile\", \"--spec\", \".hwlab/hwpod-spec.yaml\", \"--intent\", \"debug.job-status\", \"--args\", \"<json>\" ], \"exitCode\": 0, \"action\": \"hwpod-compiler.compile\", \"contractVersion\": \"hwpod-node-ops-v1\", \"planId\": \"hwpod_plan_2638482c-6322-45c3-9f10-fe23591bf621\", \"source\": { \"compiler\": \"hwpod-com... exitCode=0",
        "exitCode": 0
      },
      {
        "source": "trace-row",
        "seq": 1999,
        "rowId": "tool:call_00_OyuNnEOAywrq4gKpxTtr3162",
        "header": "17:22:03 total=00:01:07 ok commandExecution",
        "command": "hwpod job status 20260607_012152_0fd74e6e --spec .hwlab/hwpod-spec.yaml 2>&1",
        "normalizedCommand": "hwpod job status 20260607_012152_0fd74e6e --spec .hwlab/hwpod-spec.yaml 2>&1",
        "bodyPreview": "hwpod job status 20260607_012152_0fd74e6e --spec .hwlab/hwpod-spec.yaml 2>&1 stdout: { \"ok\": true, \"action\": \"hwpod-cli.invoke\", \"status\": \"completed\", \"specPath\": \".hwlab/hwpod-spec.yaml\", \"intent\": \"debug.job-status\", \"contractVersion\": \"hwpod-node-ops-v1\", \"compilerInvocation\": { \"compiler\": \"hwpod-compiler-cli\", \"mode\": \"subprocess\", \"entrypoint\": \"tools/hwpod-compiler-cli.ts\", \"argv\": [ \"compile\", \"--spec\", \".hwlab/hwpod-spec.yaml\", \"--intent\", \"debug.job-status\", \"--args\", \"<json>\" ], \"exitCode\": 0, \"action\": \"hwpod-compiler.compile\", \"contractVersion\": \"hwpod-node-ops-v1\", \"planId\": \"hwpod_plan_24bf74af-167b-4539-a9a4-fea8e021d233\", \"source\": { \"compiler\": \"hwpod-com... exitCode=0",
        "exitCode": 0
      },
      {
        "source": "trace-row",
        "seq": 2200,
        "rowId": "tool:call_00_If5LLVJpMfppeSO6xhoy7274",
        "header": "17:22:07 total=00:01:10 ok commandExecution",
        "command": "hwpod job status 20260607_012152_0fd74e6e --spec .hwlab/hwpod-spec.yaml 2>&1",
        "normalizedCommand": "hwpod job status 20260607_012152_0fd74e6e --spec .hwlab/hwpod-spec.yaml 2>&1",
        "bodyPreview": "hwpod job status 20260607_012152_0fd74e6e --spec .hwlab/hwpod-spec.yaml 2>&1 stdout: { \"ok\": true, \"action\": \"hwpod-cli.invoke\", \"status\": \"completed\", \"specPath\": \".hwlab/hwpod-spec.yaml\", \"intent\": \"debug.job-status\", \"contractVersion\": \"hwpod-node-ops-v1\", \"compilerInvocation\": { \"compiler\": \"hwpod-compiler-cli\", \"mode\": \"subprocess\", \"entrypoint\": \"tools/hwpod-compiler-cli.ts\", \"argv\": [ \"compile\", \"--spec\", \".hwlab/hwpod-spec.yaml\", \"--intent\", \"debug.job-status\", \"--args\", \"<json>\" ], \"exitCode\": 0, \"action\": \"hwpod-compiler.compile\", \"contractVersion\": \"hwpod-node-ops-v1\", \"planId\": \"hwpod_plan_19d75559-6a16-49a7-b922-101acb733496\", \"source\": { \"compiler\": \"hwpod-com... exitCode=0",
        "exitCode": 0
      },
      {
        "source": "trace-row",
        "seq": 629,
        "rowId": "tool:call_00_bFgOwhDq3n5iE3M59OjG8738",
        "header": "17:21:31 total=00:00:34 ok commandExecution",
        "command": "hwpod workspace cat projects/01_baseline/User/main.c --spec .hwlab/hwpod-spec.yaml 2>&1 | grep -F \"content\" -A 999",
        "normalizedCommand": "hwpod workspace cat projects/01_baseline/User/main.c --spec .hwlab/hwpod-spec.yaml 2>&1 | grep -F \"content\" -A 999",
        "bodyPreview": "hwpod workspace cat projects/01_baseline/User/main.c --spec .hwlab/hwpod-spec.yaml 2>&1 | grep -F \"content\" -A 999 stdout: \"content\": \"#include \\\"./SYSTEM/usart/usart.h\\\"\\r\\n#include \\\"stm32f1xx_hal.h\\\"\\r\\n#include \\\"./SYSTEM/sys/sys.h\\\"\\r\\n#include \\\"./BSP/LED/led.h\\\"\\r\\n#include \\\"jsonrpc_handler.h\\\"\\r\\n#include \\\"d601_lcd.h\\\"\\r\\n#include \\\"d601_arm2d_demo.h\\\"\\r\\n#include \\\"d601_gpio.h\\\"\\r\\n\\r\\nint main(void)\\r\\n{\\r\\n SystemCoreClockUpdate();\\r\\n sys_stm32_clock_init(9);\\r\\n printf(\\\"[D601-F103] CaseRun UART marker issue1020-case2-r6-20260606-172100\\\\r\\\\n\\\");\\r\\n HAL_Init();\\r\\n led_init();\\r\\n usart_init(115200);\\r\\n printf(\\\"\\\\r\\\\n[D601-F103] device-pod LCD bring-up\\\\r\\\\n\\\");\\r\\n\\r\\n d601_lcd_init();\\r\\n d6... exitCode=0",
        "exitCode": 0
      }
    ]
  },
  "traceLookup": {
    "source": "hwlab-cli.client.agent",
    "strategy": "id_plus_existing_cli",
    "note": "CaseRun records trace/session identity and reuses existing HWLAB Web-equivalent agent CLI for trace/result/inspect; it does not implement a separate trace query path.",
    "baseUrl": "http://74.48.78.17:19666",
    "traceId": "trc_case_d601-f103-v2-main-marker-download-uart_02a5c5f0e660486ea9990013663587e6",
    "sessionId": "ses_570336c5-2ed5-4f56-acfe-95cd5b1c989f",
    "conversationId": "cnv_case_d601-f103-v2-main-marker-download-uart_issue1020-case2-r6-20260606-172100",
    "commands": {
      "result": "hwlab-cli client agent result trc_case_d601-f103-v2-main-marker-download-uart_02a5c5f0e660486ea9990013663587e6",
      "trace": "hwlab-cli client agent trace trc_case_d601-f103-v2-main-marker-download-uart_02a5c5f0e660486ea9990013663587e6 --render web",
      "traceFull": "hwlab-cli client agent trace trc_case_d601-f103-v2-main-marker-download-uart_02a5c5f0e660486ea9990013663587e6 --render web --full",
      "inspect": "hwlab-cli client agent inspect --trace-id trc_case_d601-f103-v2-main-marker-download-uart_02a5c5f0e660486ea9990013663587e6",
      "sessionStatus": "hwlab-cli client agent session status ses_570336c5-2ed5-4f56-acfe-95cd5b1c989f"
    }
  },
  "agentDiff": {
    "statusShort": "M projects/01_baseline/User/main.c",
    "diffStat": "projects/01_baseline/User/main.c | 1 +\n 1 file changed, 1 insertion(+)",
    "diffPatchPath": "/root/hwlab-v02/.state/hwlab-cli/caserun/issue1020-case2-r6-20260606-172100/agent-diff.patch",
    "diffPatchSha256": "1097fe3f99dbc8f19e96b779a4b5c9aa40bd261cfdd25e31abfd65b88b8ecf01",
    "sourceRootStatusShort": "M projects/01_baseline/Projects/MDK-ARM/atk_f103.uvprojx",
    "requests": [
      {
        "label": "status",
        "httpStatus": 200,
        "exitCode": 0,
        "stdoutBytes": 34,
        "stderr": ""
      },
      {
        "label": "diff-stat",
        "httpStatus": 200,
        "exitCode": 0,
        "stdoutBytes": 70,
        "stderr": ""
      },
      {
        "label": "diff-patch",
        "httpStatus": 200,
        "exitCode": 0,
        "stdoutBytes": 430,
        "stderr": ""
      },
      {
        "label": "source-root-status",
        "httpStatus": 200,
        "exitCode": 0,
        "stdoutBytes": 56,
        "stderr": ""
      }
    ]
  },
  "build": {
    "status": "recorded",
    "autoEvaluation": false,
    "traceLookup": {
      "source": "hwlab-cli.client.agent",
      "strategy": "id_plus_existing_cli",
      "note": "CaseRun records trace/session identity and reuses existing HWLAB Web-equivalent agent CLI for trace/result/inspect; it does not implement a separate trace query path.",
      "baseUrl": "http://74.48.78.17:19666",
      "traceId": "trc_case_d601-f103-v2-main-marker-download-uart_02a5c5f0e660486ea9990013663587e6",
      "sessionId": "ses_570336c5-2ed5-4f56-acfe-95cd5b1c989f",
      "conversationId": "cnv_case_d601-f103-v2-main-marker-download-uart_issue1020-case2-r6-20260606-172100",
      "commands": {
        "result": "hwlab-cli client agent result trc_case_d601-f103-v2-main-marker-download-uart_02a5c5f0e660486ea9990013663587e6",
        "trace": "hwlab-cli client agent trace trc_case_d601-f103-v2-main-marker-download-uart_02a5c5f0e660486ea9990013663587e6 --render web",
        "traceFull": "hwlab-cli client agent trace trc_case_d601-f103-v2-main-marker-download-uart_02a5c5f0e660486ea9990013663587e6 --render web --full",
        "inspect": "hwlab-cli client agent inspect --trace-id trc_case_d601-f103-v2-main-marker-download-uart_02a5c5f0e660486ea9990013663587e6",
        "sessionStatus": "hwlab-cli client agent session status ses_570336c5-2ed5-4f56-acfe-95cd5b1c989f"
      }
    },
    "agentTraceCommandCount": 22,
    "agentTraceHwpodCommandCount": 18,
    "agentStage": {
      "source": "agent-trace-commands",
      "autoEvaluation": false,
      "commands": [
        {
          "kind": "spec-validate",
          "seq": 745,
          "exitCode": 0,
          "command": "hwpod-ctl spec validate --spec .hwlab/hwpod-spec.yaml 2>&1",
          "detail": "hwpod-ctl spec validate --spec .hwlab/hwpod-spec.yaml 2>&1 stdout: { \"ok\": true, \"action\": \"hwpod-ctl.spec.validate\", \"status\": \"succeeded\", \"specPath\": \".hwlab/hwpod-spec.yaml\", \"document\": { \"apiVersion\": \"hwlab.dev/v0alpha1\", \"kind\": \"Hwpod\", \"metadata\": { \"uid\": \"D601-F103-V2\", \"name\": \"d601-f103-v2\" }, \"spec\": { \"targetDevice\": { \"board\": \"D601-F103-V2\", \"mcu\": \"STM32F103\" }, \"workspace\": { \"path\": \"F:\\\\Work\\\\HWLAB-CASE-F103\\\\.worktree\\\\caserun-issue1020-case2-r6-20260606-172100\", \"toolchain\": \"keil-mdk\", \"keilProject\": \"projects/01_baseline/Projects/MDK-ARM/atk_f103.uvprojx\", \"keilTarget\": \"USART\", \"keilCliPath\": \"C:\\\\Users\\\\liang\\\\.agents\\\\skills\\\\k... exitCode=0"
        },
        {
          "kind": "inspect",
          "seq": 874,
          "exitCode": 0,
          "command": "hwpod inspect --spec .hwlab/hwpod-spec.yaml 2>&1",
          "detail": "hwpod inspect --spec .hwlab/hwpod-spec.yaml 2>&1 stdout: { \"ok\": true, \"action\": \"hwpod-cli.invoke\", \"status\": \"completed\", \"specPath\": \".hwlab/hwpod-spec.yaml\", \"intent\": \"inspect\", \"contractVersion\": \"hwpod-node-ops-v1\", \"compilerInvocation\": { \"compiler\": \"hwpod-compiler-cli\", \"mode\": \"subprocess\", \"entrypoint\": \"tools/hwpod-compiler-cli.ts\", \"argv\": [ \"compile\", \"--spec\", \".hwlab/hwpod-spec.yaml\", \"--intent\", \"inspect\", \"--args\", \"<json>\" ], \"exitCode\": 0, \"action\": \"hwpod-compiler.compile\", \"contractVersion\": \"hwpod-node-ops-v1\", \"planId\": \"hwpod_plan_7a69c857-912a-4b35-842a-f152b951acf7\", \"source\": { \"compiler\": \"hwpod-compiler-cli\", \"specP... exitCode=0"
        },
        {
          "kind": "workspace-edit",
          "seq": 471,
          "exitCode": 0,
          "command": "hwpod workspace insert-after --path projects/01_baseline/User/main.c --anchor \"sys_stm32_clock_init\" --line \" printf(\\\"[D601-F103] CaseRun UART marker issue1020-case2-r6-20260606-172100\\\\r\\\\n\\\");\" --spec .hwlab/hwpod-spec.yaml 2>&1",
          "detail": "hwpod workspace insert-after --path projects/01_baseline/User/main.c --anchor \"sys_stm32_clock_init\" --line \" printf(\\\"[D601-F103] CaseRun UART marker issue1020-case2-r6-20260606-172100\\\\r\\\\n\\\");\" --spec .hwlab/hwpod-spec.yaml 2>&1 stdout: { \"ok\": true, \"action\": \"hwpod-cli.invoke\", \"status\": \"completed\", \"specPath\": \".hwlab/hwpod-spec.yaml\", \"intent\": \"workspace.insert-after\", \"contractVersion\": \"hwpod-node-ops-v1\", \"compilerInvocation\": { \"compiler\": \"hwpod-compiler-cli\", \"mode\": \"subprocess\", \"entrypoint\": \"tools/hwpod-compiler-cli.ts\", \"argv\": [ \"compile\", \"--spec\", \".hwlab/hwpod-spec.yaml\", \"--intent\", \"workspace.insert-after\", \"--args\", \"<json>\" ], \"exitCode\": 0, \"action\": \"hwpod-compiler.compile\", \"contractVersion\": \"hwpod-node-ops-v1\", \"planId\": \"hwpod_plan_d2723658-80bb-4eaa-aa7a-f0f555d9817a\", \"source\": { \"compiler\"... exitCode=0"
        },
        {
          "kind": "build",
          "seq": 1147,
          "exitCode": 0,
          "command": "hwpod build --spec .hwlab/hwpod-spec.yaml 2>&1",
          "detail": "hwpod build --spec .hwlab/hwpod-spec.yaml 2>&1 stdout: { \"ok\": true, \"action\": \"hwpod-cli.invoke\", \"status\": \"completed\", \"specPath\": \".hwlab/hwpod-spec.yaml\", \"intent\": \"debug.build\", \"contractVersion\": \"hwpod-node-ops-v1\", \"compilerInvocation\": { \"compiler\": \"hwpod-compiler-cli\", \"mode\": \"subprocess\", \"entrypoint\": \"tools/hwpod-compiler-cli.ts\", \"argv\": [ \"compile\", \"--spec\", \".hwlab/hwpod-spec.yaml\", \"--intent\", \"debug.build\", \"--args\", \"<json>\" ], \"exitCode\": 0, \"action\": \"hwpod-compiler.compile\", \"contractVersion\": \"hwpod-node-ops-v1\", \"planId\": \"hwpod_plan_9e5be438-393c-433a-a22a-dd7afb114bb9\", \"source\": { \"compiler\": \"hwpod-compiler-cli\"... exitCode=0"
        },
        {
          "kind": "download",
          "seq": 1541,
          "exitCode": 0,
          "command": "hwpod download --spec .hwlab/hwpod-spec.yaml 2>&1",
          "detail": "hwpod download --spec .hwlab/hwpod-spec.yaml 2>&1 stdout: { \"ok\": true, \"action\": \"hwpod-cli.invoke\", \"status\": \"completed\", \"specPath\": \".hwlab/hwpod-spec.yaml\", \"intent\": \"debug.download\", \"contractVersion\": \"hwpod-node-ops-v1\", \"compilerInvocation\": { \"compiler\": \"hwpod-compiler-cli\", \"mode\": \"subprocess\", \"entrypoint\": \"tools/hwpod-compiler-cli.ts\", \"argv\": [ \"compile\", \"--spec\", \".hwlab/hwpod-spec.yaml\", \"--intent\", \"debug.download\", \"--args\", \"<json>\" ], \"exitCode\": 0, \"action\": \"hwpod-compiler.compile\", \"contractVersion\": \"hwpod-node-ops-v1\", \"planId\": \"hwpod_plan_3ca38ce4-9ee6-4a56-be2f-afd445576ae3\", \"source\": { \"compiler\": \"hwpod-compile... exitCode=0"
        },
        {
          "kind": "uart-read",
          "seq": 2518,
          "exitCode": 0,
          "command": "hwpod uart read --port uart1 --max-bytes 4096 --spec .hwlab/hwpod-spec.yaml 2>&1",
          "detail": "hwpod uart read --port uart1 --max-bytes 4096 --spec .hwlab/hwpod-spec.yaml 2>&1 stdout: { \"ok\": true, \"action\": \"hwpod-cli.invoke\", \"status\": \"completed\", \"specPath\": \".hwlab/hwpod-spec.yaml\", \"intent\": \"io.uart.read\", \"contractVersion\": \"hwpod-node-ops-v1\", \"compilerInvocation\": { \"compiler\": \"hwpod-compiler-cli\", \"mode\": \"subprocess\", \"entrypoint\": \"tools/hwpod-compiler-cli.ts\", \"argv\": [ \"compile\", \"--spec\", \".hwlab/hwpod-spec.yaml\", \"--intent\", \"io.uart.read\", \"--args\", \"<json>\" ], \"exitCode\": 0, \"action\": \"hwpod-compiler.compile\", \"contractVersion\": \"hwpod-node-ops-v1\", \"planId\": \"hwpod_plan_ae4e627a-f7c8-4c27-8dc5-f3da6092d5a4\", \"source\": { \"compiler\": \"hwpod-compiler-cl... exitCode=0"
        },
        {
          "kind": "hwpod-other",
          "seq": 182,
          "exitCode": 0,
          "command": "hwpod-ctl --help 2>&1 | head -40",
          "detail": "hwpod-ctl --help 2>&1 | head -40 stdout: { \"ok\": true, \"action\": \"hwpod-ctl.help\", \"status\": \"succeeded\", \"contractVersion\": \"hwpod-ctl-v1\", \"usage\": [ \"bun tools/hwpod-ctl.ts spec init --spec .hwlab/hwpod-spec.yaml --node local-node\", \"bun tools/hwpod-ctl.ts spec validate --spec .hwlab/hwpod-spec.yaml\", \"bun tools/hwpod-ctl.ts spec set spec.workspace.path /workspace/firmware\", \"bun tools/hwpod-ctl.ts bind --node pc-host-1\" ], \"defaultSpecPath\": \".hwlab/hwpod-spec.yaml\", \"observedAt\": \"2026-06-06T17:21:15.434Z\" } exitCode=0"
        },
        {
          "kind": "hwpod-other",
          "seq": 184,
          "exitCode": 0,
          "command": "hwpod --help 2>&1 | head -80",
          "detail": "hwpod --help 2>&1 | head -80 stdout: { \"ok\": true, \"action\": \"hwpod-cli.help\", \"status\": \"succeeded\", \"contractVersion\": \"hwpod-node-ops-v1\", \"usage\": [ \"bun tools/hwpod-cli.ts inspect --dry-run\", \"bun tools/hwpod-cli.ts workspace ls . --dry-run\", \"bun tools/hwpod-cli.ts workspace cat projects/01_baseline/User/main.c --spec .hwlab/hwpod-spec.yaml\", \"bun tools/hwpod-cli.ts workspace read projects/01_baseline/User/main.c --spec .hwlab/hwpod-spec.yaml\", \"cat patch.txt | bun tools/hwpod-cli.ts workspace apply-patch --spec .hwlab/hwpod-spec.yaml --reason \\\"edit subject workspace through hwpod-node\\\"\", \"bun tools/hwpod-cli.ts worksp... exitCode=0"
        },
        {
          "kind": "hwpod-other",
          "seq": 257,
          "exitCode": 0,
          "command": "hwpod workspace cat projects/01_baseline/User/main.c --spec .hwlab/hwpod-spec.yaml 2>&1",
          "detail": "hwpod workspace cat projects/01_baseline/User/main.c --spec .hwlab/hwpod-spec.yaml 2>&1 stdout: { \"ok\": true, \"action\": \"hwpod-cli.invoke\", \"status\": \"completed\", \"specPath\": \".hwlab/hwpod-spec.yaml\", \"intent\": \"workspace.cat\", \"contractVersion\": \"hwpod-node-ops-v1\", \"compilerInvocation\": { \"compiler\": \"hwpod-compiler-cli\", \"mode\": \"subprocess\", \"entrypoint\": \"tools/hwpod-compiler-cli.ts\", \"argv\": [ \"compile\", \"--spec\", \".hwlab/hwpod-spec.yaml\", \"--intent\", \"workspace.cat\", \"--args\", \"<json>\" ], \"exitCode\": 0, \"action\": \"hwpod-compiler.compile\", \"contractVersion\": \"hwpod-node-ops-v1\", \"planId\": \"hwpod_plan_56b547cd-b48f-4f6f-b921-fc731a68298b\", \"source\": { \"compiler\": \"hwpod-compiler-... exitCode=0"
        },
        {
          "kind": "workspace-edit",
          "seq": 380,
          "exitCode": 1,
          "command": "hwpod workspace insert-after --path projects/01_baseline/User/main.c --anchor \"printf(\\\"[D601-F103] device-pod LCD bring-up\" --line \" printf(\\\"[D601-F103] CaseRun UART marker issue1020-case2-r6-20260606-172100\\\\r\\\\n\\\");\" --spec .hwlab/hwpod-spec.yaml 2>&1",
          "detail": "hwpod workspace insert-after --path projects/01_baseline/User/main.c --anchor \"printf(\\\"[D601-F103] device-pod LCD bring-up\" --line \" printf(\\\"[D601-F103] CaseRun UART marker issue1020-case2-r6-20260606-172100\\\\r\\\\n\\\");\" --spec .hwlab/hwpod-spec.yaml 2>&1 stdout: { \"ok\": false, \"action\": \"hwpod-cli.invoke\", \"status\": \"failed\", \"specPath\": \".hwlab/hwpod-spec.yaml\", \"intent\": \"workspace.insert-after\", \"contractVersion\": \"hwpod-node-ops-v1\", \"compilerInvocation\": { \"compiler\": \"hwpod-compiler-cli\", \"mode\": \"subprocess\", \"entrypoint\": \"tools/hwpod-compiler-cli.ts\", \"argv\": [ \"compile\", \"--spec\", \".hwlab/hwpod-spec.yaml\", \"--intent\", \"workspace.insert-after\", \"--args\", \"<json>\" ], \"exitCode\": 0, \"action\": \"hwpod-compiler.compile\", \"contractVersion\": \"hwpod-node-ops-v1\", \"planId\": \"hwpod_plan_dafc23c6-d4a1-4448-a4c1-d8ee01c2dbb2\", \"source\": { \"compiler\": ... exitCode=1"
        },
        {
          "kind": "hwpod-other",
          "seq": 522,
          "exitCode": 0,
          "command": "hwpod workspace cat projects/01_baseline/User/main.c --spec .hwlab/hwpod-spec.yaml 2>&1 | head -40",
          "detail": "hwpod workspace cat projects/01_baseline/User/main.c --spec .hwlab/hwpod-spec.yaml 2>&1 | head -40 stdout: { \"ok\": true, \"action\": \"hwpod-cli.invoke\", \"status\": \"completed\", \"specPath\": \".hwlab/hwpod-spec.yaml\", \"intent\": \"workspace.cat\", \"contractVersion\": \"hwpod-node-ops-v1\", \"compilerInvocation\": { \"compiler\": \"hwpod-compiler-cli\", \"mode\": \"subprocess\", \"entrypoint\": \"tools/hwpod-compiler-cli.ts\", \"argv\": [ \"compile\", \"--spec\", \".hwlab/hwpod-spec.yaml\", \"--intent\", \"workspace.cat\", \"--args\", \"<json>\" ], \"exitCode\": 0, \"action\": \"hwpod-compiler.compile\", \"contractVersion\": \"hwpod-node-ops-v1\", \"planId\": \"hwpod_plan_0c446b17-b311-452f-9cec-454db2d8482e\", \"source\": { \"compiler\": \"hwpod-compiler-... exitCode=0"
        },
        {
          "kind": "hwpod-other",
          "seq": 1223,
          "exitCode": 0,
          "command": "hwpod job status 20260607_012141_574c28cc --spec .hwlab/hwpod-spec.yaml 2>&1",
          "detail": "hwpod job status 20260607_012141_574c28cc --spec .hwlab/hwpod-spec.yaml 2>&1 stdout: { \"ok\": true, \"action\": \"hwpod-cli.invoke\", \"status\": \"completed\", \"specPath\": \".hwlab/hwpod-spec.yaml\", \"intent\": \"debug.job-status\", \"contractVersion\": \"hwpod-node-ops-v1\", \"compilerInvocation\": { \"compiler\": \"hwpod-compiler-cli\", \"mode\": \"subprocess\", \"entrypoint\": \"tools/hwpod-compiler-cli.ts\", \"argv\": [ \"compile\", \"--spec\", \".hwlab/hwpod-spec.yaml\", \"--intent\", \"debug.job-status\", \"--args\", \"<json>\" ], \"exitCode\": 0, \"action\": \"hwpod-compiler.compile\", \"contractVersion\": \"hwpod-node-ops-v1\", \"planId\": \"hwpod_plan_37629590-9bb0-4589-92f2-0d7133da90ad\", \"source\": { \"compiler\": \"hwpod-com... exitCode=0"
        },
        {
          "kind": "hwpod-other",
          "seq": 1377,
          "exitCode": 0,
          "command": "hwpod job status 20260607_012141_574c28cc --spec .hwlab/hwpod-spec.yaml 2>&1",
          "detail": "hwpod job status 20260607_012141_574c28cc --spec .hwlab/hwpod-spec.yaml 2>&1 stdout: { \"ok\": true, \"action\": \"hwpod-cli.invoke\", \"status\": \"completed\", \"specPath\": \".hwlab/hwpod-spec.yaml\", \"intent\": \"debug.job-status\", \"contractVersion\": \"hwpod-node-ops-v1\", \"compilerInvocation\": { \"compiler\": \"hwpod-compiler-cli\", \"mode\": \"subprocess\", \"entrypoint\": \"tools/hwpod-compiler-cli.ts\", \"argv\": [ \"compile\", \"--spec\", \".hwlab/hwpod-spec.yaml\", \"--intent\", \"debug.job-status\", \"--args\", \"<json>\" ], \"exitCode\": 0, \"action\": \"hwpod-compiler.compile\", \"contractVersion\": \"hwpod-node-ops-v1\", \"planId\": \"hwpod_plan_b1ba3130-3147-4a86-9091-3c5f23e5e4c5\", \"source\": { \"compiler\": \"hwpod-com... exitCode=0"
        },
        {
          "kind": "hwpod-other",
          "seq": 1715,
          "exitCode": 0,
          "command": "hwpod job status 20260607_012152_0fd74e6e --spec .hwlab/hwpod-spec.yaml 2>&1",
          "detail": "hwpod job status 20260607_012152_0fd74e6e --spec .hwlab/hwpod-spec.yaml 2>&1 stdout: { \"ok\": true, \"action\": \"hwpod-cli.invoke\", \"status\": \"completed\", \"specPath\": \".hwlab/hwpod-spec.yaml\", \"intent\": \"debug.job-status\", \"contractVersion\": \"hwpod-node-ops-v1\", \"compilerInvocation\": { \"compiler\": \"hwpod-compiler-cli\", \"mode\": \"subprocess\", \"entrypoint\": \"tools/hwpod-compiler-cli.ts\", \"argv\": [ \"compile\", \"--spec\", \".hwlab/hwpod-spec.yaml\", \"--intent\", \"debug.job-status\", \"--args\", \"<json>\" ], \"exitCode\": 0, \"action\": \"hwpod-compiler.compile\", \"contractVersion\": \"hwpod-node-ops-v1\", \"planId\": \"hwpod_plan_23a66177-1485-45b0-a16e-8bd0ca4fea3a\", \"source\": { \"compiler\": \"hwpod-com... exitCode=0"
        },
        {
          "kind": "hwpod-other",
          "seq": 1808,
          "exitCode": 0,
          "command": "hwpod job status 20260607_012152_0fd74e6e --spec .hwlab/hwpod-spec.yaml 2>&1",
          "detail": "hwpod job status 20260607_012152_0fd74e6e --spec .hwlab/hwpod-spec.yaml 2>&1 stdout: { \"ok\": true, \"action\": \"hwpod-cli.invoke\", \"status\": \"completed\", \"specPath\": \".hwlab/hwpod-spec.yaml\", \"intent\": \"debug.job-status\", \"contractVersion\": \"hwpod-node-ops-v1\", \"compilerInvocation\": { \"compiler\": \"hwpod-compiler-cli\", \"mode\": \"subprocess\", \"entrypoint\": \"tools/hwpod-compiler-cli.ts\", \"argv\": [ \"compile\", \"--spec\", \".hwlab/hwpod-spec.yaml\", \"--intent\", \"debug.job-status\", \"--args\", \"<json>\" ], \"exitCode\": 0, \"action\": \"hwpod-compiler.compile\", \"contractVersion\": \"hwpod-node-ops-v1\", \"planId\": \"hwpod_plan_2638482c-6322-45c3-9f10-fe23591bf621\", \"source\": { \"compiler\": \"hwpod-com... exitCode=0"
        },
        {
          "kind": "hwpod-other",
          "seq": 1999,
          "exitCode": 0,
          "command": "hwpod job status 20260607_012152_0fd74e6e --spec .hwlab/hwpod-spec.yaml 2>&1",
          "detail": "hwpod job status 20260607_012152_0fd74e6e --spec .hwlab/hwpod-spec.yaml 2>&1 stdout: { \"ok\": true, \"action\": \"hwpod-cli.invoke\", \"status\": \"completed\", \"specPath\": \".hwlab/hwpod-spec.yaml\", \"intent\": \"debug.job-status\", \"contractVersion\": \"hwpod-node-ops-v1\", \"compilerInvocation\": { \"compiler\": \"hwpod-compiler-cli\", \"mode\": \"subprocess\", \"entrypoint\": \"tools/hwpod-compiler-cli.ts\", \"argv\": [ \"compile\", \"--spec\", \".hwlab/hwpod-spec.yaml\", \"--intent\", \"debug.job-status\", \"--args\", \"<json>\" ], \"exitCode\": 0, \"action\": \"hwpod-compiler.compile\", \"contractVersion\": \"hwpod-node-ops-v1\", \"planId\": \"hwpod_plan_24bf74af-167b-4539-a9a4-fea8e021d233\", \"source\": { \"compiler\": \"hwpod-com... exitCode=0"
        },
        {
          "kind": "hwpod-other",
          "seq": 2200,
          "exitCode": 0,
          "command": "hwpod job status 20260607_012152_0fd74e6e --spec .hwlab/hwpod-spec.yaml 2>&1",
          "detail": "hwpod job status 20260607_012152_0fd74e6e --spec .hwlab/hwpod-spec.yaml 2>&1 stdout: { \"ok\": true, \"action\": \"hwpod-cli.invoke\", \"status\": \"completed\", \"specPath\": \".hwlab/hwpod-spec.yaml\", \"intent\": \"debug.job-status\", \"contractVersion\": \"hwpod-node-ops-v1\", \"compilerInvocation\": { \"compiler\": \"hwpod-compiler-cli\", \"mode\": \"subprocess\", \"entrypoint\": \"tools/hwpod-compiler-cli.ts\", \"argv\": [ \"compile\", \"--spec\", \".hwlab/hwpod-spec.yaml\", \"--intent\", \"debug.job-status\", \"--args\", \"<json>\" ], \"exitCode\": 0, \"action\": \"hwpod-compiler.compile\", \"contractVersion\": \"hwpod-node-ops-v1\", \"planId\": \"hwpod_plan_19d75559-6a16-49a7-b922-101acb733496\", \"source\": { \"compiler\": \"hwpod-com... exitCode=0"
        },
        {
          "kind": "hwpod-other",
          "seq": 629,
          "exitCode": 0,
          "command": "hwpod workspace cat projects/01_baseline/User/main.c --spec .hwlab/hwpod-spec.yaml 2>&1 | grep -F \"content\" -A 999",
          "detail": "hwpod workspace cat projects/01_baseline/User/main.c --spec .hwlab/hwpod-spec.yaml 2>&1 | grep -F \"content\" -A 999 stdout: \"content\": \"#include \\\"./SYSTEM/usart/usart.h\\\"\\r\\n#include \\\"stm32f1xx_hal.h\\\"\\r\\n#include \\\"./SYSTEM/sys/sys.h\\\"\\r\\n#include \\\"./BSP/LED/led.h\\\"\\r\\n#include \\\"jsonrpc_handler.h\\\"\\r\\n#include \\\"d601_lcd.h\\\"\\r\\n#include \\\"d601_arm2d_demo.h\\\"\\r\\n#include \\\"d601_gpio.h\\\"\\r\\n\\r\\nint main(void)\\r\\n{\\r\\n SystemCoreClockUpdate();\\r\\n sys_stm32_clock_init(9);\\r\\n printf(\\\"[D601-F103] CaseRun UART marker issue1020-case2-r6-20260606-172100\\\\r\\\\n\\\");\\r\\n HAL_Init();\\r\\n led_init();\\r\\n usart_init(115200);\\r\\n printf(\\\"\\\\r\\\\n[D601-F103] device-pod LCD bring-up\\\\r\\\\n\\\");\\r\\n\\r\\n d601_lcd_init();\\r\\n d6... exitCode=0"
        }
      ],
      "kinds": [
        "spec-validate",
        "inspect",
        "workspace-edit",
        "build",
        "download",
        "uart-read",
        "hwpod-other"
      ]
    },
    "hwpodExitCode": 0,
    "hwpodSource": "case-run-runner-post-agent-compile-check",
    "jobId": "20260607_012235_363f2c54",
    "keilStatus": "completed",
    "artifacts": [
      "F:\\Work\\HWLAB-CASE-F103\\.worktree\\caserun-issue1020-case2-r6-20260606-172100\\projects\\01_baseline\\Output\\atk_f103.hex",
      "F:\\Work\\HWLAB-CASE-F103\\.worktree\\caserun-issue1020-case2-r6-20260606-172100\\projects\\01_baseline\\Output\\atk_f103.axf"
    ]
  },
  "collect": {
    "caseRepo": "/root/hwlab-case-registry",
    "caseRepoRunDir": "/root/hwlab-case-registry/runs/d601-f103-v2-main-marker-download-uart/issue1020-case2-r6-20260606-172100",
    "caseRepoFiles": [
      "runs/d601-f103-v2-main-marker-download-uart/issue1020-case2-r6-20260606-172100/evidence.json",
      "runs/d601-f103-v2-main-marker-download-uart/issue1020-case2-r6-20260606-172100/summary.md",
      "runs/d601-f103-v2-main-marker-download-uart/issue1020-case2-r6-20260606-172100/agent-messages.json",
      "runs/d601-f103-v2-main-marker-download-uart/issue1020-case2-r6-20260606-172100/agent-trace.md",
      "runs/d601-f103-v2-main-marker-download-uart/issue1020-case2-r6-20260606-172100/agent-transcript.md",
      "runs/d601-f103-v2-main-marker-download-uart/issue1020-case2-r6-20260606-172100/final-response.md",
      "runs/d601-f103-v2-main-marker-download-uart/issue1020-case2-r6-20260606-172100/run.json",
      "runs/d601-f103-v2-main-marker-download-uart/issue1020-case2-r6-20260606-172100/result.json",
      "runs/d601-f103-v2-main-marker-download-uart/issue1020-case2-r6-20260606-172100/agent-trace.json",
      "runs/d601-f103-v2-main-marker-download-uart/issue1020-case2-r6-20260606-172100/agent-prompt.md",
      "runs/d601-f103-v2-main-marker-download-uart/issue1020-case2-r6-20260606-172100/agent-diff.patch",
      "runs/d601-f103-v2-main-marker-download-uart/issue1020-case2-r6-20260606-172100/.hwlab/hwpod-spec.yaml",
      "runs/d601-f103-v2-main-marker-download-uart/issue1020-case2-r6-20260606-172100/worker.stdout.log",
      "runs/d601-f103-v2-main-marker-download-uart/issue1020-case2-r6-20260606-172100/worker.stderr.log",
      "runs/d601-f103-v2-main-marker-download-uart/issue1020-case2-r6-20260606-172100/artifact-manifest.json"
    ],
    "artifactManifestPath": "/root/hwlab-case-registry/runs/d601-f103-v2-main-marker-download-uart/issue1020-case2-r6-20260606-172100/artifact-manifest.json",
    "artifactCount": 15,
    "skippedFiles": [],
    "registrySync": {
      "status": "pushed",
      "path": "runs/d601-f103-v2-main-marker-download-uart/issue1020-case2-r6-20260606-172100",
      "commitMessage": "data: archive caserun issue1020-case2-r6-20260606-172100",
      "commitSha": "88981bf",
      "commitStdout": "[main 88981bf] data: archive caserun issue1020-case2-r6-20260606-172100\n 3 files changed, 1064 insertions(+), 12 deletions(-)\n",
      "pushStderr": "To github.com:pikasTech/hwlab-case-registry.git\n   5223dca..88981bf  HEAD -> main\n"
    },
    "trace": {
      "traceId": "trc_case_d601-f103-v2-main-marker-download-uart_02a5c5f0e660486ea9990013663587e6",
      "sessionId": "ses_570336c5-2ed5-4f56-acfe-95cd5b1c989f",
      "conversationId": "cnv_case_d601-f103-v2-main-marker-download-uart_issue1020-case2-r6-20260606-172100",
      "providerProfile": "deepseek",
      "projectId": "prj_hwpod_workbench",
      "source": "hwlab-cli.client.agent.trace",
      "lookup": {
        "source": "hwlab-cli.client.agent",
        "strategy": "id_plus_existing_cli",
        "note": "CaseRun records trace/session identity and reuses existing HWLAB Web-equivalent agent CLI for trace/result/inspect; it does not implement a separate trace query path.",
        "baseUrl": "http://74.48.78.17:19666",
        "traceId": "trc_case_d601-f103-v2-main-marker-download-uart_02a5c5f0e660486ea9990013663587e6",
        "sessionId": "ses_570336c5-2ed5-4f56-acfe-95cd5b1c989f",
        "conversationId": "cnv_case_d601-f103-v2-main-marker-download-uart_issue1020-case2-r6-20260606-172100",
        "commands": {
          "result": "hwlab-cli client agent result trc_case_d601-f103-v2-main-marker-download-uart_02a5c5f0e660486ea9990013663587e6",
          "trace": "hwlab-cli client agent trace trc_case_d601-f103-v2-main-marker-download-uart_02a5c5f0e660486ea9990013663587e6 --render web",
          "traceFull": "hwlab-cli client agent trace trc_case_d601-f103-v2-main-marker-download-uart_02a5c5f0e660486ea9990013663587e6 --render web --full",
          "inspect": "hwlab-cli client agent inspect --trace-id trc_case_d601-f103-v2-main-marker-download-uart_02a5c5f0e660486ea9990013663587e6",
          "sessionStatus": "hwlab-cli client agent session status ses_570336c5-2ed5-4f56-acfe-95cd5b1c989f"
        }
      },
      "status": "completed",
      "terminalStatus": "completed",
      "commandCount": 22,
      "hwpodCommandCount": 18,
      "hwpodBuildCommandCount": 1
    },
    "traceLookup": {
      "source": "hwlab-cli.client.agent",
      "strategy": "id_plus_existing_cli",
      "note": "CaseRun records trace/session identity and reuses existing HWLAB Web-equivalent agent CLI for trace/result/inspect; it does not implement a separate trace query path.",
      "baseUrl": "http://74.48.78.17:19666",
      "traceId": "trc_case_d601-f103-v2-main-marker-download-uart_02a5c5f0e660486ea9990013663587e6",
      "sessionId": "ses_570336c5-2ed5-4f56-acfe-95cd5b1c989f",
      "conversationId": "cnv_case_d601-f103-v2-main-marker-download-uart_issue1020-case2-r6-20260606-172100",
      "commands": {
        "result": "hwlab-cli client agent result trc_case_d601-f103-v2-main-marker-download-uart_02a5c5f0e660486ea9990013663587e6",
        "trace": "hwlab-cli client agent trace trc_case_d601-f103-v2-main-marker-download-uart_02a5c5f0e660486ea9990013663587e6 --render web",
        "traceFull": "hwlab-cli client agent trace trc_case_d601-f103-v2-main-marker-download-uart_02a5c5f0e660486ea9990013663587e6 --render web --full",
        "inspect": "hwlab-cli client agent inspect --trace-id trc_case_d601-f103-v2-main-marker-download-uart_02a5c5f0e660486ea9990013663587e6",
        "sessionStatus": "hwlab-cli client agent session status ses_570336c5-2ed5-4f56-acfe-95cd5b1c989f"
      }
    },
    "agentStage": {
      "source": "agent-trace-commands",
      "autoEvaluation": false,
      "commands": [
        {
          "kind": "spec-validate",
          "seq": 745,
          "exitCode": 0,
          "command": "hwpod-ctl spec validate --spec .hwlab/hwpod-spec.yaml 2>&1",
          "detail": "hwpod-ctl spec validate --spec .hwlab/hwpod-spec.yaml 2>&1 stdout: { \"ok\": true, \"action\": \"hwpod-ctl.spec.validate\", \"status\": \"succeeded\", \"specPath\": \".hwlab/hwpod-spec.yaml\", \"document\": { \"apiVersion\": \"hwlab.dev/v0alpha1\", \"kind\": \"Hwpod\", \"metadata\": { \"uid\": \"D601-F103-V2\", \"name\": \"d601-f103-v2\" }, \"spec\": { \"targetDevice\": { \"board\": \"D601-F103-V2\", \"mcu\": \"STM32F103\" }, \"workspace\": { \"path\": \"F:\\\\Work\\\\HWLAB-CASE-F103\\\\.worktree\\\\caserun-issue1020-case2-r6-20260606-172100\", \"toolchain\": \"keil-mdk\", \"keilProject\": \"projects/01_baseline/Projects/MDK-ARM/atk_f103.uvprojx\", \"keilTarget\": \"USART\", \"keilCliPath\": \"C:\\\\Users\\\\liang\\\\.agents\\\\skills\\\\k... exitCode=0"
        },
        {
          "kind": "inspect",
          "seq": 874,
          "exitCode": 0,
          "command": "hwpod inspect --spec .hwlab/hwpod-spec.yaml 2>&1",
          "detail": "hwpod inspect --spec .hwlab/hwpod-spec.yaml 2>&1 stdout: { \"ok\": true, \"action\": \"hwpod-cli.invoke\", \"status\": \"completed\", \"specPath\": \".hwlab/hwpod-spec.yaml\", \"intent\": \"inspect\", \"contractVersion\": \"hwpod-node-ops-v1\", \"compilerInvocation\": { \"compiler\": \"hwpod-compiler-cli\", \"mode\": \"subprocess\", \"entrypoint\": \"tools/hwpod-compiler-cli.ts\", \"argv\": [ \"compile\", \"--spec\", \".hwlab/hwpod-spec.yaml\", \"--intent\", \"inspect\", \"--args\", \"<json>\" ], \"exitCode\": 0, \"action\": \"hwpod-compiler.compile\", \"contractVersion\": \"hwpod-node-ops-v1\", \"planId\": \"hwpod_plan_7a69c857-912a-4b35-842a-f152b951acf7\", \"source\": { \"compiler\": \"hwpod-compiler-cli\", \"specP... exitCode=0"
        },
        {
          "kind": "workspace-edit",
          "seq": 471,
          "exitCode": 0,
          "command": "hwpod workspace insert-after --path projects/01_baseline/User/main.c --anchor \"sys_stm32_clock_init\" --line \" printf(\\\"[D601-F103] CaseRun UART marker issue1020-case2-r6-20260606-172100\\\\r\\\\n\\\");\" --spec .hwlab/hwpod-spec.yaml 2>&1",
          "detail": "hwpod workspace insert-after --path projects/01_baseline/User/main.c --anchor \"sys_stm32_clock_init\" --line \" printf(\\\"[D601-F103] CaseRun UART marker issue1020-case2-r6-20260606-172100\\\\r\\\\n\\\");\" --spec .hwlab/hwpod-spec.yaml 2>&1 stdout: { \"ok\": true, \"action\": \"hwpod-cli.invoke\", \"status\": \"completed\", \"specPath\": \".hwlab/hwpod-spec.yaml\", \"intent\": \"workspace.insert-after\", \"contractVersion\": \"hwpod-node-ops-v1\", \"compilerInvocation\": { \"compiler\": \"hwpod-compiler-cli\", \"mode\": \"subprocess\", \"entrypoint\": \"tools/hwpod-compiler-cli.ts\", \"argv\": [ \"compile\", \"--spec\", \".hwlab/hwpod-spec.yaml\", \"--intent\", \"workspace.insert-after\", \"--args\", \"<json>\" ], \"exitCode\": 0, \"action\": \"hwpod-compiler.compile\", \"contractVersion\": \"hwpod-node-ops-v1\", \"planId\": \"hwpod_plan_d2723658-80bb-4eaa-aa7a-f0f555d9817a\", \"source\": { \"compiler\"... exitCode=0"
        },
        {
          "kind": "build",
          "seq": 1147,
          "exitCode": 0,
          "command": "hwpod build --spec .hwlab/hwpod-spec.yaml 2>&1",
          "detail": "hwpod build --spec .hwlab/hwpod-spec.yaml 2>&1 stdout: { \"ok\": true, \"action\": \"hwpod-cli.invoke\", \"status\": \"completed\", \"specPath\": \".hwlab/hwpod-spec.yaml\", \"intent\": \"debug.build\", \"contractVersion\": \"hwpod-node-ops-v1\", \"compilerInvocation\": { \"compiler\": \"hwpod-compiler-cli\", \"mode\": \"subprocess\", \"entrypoint\": \"tools/hwpod-compiler-cli.ts\", \"argv\": [ \"compile\", \"--spec\", \".hwlab/hwpod-spec.yaml\", \"--intent\", \"debug.build\", \"--args\", \"<json>\" ], \"exitCode\": 0, \"action\": \"hwpod-compiler.compile\", \"contractVersion\": \"hwpod-node-ops-v1\", \"planId\": \"hwpod_plan_9e5be438-393c-433a-a22a-dd7afb114bb9\", \"source\": { \"compiler\": \"hwpod-compiler-cli\"... exitCode=0"
        },
        {
          "kind": "download",
          "seq": 1541,
          "exitCode": 0,
          "command": "hwpod download --spec .hwlab/hwpod-spec.yaml 2>&1",
          "detail": "hwpod download --spec .hwlab/hwpod-spec.yaml 2>&1 stdout: { \"ok\": true, \"action\": \"hwpod-cli.invoke\", \"status\": \"completed\", \"specPath\": \".hwlab/hwpod-spec.yaml\", \"intent\": \"debug.download\", \"contractVersion\": \"hwpod-node-ops-v1\", \"compilerInvocation\": { \"compiler\": \"hwpod-compiler-cli\", \"mode\": \"subprocess\", \"entrypoint\": \"tools/hwpod-compiler-cli.ts\", \"argv\": [ \"compile\", \"--spec\", \".hwlab/hwpod-spec.yaml\", \"--intent\", \"debug.download\", \"--args\", \"<json>\" ], \"exitCode\": 0, \"action\": \"hwpod-compiler.compile\", \"contractVersion\": \"hwpod-node-ops-v1\", \"planId\": \"hwpod_plan_3ca38ce4-9ee6-4a56-be2f-afd445576ae3\", \"source\": { \"compiler\": \"hwpod-compile... exitCode=0"
        },
        {
          "kind": "uart-read",
          "seq": 2518,
          "exitCode": 0,
          "command": "hwpod uart read --port uart1 --max-bytes 4096 --spec .hwlab/hwpod-spec.yaml 2>&1",
          "detail": "hwpod uart read --port uart1 --max-bytes 4096 --spec .hwlab/hwpod-spec.yaml 2>&1 stdout: { \"ok\": true, \"action\": \"hwpod-cli.invoke\", \"status\": \"completed\", \"specPath\": \".hwlab/hwpod-spec.yaml\", \"intent\": \"io.uart.read\", \"contractVersion\": \"hwpod-node-ops-v1\", \"compilerInvocation\": { \"compiler\": \"hwpod-compiler-cli\", \"mode\": \"subprocess\", \"entrypoint\": \"tools/hwpod-compiler-cli.ts\", \"argv\": [ \"compile\", \"--spec\", \".hwlab/hwpod-spec.yaml\", \"--intent\", \"io.uart.read\", \"--args\", \"<json>\" ], \"exitCode\": 0, \"action\": \"hwpod-compiler.compile\", \"contractVersion\": \"hwpod-node-ops-v1\", \"planId\": \"hwpod_plan_ae4e627a-f7c8-4c27-8dc5-f3da6092d5a4\", \"source\": { \"compiler\": \"hwpod-compiler-cl... exitCode=0"
        },
        {
          "kind": "hwpod-other",
          "seq": 182,
          "exitCode": 0,
          "command": "hwpod-ctl --help 2>&1 | head -40",
          "detail": "hwpod-ctl --help 2>&1 | head -40 stdout: { \"ok\": true, \"action\": \"hwpod-ctl.help\", \"status\": \"succeeded\", \"contractVersion\": \"hwpod-ctl-v1\", \"usage\": [ \"bun tools/hwpod-ctl.ts spec init --spec .hwlab/hwpod-spec.yaml --node local-node\", \"bun tools/hwpod-ctl.ts spec validate --spec .hwlab/hwpod-spec.yaml\", \"bun tools/hwpod-ctl.ts spec set spec.workspace.path /workspace/firmware\", \"bun tools/hwpod-ctl.ts bind --node pc-host-1\" ], \"defaultSpecPath\": \".hwlab/hwpod-spec.yaml\", \"observedAt\": \"2026-06-06T17:21:15.434Z\" } exitCode=0"
        },
        {
          "kind": "hwpod-other",
          "seq": 184,
          "exitCode": 0,
          "command": "hwpod --help 2>&1 | head -80",
          "detail": "hwpod --help 2>&1 | head -80 stdout: { \"ok\": true, \"action\": \"hwpod-cli.help\", \"status\": \"succeeded\", \"contractVersion\": \"hwpod-node-ops-v1\", \"usage\": [ \"bun tools/hwpod-cli.ts inspect --dry-run\", \"bun tools/hwpod-cli.ts workspace ls . --dry-run\", \"bun tools/hwpod-cli.ts workspace cat projects/01_baseline/User/main.c --spec .hwlab/hwpod-spec.yaml\", \"bun tools/hwpod-cli.ts workspace read projects/01_baseline/User/main.c --spec .hwlab/hwpod-spec.yaml\", \"cat patch.txt | bun tools/hwpod-cli.ts workspace apply-patch --spec .hwlab/hwpod-spec.yaml --reason \\\"edit subject workspace through hwpod-node\\\"\", \"bun tools/hwpod-cli.ts worksp... exitCode=0"
        },
        {
          "kind": "hwpod-other",
          "seq": 257,
          "exitCode": 0,
          "command": "hwpod workspace cat projects/01_baseline/User/main.c --spec .hwlab/hwpod-spec.yaml 2>&1",
          "detail": "hwpod workspace cat projects/01_baseline/User/main.c --spec .hwlab/hwpod-spec.yaml 2>&1 stdout: { \"ok\": true, \"action\": \"hwpod-cli.invoke\", \"status\": \"completed\", \"specPath\": \".hwlab/hwpod-spec.yaml\", \"intent\": \"workspace.cat\", \"contractVersion\": \"hwpod-node-ops-v1\", \"compilerInvocation\": { \"compiler\": \"hwpod-compiler-cli\", \"mode\": \"subprocess\", \"entrypoint\": \"tools/hwpod-compiler-cli.ts\", \"argv\": [ \"compile\", \"--spec\", \".hwlab/hwpod-spec.yaml\", \"--intent\", \"workspace.cat\", \"--args\", \"<json>\" ], \"exitCode\": 0, \"action\": \"hwpod-compiler.compile\", \"contractVersion\": \"hwpod-node-ops-v1\", \"planId\": \"hwpod_plan_56b547cd-b48f-4f6f-b921-fc731a68298b\", \"source\": { \"compiler\": \"hwpod-compiler-... exitCode=0"
        },
        {
          "kind": "workspace-edit",
          "seq": 380,
          "exitCode": 1,
          "command": "hwpod workspace insert-after --path projects/01_baseline/User/main.c --anchor \"printf(\\\"[D601-F103] device-pod LCD bring-up\" --line \" printf(\\\"[D601-F103] CaseRun UART marker issue1020-case2-r6-20260606-172100\\\\r\\\\n\\\");\" --spec .hwlab/hwpod-spec.yaml 2>&1",
          "detail": "hwpod workspace insert-after --path projects/01_baseline/User/main.c --anchor \"printf(\\\"[D601-F103] device-pod LCD bring-up\" --line \" printf(\\\"[D601-F103] CaseRun UART marker issue1020-case2-r6-20260606-172100\\\\r\\\\n\\\");\" --spec .hwlab/hwpod-spec.yaml 2>&1 stdout: { \"ok\": false, \"action\": \"hwpod-cli.invoke\", \"status\": \"failed\", \"specPath\": \".hwlab/hwpod-spec.yaml\", \"intent\": \"workspace.insert-after\", \"contractVersion\": \"hwpod-node-ops-v1\", \"compilerInvocation\": { \"compiler\": \"hwpod-compiler-cli\", \"mode\": \"subprocess\", \"entrypoint\": \"tools/hwpod-compiler-cli.ts\", \"argv\": [ \"compile\", \"--spec\", \".hwlab/hwpod-spec.yaml\", \"--intent\", \"workspace.insert-after\", \"--args\", \"<json>\" ], \"exitCode\": 0, \"action\": \"hwpod-compiler.compile\", \"contractVersion\": \"hwpod-node-ops-v1\", \"planId\": \"hwpod_plan_dafc23c6-d4a1-4448-a4c1-d8ee01c2dbb2\", \"source\": { \"compiler\": ... exitCode=1"
        },
        {
          "kind": "hwpod-other",
          "seq": 522,
          "exitCode": 0,
          "command": "hwpod workspace cat projects/01_baseline/User/main.c --spec .hwlab/hwpod-spec.yaml 2>&1 | head -40",
          "detail": "hwpod workspace cat projects/01_baseline/User/main.c --spec .hwlab/hwpod-spec.yaml 2>&1 | head -40 stdout: { \"ok\": true, \"action\": \"hwpod-cli.invoke\", \"status\": \"completed\", \"specPath\": \".hwlab/hwpod-spec.yaml\", \"intent\": \"workspace.cat\", \"contractVersion\": \"hwpod-node-ops-v1\", \"compilerInvocation\": { \"compiler\": \"hwpod-compiler-cli\", \"mode\": \"subprocess\", \"entrypoint\": \"tools/hwpod-compiler-cli.ts\", \"argv\": [ \"compile\", \"--spec\", \".hwlab/hwpod-spec.yaml\", \"--intent\", \"workspace.cat\", \"--args\", \"<json>\" ], \"exitCode\": 0, \"action\": \"hwpod-compiler.compile\", \"contractVersion\": \"hwpod-node-ops-v1\", \"planId\": \"hwpod_plan_0c446b17-b311-452f-9cec-454db2d8482e\", \"source\": { \"compiler\": \"hwpod-compiler-... exitCode=0"
        },
        {
          "kind": "hwpod-other",
          "seq": 1223,
          "exitCode": 0,
          "command": "hwpod job status 20260607_012141_574c28cc --spec .hwlab/hwpod-spec.yaml 2>&1",
          "detail": "hwpod job status 20260607_012141_574c28cc --spec .hwlab/hwpod-spec.yaml 2>&1 stdout: { \"ok\": true, \"action\": \"hwpod-cli.invoke\", \"status\": \"completed\", \"specPath\": \".hwlab/hwpod-spec.yaml\", \"intent\": \"debug.job-status\", \"contractVersion\": \"hwpod-node-ops-v1\", \"compilerInvocation\": { \"compiler\": \"hwpod-compiler-cli\", \"mode\": \"subprocess\", \"entrypoint\": \"tools/hwpod-compiler-cli.ts\", \"argv\": [ \"compile\", \"--spec\", \".hwlab/hwpod-spec.yaml\", \"--intent\", \"debug.job-status\", \"--args\", \"<json>\" ], \"exitCode\": 0, \"action\": \"hwpod-compiler.compile\", \"contractVersion\": \"hwpod-node-ops-v1\", \"planId\": \"hwpod_plan_37629590-9bb0-4589-92f2-0d7133da90ad\", \"source\": { \"compiler\": \"hwpod-com... exitCode=0"
        },
        {
          "kind": "hwpod-other",
          "seq": 1377,
          "exitCode": 0,
          "command": "hwpod job status 20260607_012141_574c28cc --spec .hwlab/hwpod-spec.yaml 2>&1",
          "detail": "hwpod job status 20260607_012141_574c28cc --spec .hwlab/hwpod-spec.yaml 2>&1 stdout: { \"ok\": true, \"action\": \"hwpod-cli.invoke\", \"status\": \"completed\", \"specPath\": \".hwlab/hwpod-spec.yaml\", \"intent\": \"debug.job-status\", \"contractVersion\": \"hwpod-node-ops-v1\", \"compilerInvocation\": { \"compiler\": \"hwpod-compiler-cli\", \"mode\": \"subprocess\", \"entrypoint\": \"tools/hwpod-compiler-cli.ts\", \"argv\": [ \"compile\", \"--spec\", \".hwlab/hwpod-spec.yaml\", \"--intent\", \"debug.job-status\", \"--args\", \"<json>\" ], \"exitCode\": 0, \"action\": \"hwpod-compiler.compile\", \"contractVersion\": \"hwpod-node-ops-v1\", \"planId\": \"hwpod_plan_b1ba3130-3147-4a86-9091-3c5f23e5e4c5\", \"source\": { \"compiler\": \"hwpod-com... exitCode=0"
        },
        {
          "kind": "hwpod-other",
          "seq": 1715,
          "exitCode": 0,
          "command": "hwpod job status 20260607_012152_0fd74e6e --spec .hwlab/hwpod-spec.yaml 2>&1",
          "detail": "hwpod job status 20260607_012152_0fd74e6e --spec .hwlab/hwpod-spec.yaml 2>&1 stdout: { \"ok\": true, \"action\": \"hwpod-cli.invoke\", \"status\": \"completed\", \"specPath\": \".hwlab/hwpod-spec.yaml\", \"intent\": \"debug.job-status\", \"contractVersion\": \"hwpod-node-ops-v1\", \"compilerInvocation\": { \"compiler\": \"hwpod-compiler-cli\", \"mode\": \"subprocess\", \"entrypoint\": \"tools/hwpod-compiler-cli.ts\", \"argv\": [ \"compile\", \"--spec\", \".hwlab/hwpod-spec.yaml\", \"--intent\", \"debug.job-status\", \"--args\", \"<json>\" ], \"exitCode\": 0, \"action\": \"hwpod-compiler.compile\", \"contractVersion\": \"hwpod-node-ops-v1\", \"planId\": \"hwpod_plan_23a66177-1485-45b0-a16e-8bd0ca4fea3a\", \"source\": { \"compiler\": \"hwpod-com... exitCode=0"
        },
        {
          "kind": "hwpod-other",
          "seq": 1808,
          "exitCode": 0,
          "command": "hwpod job status 20260607_012152_0fd74e6e --spec .hwlab/hwpod-spec.yaml 2>&1",
          "detail": "hwpod job status 20260607_012152_0fd74e6e --spec .hwlab/hwpod-spec.yaml 2>&1 stdout: { \"ok\": true, \"action\": \"hwpod-cli.invoke\", \"status\": \"completed\", \"specPath\": \".hwlab/hwpod-spec.yaml\", \"intent\": \"debug.job-status\", \"contractVersion\": \"hwpod-node-ops-v1\", \"compilerInvocation\": { \"compiler\": \"hwpod-compiler-cli\", \"mode\": \"subprocess\", \"entrypoint\": \"tools/hwpod-compiler-cli.ts\", \"argv\": [ \"compile\", \"--spec\", \".hwlab/hwpod-spec.yaml\", \"--intent\", \"debug.job-status\", \"--args\", \"<json>\" ], \"exitCode\": 0, \"action\": \"hwpod-compiler.compile\", \"contractVersion\": \"hwpod-node-ops-v1\", \"planId\": \"hwpod_plan_2638482c-6322-45c3-9f10-fe23591bf621\", \"source\": { \"compiler\": \"hwpod-com... exitCode=0"
        },
        {
          "kind": "hwpod-other",
          "seq": 1999,
          "exitCode": 0,
          "command": "hwpod job status 20260607_012152_0fd74e6e --spec .hwlab/hwpod-spec.yaml 2>&1",
          "detail": "hwpod job status 20260607_012152_0fd74e6e --spec .hwlab/hwpod-spec.yaml 2>&1 stdout: { \"ok\": true, \"action\": \"hwpod-cli.invoke\", \"status\": \"completed\", \"specPath\": \".hwlab/hwpod-spec.yaml\", \"intent\": \"debug.job-status\", \"contractVersion\": \"hwpod-node-ops-v1\", \"compilerInvocation\": { \"compiler\": \"hwpod-compiler-cli\", \"mode\": \"subprocess\", \"entrypoint\": \"tools/hwpod-compiler-cli.ts\", \"argv\": [ \"compile\", \"--spec\", \".hwlab/hwpod-spec.yaml\", \"--intent\", \"debug.job-status\", \"--args\", \"<json>\" ], \"exitCode\": 0, \"action\": \"hwpod-compiler.compile\", \"contractVersion\": \"hwpod-node-ops-v1\", \"planId\": \"hwpod_plan_24bf74af-167b-4539-a9a4-fea8e021d233\", \"source\": { \"compiler\": \"hwpod-com... exitCode=0"
        },
        {
          "kind": "hwpod-other",
          "seq": 2200,
          "exitCode": 0,
          "command": "hwpod job status 20260607_012152_0fd74e6e --spec .hwlab/hwpod-spec.yaml 2>&1",
          "detail": "hwpod job status 20260607_012152_0fd74e6e --spec .hwlab/hwpod-spec.yaml 2>&1 stdout: { \"ok\": true, \"action\": \"hwpod-cli.invoke\", \"status\": \"completed\", \"specPath\": \".hwlab/hwpod-spec.yaml\", \"intent\": \"debug.job-status\", \"contractVersion\": \"hwpod-node-ops-v1\", \"compilerInvocation\": { \"compiler\": \"hwpod-compiler-cli\", \"mode\": \"subprocess\", \"entrypoint\": \"tools/hwpod-compiler-cli.ts\", \"argv\": [ \"compile\", \"--spec\", \".hwlab/hwpod-spec.yaml\", \"--intent\", \"debug.job-status\", \"--args\", \"<json>\" ], \"exitCode\": 0, \"action\": \"hwpod-compiler.compile\", \"contractVersion\": \"hwpod-node-ops-v1\", \"planId\": \"hwpod_plan_19d75559-6a16-49a7-b922-101acb733496\", \"source\": { \"compiler\": \"hwpod-com... exitCode=0"
        },
        {
          "kind": "hwpod-other",
          "seq": 629,
          "exitCode": 0,
          "command": "hwpod workspace cat projects/01_baseline/User/main.c --spec .hwlab/hwpod-spec.yaml 2>&1 | grep -F \"content\" -A 999",
          "detail": "hwpod workspace cat projects/01_baseline/User/main.c --spec .hwlab/hwpod-spec.yaml 2>&1 | grep -F \"content\" -A 999 stdout: \"content\": \"#include \\\"./SYSTEM/usart/usart.h\\\"\\r\\n#include \\\"stm32f1xx_hal.h\\\"\\r\\n#include \\\"./SYSTEM/sys/sys.h\\\"\\r\\n#include \\\"./BSP/LED/led.h\\\"\\r\\n#include \\\"jsonrpc_handler.h\\\"\\r\\n#include \\\"d601_lcd.h\\\"\\r\\n#include \\\"d601_arm2d_demo.h\\\"\\r\\n#include \\\"d601_gpio.h\\\"\\r\\n\\r\\nint main(void)\\r\\n{\\r\\n SystemCoreClockUpdate();\\r\\n sys_stm32_clock_init(9);\\r\\n printf(\\\"[D601-F103] CaseRun UART marker issue1020-case2-r6-20260606-172100\\\\r\\\\n\\\");\\r\\n HAL_Init();\\r\\n led_init();\\r\\n usart_init(115200);\\r\\n printf(\\\"\\\\r\\\\n[D601-F103] device-pod LCD bring-up\\\\r\\\\n\\\");\\r\\n\\r\\n d601_lcd_init();\\r\\n d6... exitCode=0"
        }
      ],
      "kinds": [
        "spec-validate",
        "inspect",
        "workspace-edit",
        "build",
        "download",
        "uart-read",
        "hwpod-other"
      ]
    },
    "status": "recorded",
    "autoEvaluation": false
  },
  "evidence": {
    "contractVersion": "hwpod-case-run-evidence-v1",
    "caseId": "d601-f103-v2-main-marker-download-uart",
    "runId": "issue1020-case2-r6-20260606-172100",
    "compileOnly": true,
    "autoEvaluation": false,
    "status": "recorded",
    "observedAt": "2026-06-06T17:22:42.782Z",
    "apiUrl": "http://74.48.78.17:19667",
    "subject": {
      "repoLocalPath": "F:\\Work\\HWLAB-CASE-F103",
      "commitId": "df7a4e6e551fa90d64bde5537cc000f89d63dd20",
      "subdir": "projects/01_baseline",
      "worktreePath": "F:\\Work\\HWLAB-CASE-F103\\.worktree\\caserun-issue1020-case2-r6-20260606-172100",
      "workspacePath": "F:\\Work\\HWLAB-CASE-F103\\.worktree\\caserun-issue1020-case2-r6-20260606-172100",
      "setup": {
        "httpStatus": 200,
        "planId": "case_subject_0c19ef53-fd15-4948-8aae-87bcd687073e",
        "nodeId": "node-d601-f103-v2",
        "exitCode": 0,
        "stdout": "HEAD is now at df7a4e6 chore: initialize D601 HWLAB subject repo\ndf7a4e6e551fa90d64bde5537cc000f89d63dd20\ncaseRunKeilSidecars {\"copied\":1,\"copiedFiles\":[{\"ext\":\".uvoptx\",\"source\":\"projects\\\\01_baseline\\\\Projects\\\\MDK-ARM\\\\atk_f103.uvoptx\",\"destination\":\".worktree\\\\caserun-issue1020-case2-r6-20260606-172100\\\\projects\\\\01_baseline\\\\Projects\\\\MDK-ARM\\\\atk_f103.uvoptx\"}],\"missing\":[\"projects\\\\01_baseline\\\\Projects\\\\MDK-ARM\\\\atk_f103.uvopt\"],\"sourceBase\":\"projects\\\\01_baseline\\\\Projects\\\\MDK-ARM\\\\atk_f103\",\"destinationBase\":\".worktree\\\\caserun-issue1020-case2-r6-20260606-172100\\\\projects\\\\01_baseline\\\\Projects\\\\MDK-ARM\\\\atk_f103\"}",
        "stderr": "Preparing worktree (detached HEAD df7a4e6)",
        "keilSidecars": {
          "copied": 1,
          "copiedFiles": [
            {
              "ext": ".uvoptx",
              "source": "projects\\01_baseline\\Projects\\MDK-ARM\\atk_f103.uvoptx",
              "destination": ".worktree\\caserun-issue1020-case2-r6-20260606-172100\\projects\\01_baseline\\Projects\\MDK-ARM\\atk_f103.uvoptx"
            }
          ],
          "missing": [
            "projects\\01_baseline\\Projects\\MDK-ARM\\atk_f103.uvopt"
          ],
          "sourceBase": "projects\\01_baseline\\Projects\\MDK-ARM\\atk_f103",
          "destinationBase": ".worktree\\caserun-issue1020-case2-r6-20260606-172100\\projects\\01_baseline\\Projects\\MDK-ARM\\atk_f103",
          "line": "caseRunKeilSidecars {\"copied\":1,\"copiedFiles\":[{\"ext\":\".uvoptx\",\"source\":\"projects\\\\01_baseline\\\\Projects\\\\MDK-ARM\\\\atk_f103.uvoptx\",\"destination\":\".worktree\\\\caserun-issue1020-case2-r6-20260606-172100\\\\projects\\\\01_baseline\\\\Projects\\\\MDK-ARM\\\\atk_f103.uvoptx\"}],\"missing\":[\"projects\\\\01_baseline\\\\Projects\\\\MDK-ARM\\\\atk_f103.uvopt\"],\"sourceBase\":\"projects\\\\01_baseline\\\\Projects\\\\MDK-ARM\\\\atk_f103\",\"destinationBase\":\".worktree\\\\caserun-issue1020-case2-r6-20260606-172100\\\\projects\\\\01_baseline\\\\Projects\\\\MDK-ARM\\\\atk_f103\"}"
        }
      }
    },
    "agentTask": {
      "workspace": "subjectWorktree",
      "providerProfile": "deepseek",
      "projectId": "prj_hwpod_workbench",
      "timeoutMs": 600000,
      "promptSha256": "fa9560ddc795672f94e43a54ed70745daebca9f8303fdea86dbdb17f369c7d55",
      "constraints": [
        "只允许修改 projects/01_baseline/User/main.c",
        "marker 必须包含本次 runId，避免串口旧输出混淆",
        "必须通过 HWPOD workspace/node 链路修改 subjectWorktreePath，不得从 Linux runner 直接 cd 到 Windows 路径",
        "必须尝试 hwpod build、hwpod download 和 hwpod uart read 原入口命令",
        "若修改、编译、下载或串口读取失败，继续保留 trace 和原始错误，不要绕过到非 HWPOD 路径",
        "结果只作为 raw trace/evidence 记录，不做自动评价或自动门禁"
      ]
    },
    "agent": {
      "stageStatus": "completed",
      "baseUrl": "http://74.48.78.17:19666",
      "projectId": "prj_hwpod_workbench",
      "providerProfile": "deepseek",
      "conversationId": "cnv_case_d601-f103-v2-main-marker-download-uart_issue1020-case2-r6-20260606-172100",
      "sessionId": "ses_570336c5-2ed5-4f56-acfe-95cd5b1c989f",
      "traceId": "trc_case_d601-f103-v2-main-marker-download-uart_02a5c5f0e660486ea9990013663587e6",
      "promptPath": "/root/hwlab-v02/.state/hwlab-cli/caserun/issue1020-case2-r6-20260606-172100/agent-prompt.md",
      "promptSha256": "38ba46e13412679bd14c32576510e7875974cca7a5b636aeebc223473d18010a",
      "polls": 50,
      "timedOut": false,
      "timeoutMs": 600000,
      "pollIntervalMs": 1000,
      "lastHttpStatus": 200,
      "nextPollCommand": "hwlab-cli client agent result trc_case_d601-f103-v2-main-marker-download-uart_02a5c5f0e660486ea9990013663587e6",
      "traceCommand": "hwlab-cli client agent trace trc_case_d601-f103-v2-main-marker-download-uart_02a5c5f0e660486ea9990013663587e6 --render web",
      "inspectCommand": "hwlab-cli client agent inspect --trace-id trc_case_d601-f103-v2-main-marker-download-uart_02a5c5f0e660486ea9990013663587e6",
      "sessionCommand": "hwlab-cli client agent session status ses_570336c5-2ed5-4f56-acfe-95cd5b1c989f",
      "traceLookup": {
        "source": "hwlab-cli.client.agent",
        "strategy": "id_plus_existing_cli",
        "note": "CaseRun records trace/session identity and reuses existing HWLAB Web-equivalent agent CLI for trace/result/inspect; it does not implement a separate trace query path.",
        "baseUrl": "http://74.48.78.17:19666",
        "traceId": "trc_case_d601-f103-v2-main-marker-download-uart_02a5c5f0e660486ea9990013663587e6",
        "sessionId": "ses_570336c5-2ed5-4f56-acfe-95cd5b1c989f",
        "conversationId": "cnv_case_d601-f103-v2-main-marker-download-uart_issue1020-case2-r6-20260606-172100",
        "commands": {
          "result": "hwlab-cli client agent result trc_case_d601-f103-v2-main-marker-download-uart_02a5c5f0e660486ea9990013663587e6",
          "trace": "hwlab-cli client agent trace trc_case_d601-f103-v2-main-marker-download-uart_02a5c5f0e660486ea9990013663587e6 --render web",
          "traceFull": "hwlab-cli client agent trace trc_case_d601-f103-v2-main-marker-download-uart_02a5c5f0e660486ea9990013663587e6 --render web --full",
          "inspect": "hwlab-cli client agent inspect --trace-id trc_case_d601-f103-v2-main-marker-download-uart_02a5c5f0e660486ea9990013663587e6",
          "sessionStatus": "hwlab-cli client agent session status ses_570336c5-2ed5-4f56-acfe-95cd5b1c989f"
        }
      }
    },
    "traceLookup": {
      "source": "hwlab-cli.client.agent",
      "strategy": "id_plus_existing_cli",
      "note": "CaseRun records trace/session identity and reuses existing HWLAB Web-equivalent agent CLI for trace/result/inspect; it does not implement a separate trace query path.",
      "baseUrl": "http://74.48.78.17:19666",
      "traceId": "trc_case_d601-f103-v2-main-marker-download-uart_02a5c5f0e660486ea9990013663587e6",
      "sessionId": "ses_570336c5-2ed5-4f56-acfe-95cd5b1c989f",
      "conversationId": "cnv_case_d601-f103-v2-main-marker-download-uart_issue1020-case2-r6-20260606-172100",
      "commands": {
        "result": "hwlab-cli client agent result trc_case_d601-f103-v2-main-marker-download-uart_02a5c5f0e660486ea9990013663587e6",
        "trace": "hwlab-cli client agent trace trc_case_d601-f103-v2-main-marker-download-uart_02a5c5f0e660486ea9990013663587e6 --render web",
        "traceFull": "hwlab-cli client agent trace trc_case_d601-f103-v2-main-marker-download-uart_02a5c5f0e660486ea9990013663587e6 --render web --full",
        "inspect": "hwlab-cli client agent inspect --trace-id trc_case_d601-f103-v2-main-marker-download-uart_02a5c5f0e660486ea9990013663587e6",
        "sessionStatus": "hwlab-cli client agent session status ses_570336c5-2ed5-4f56-acfe-95cd5b1c989f"
      }
    },
    "agentTrace": {
      "traceId": "trc_case_d601-f103-v2-main-marker-download-uart_02a5c5f0e660486ea9990013663587e6",
      "status": "completed",
      "httpStatus": 200,
      "source": "hwlab-cli.client.agent.trace",
      "lookup": {
        "source": "hwlab-cli.client.agent",
        "strategy": "id_plus_existing_cli",
        "note": "CaseRun records trace/session identity and reuses existing HWLAB Web-equivalent agent CLI for trace/result/inspect; it does not implement a separate trace query path.",
        "baseUrl": "http://74.48.78.17:19666",
        "traceId": "trc_case_d601-f103-v2-main-marker-download-uart_02a5c5f0e660486ea9990013663587e6",
        "sessionId": "ses_570336c5-2ed5-4f56-acfe-95cd5b1c989f",
        "conversationId": "cnv_case_d601-f103-v2-main-marker-download-uart_issue1020-case2-r6-20260606-172100",
        "commands": {
          "result": "hwlab-cli client agent result trc_case_d601-f103-v2-main-marker-download-uart_02a5c5f0e660486ea9990013663587e6",
          "trace": "hwlab-cli client agent trace trc_case_d601-f103-v2-main-marker-download-uart_02a5c5f0e660486ea9990013663587e6 --render web",
          "traceFull": "hwlab-cli client agent trace trc_case_d601-f103-v2-main-marker-download-uart_02a5c5f0e660486ea9990013663587e6 --render web --full",
          "inspect": "hwlab-cli client agent inspect --trace-id trc_case_d601-f103-v2-main-marker-download-uart_02a5c5f0e660486ea9990013663587e6",
          "sessionStatus": "hwlab-cli client agent session status ses_570336c5-2ed5-4f56-acfe-95cd5b1c989f"
        }
      },
      "sourceEventCount": 3701,
      "renderedRowCount": 62,
      "commandCount": 22,
      "hwpodCommandCount": 18,
      "hwpodBuildCommandCount": 1,
      "keilJobCandidates": [
        "20260607_012141_574c28cc",
        "20260607_012152_0fd74e6e"
      ],
      "terminalStatus": "completed",
      "commands": [
        {
          "source": "trace-row",
          "seq": 745,
          "rowId": "tool:call_00_itS6Oi5QBANB6vpQxcv52871",
          "header": "17:21:35 total=00:00:39 ok commandExecution",
          "command": "hwpod-ctl spec validate --spec .hwlab/hwpod-spec.yaml 2>&1",
          "normalizedCommand": "hwpod-ctl spec validate --spec .hwlab/hwpod-spec.yaml 2>&1",
          "bodyPreview": "hwpod-ctl spec validate --spec .hwlab/hwpod-spec.yaml 2>&1 stdout: { \"ok\": true, \"action\": \"hwpod-ctl.spec.validate\", \"status\": \"succeeded\", \"specPath\": \".hwlab/hwpod-spec.yaml\", \"document\": { \"apiVersion\": \"hwlab.dev/v0alpha1\", \"kind\": \"Hwpod\", \"metadata\": { \"uid\": \"D601-F103-V2\", \"name\": \"d601-f103-v2\" }, \"spec\": { \"targetDevice\": { \"board\": \"D601-F103-V2\", \"mcu\": \"STM32F103\" }, \"workspace\": { \"path\": \"F:\\\\Work\\\\HWLAB-CASE-F103\\\\.worktree\\\\caserun-issue1020-case2-r6-20260606-172100\", \"toolchain\": \"keil-mdk\", \"keilProject\": \"projects/01_baseline/Projects/MDK-ARM/atk_f103.uvprojx\", \"keilTarget\": \"USART\", \"keilCliPath\": \"C:\\\\Users\\\\liang\\\\.agents\\\\skills\\\\k... exitCode=0",
          "exitCode": 0
        },
        {
          "source": "trace-row",
          "seq": 874,
          "rowId": "tool:call_00_uOWKg0dLBv65tYTBNYnp1153",
          "header": "17:21:40 total=00:00:43 ok commandExecution",
          "command": "hwpod inspect --spec .hwlab/hwpod-spec.yaml 2>&1",
          "normalizedCommand": "hwpod inspect --spec .hwlab/hwpod-spec.yaml 2>&1",
          "bodyPreview": "hwpod inspect --spec .hwlab/hwpod-spec.yaml 2>&1 stdout: { \"ok\": true, \"action\": \"hwpod-cli.invoke\", \"status\": \"completed\", \"specPath\": \".hwlab/hwpod-spec.yaml\", \"intent\": \"inspect\", \"contractVersion\": \"hwpod-node-ops-v1\", \"compilerInvocation\": { \"compiler\": \"hwpod-compiler-cli\", \"mode\": \"subprocess\", \"entrypoint\": \"tools/hwpod-compiler-cli.ts\", \"argv\": [ \"compile\", \"--spec\", \".hwlab/hwpod-spec.yaml\", \"--intent\", \"inspect\", \"--args\", \"<json>\" ], \"exitCode\": 0, \"action\": \"hwpod-compiler.compile\", \"contractVersion\": \"hwpod-node-ops-v1\", \"planId\": \"hwpod_plan_7a69c857-912a-4b35-842a-f152b951acf7\", \"source\": { \"compiler\": \"hwpod-compiler-cli\", \"specP... exitCode=0",
          "exitCode": 0
        },
        {
          "source": "trace-row",
          "seq": 471,
          "rowId": "tool:call_00_6yv4ZOprlGsRKRl60iAt4012",
          "header": "17:21:26 total=00:00:30 ok commandExecution",
          "command": "hwpod workspace insert-after --path projects/01_baseline/User/main.c --anchor \"sys_stm32_clock_init\" --line \" printf(\\\"[D601-F103] CaseRun UART marker issue1020-case2-r6-20260606-172100\\\\r\\\\n\\\");\" --spec .hwlab/hwpod-spec.yaml 2>&1",
          "normalizedCommand": "hwpod workspace insert-after --path projects/01_baseline/User/main.c --anchor \"sys_stm32_clock_init\" --line \" printf(\\\"[D601-F103] CaseRun UART marker issue1020-case2-r6-20260606-172100\\\\r\\\\n\\\");\" --spec .hwlab/hwpod-spec.yaml 2>&1",
          "bodyPreview": "hwpod workspace insert-after --path projects/01_baseline/User/main.c --anchor \"sys_stm32_clock_init\" --line \" printf(\\\"[D601-F103] CaseRun UART marker issue1020-case2-r6-20260606-172100\\\\r\\\\n\\\");\" --spec .hwlab/hwpod-spec.yaml 2>&1 stdout: { \"ok\": true, \"action\": \"hwpod-cli.invoke\", \"status\": \"completed\", \"specPath\": \".hwlab/hwpod-spec.yaml\", \"intent\": \"workspace.insert-after\", \"contractVersion\": \"hwpod-node-ops-v1\", \"compilerInvocation\": { \"compiler\": \"hwpod-compiler-cli\", \"mode\": \"subprocess\", \"entrypoint\": \"tools/hwpod-compiler-cli.ts\", \"argv\": [ \"compile\", \"--spec\", \".hwlab/hwpod-spec.yaml\", \"--intent\", \"workspace.insert-after\", \"--args\", \"<json>\" ], \"exitCode\": 0, \"action\": \"hwpod-compiler.compile\", \"contractVersion\": \"hwpod-node-ops-v1\", \"planId\": \"hwpod_plan_d2723658-80bb-4eaa-aa7a-f0f555d9817a\", \"source\": { \"compiler\"... exitCode=0",
          "exitCode": 0
        },
        {
          "source": "trace-row",
          "seq": 1147,
          "rowId": "tool:call_00_Az8DVFxZ2weBrbjCBqcR8527",
          "header": "17:21:45 total=00:00:48 ok commandExecution",
          "command": "hwpod build --spec .hwlab/hwpod-spec.yaml 2>&1",
          "normalizedCommand": "hwpod build --spec .hwlab/hwpod-spec.yaml 2>&1",
          "bodyPreview": "hwpod build --spec .hwlab/hwpod-spec.yaml 2>&1 stdout: { \"ok\": true, \"action\": \"hwpod-cli.invoke\", \"status\": \"completed\", \"specPath\": \".hwlab/hwpod-spec.yaml\", \"intent\": \"debug.build\", \"contractVersion\": \"hwpod-node-ops-v1\", \"compilerInvocation\": { \"compiler\": \"hwpod-compiler-cli\", \"mode\": \"subprocess\", \"entrypoint\": \"tools/hwpod-compiler-cli.ts\", \"argv\": [ \"compile\", \"--spec\", \".hwlab/hwpod-spec.yaml\", \"--intent\", \"debug.build\", \"--args\", \"<json>\" ], \"exitCode\": 0, \"action\": \"hwpod-compiler.compile\", \"contractVersion\": \"hwpod-node-ops-v1\", \"planId\": \"hwpod_plan_9e5be438-393c-433a-a22a-dd7afb114bb9\", \"source\": { \"compiler\": \"hwpod-compiler-cli\"... exitCode=0",
          "exitCode": 0
        },
        {
          "source": "trace-row",
          "seq": 1541,
          "rowId": "tool:call_00_xXBuZ51q4qWis0J9lhOZ3001",
          "header": "17:21:55 total=00:00:59 ok commandExecution",
          "command": "hwpod download --spec .hwlab/hwpod-spec.yaml 2>&1",
          "normalizedCommand": "hwpod download --spec .hwlab/hwpod-spec.yaml 2>&1",
          "bodyPreview": "hwpod download --spec .hwlab/hwpod-spec.yaml 2>&1 stdout: { \"ok\": true, \"action\": \"hwpod-cli.invoke\", \"status\": \"completed\", \"specPath\": \".hwlab/hwpod-spec.yaml\", \"intent\": \"debug.download\", \"contractVersion\": \"hwpod-node-ops-v1\", \"compilerInvocation\": { \"compiler\": \"hwpod-compiler-cli\", \"mode\": \"subprocess\", \"entrypoint\": \"tools/hwpod-compiler-cli.ts\", \"argv\": [ \"compile\", \"--spec\", \".hwlab/hwpod-spec.yaml\", \"--intent\", \"debug.download\", \"--args\", \"<json>\" ], \"exitCode\": 0, \"action\": \"hwpod-compiler.compile\", \"contractVersion\": \"hwpod-node-ops-v1\", \"planId\": \"hwpod_plan_3ca38ce4-9ee6-4a56-be2f-afd445576ae3\", \"source\": { \"compiler\": \"hwpod-compile... exitCode=0",
          "exitCode": 0
        },
        {
          "source": "trace-row",
          "seq": 2518,
          "rowId": "tool:call_00_BClxtsqRo2ZhUW0KHBMv7766",
          "header": "17:22:13 total=00:01:16 ok commandExecution",
          "command": "hwpod uart read --port uart1 --max-bytes 4096 --spec .hwlab/hwpod-spec.yaml 2>&1",
          "normalizedCommand": "hwpod uart read --port uart1 --max-bytes 4096 --spec .hwlab/hwpod-spec.yaml 2>&1",
          "bodyPreview": "hwpod uart read --port uart1 --max-bytes 4096 --spec .hwlab/hwpod-spec.yaml 2>&1 stdout: { \"ok\": true, \"action\": \"hwpod-cli.invoke\", \"status\": \"completed\", \"specPath\": \".hwlab/hwpod-spec.yaml\", \"intent\": \"io.uart.read\", \"contractVersion\": \"hwpod-node-ops-v1\", \"compilerInvocation\": { \"compiler\": \"hwpod-compiler-cli\", \"mode\": \"subprocess\", \"entrypoint\": \"tools/hwpod-compiler-cli.ts\", \"argv\": [ \"compile\", \"--spec\", \".hwlab/hwpod-spec.yaml\", \"--intent\", \"io.uart.read\", \"--args\", \"<json>\" ], \"exitCode\": 0, \"action\": \"hwpod-compiler.compile\", \"contractVersion\": \"hwpod-node-ops-v1\", \"planId\": \"hwpod_plan_ae4e627a-f7c8-4c27-8dc5-f3da6092d5a4\", \"source\": { \"compiler\": \"hwpod-compiler-cl... exitCode=0",
          "exitCode": 0
        },
        {
          "source": "trace-row",
          "seq": 99,
          "rowId": "tool:call_00_DU27Xz90HQXM7eIN5tK29351",
          "header": "17:21:10 total=00:00:13 ok commandExecution",
          "command": "ls -la /home/agentrun/workspaces/48609cd68e3e0370/.hwlab/hwpod-spec.yaml 2>&1 || echo \"MISSING\"",
          "normalizedCommand": "ls -la /home/agentrun/workspaces/48609cd68e3e0370/.hwlab/hwpod-spec.yaml 2>&1 || echo \"MISSING",
          "bodyPreview": "ls -la /home/agentrun/workspaces/48609cd68e3e0370/.hwlab/hwpod-spec.yaml 2>&1 || echo \"MISSING\" stdout: -rw-r--r-- 1 root root 743 Jun 6 17:21 /home/agentrun/workspaces/48609cd68e3e0370/.hwlab/hwpod-spec.yaml exitCode=0",
          "exitCode": 0
        },
        {
          "source": "trace-row",
          "seq": 121,
          "rowId": "tool:call_01_a9lQt4wLNxKGYNnnCstQ0411",
          "header": "17:21:10 total=00:00:14 ok commandExecution",
          "command": "cat /home/agentrun/workspaces/48609cd68e3e0370/.hwlab/hwpod-spec.yaml 2>&1 | head -80",
          "normalizedCommand": "cat /home/agentrun/workspaces/48609cd68e3e0370/.hwlab/hwpod-spec.yaml 2>&1 | head -80",
          "bodyPreview": "cat /home/agentrun/workspaces/48609cd68e3e0370/.hwlab/hwpod-spec.yaml 2>&1 | head -80 stdout: apiVersion: hwlab.dev/v0alpha1 kind: Hwpod metadata: uid: D601-F103-V2 name: d601-f103-v2 spec: targetDevice: board: D601-F103-V2 mcu: STM32F103 workspace: path: \"F:\\\\Work\\\\HWLAB-CASE-F103\\\\.worktree\\\\caserun-issue1020-case2-r6-20260606-172100\" toolchain: keil-mdk keilProject: projects/01_baseline/Projects/MDK-ARM/atk_f103.uvprojx keilTarget: USART keilCliPath: \"C:\\\\Users\\\\liang\\\\.agents\\\\skills\\\\keil\\\\keil-cli.py\" debugProbe: type: daplink adapter: keil probeUid: 95FFF39D3DB47E0D probeName: MicroKeenV4 CMSIS-DAP programBackend: keil ioProbe: uart: id: uart/1 port: COM9 baudrate: 115200 nod... exitCode=0",
          "exitCode": 0
        },
        {
          "source": "trace-row",
          "seq": 149,
          "rowId": "tool:call_00_RJ8a9vEwMX0DOvlSmc6Y2906",
          "header": "17:21:13 total=00:00:16 ok commandExecution",
          "command": "command -v hwpod 2>&1; command -v hwpod-ctl 2>&1; command -v hwpod-compiler 2>&1 || true",
          "normalizedCommand": "command -v hwpod 2>&1; command -v hwpod-ctl 2>&1; command -v hwpod-compiler 2>&1 || true",
          "bodyPreview": "command -v hwpod 2>&1; command -v hwpod-ctl 2>&1; command -v hwpod-compiler 2>&1 || true stdout: /usr/local/bin/hwpod /usr/local/bin/hwpod-ctl /usr/local/bin/hwpod-compiler exitCode=0",
          "exitCode": 0
        },
        {
          "source": "trace-row",
          "seq": 151,
          "rowId": "tool:call_01_dXPDnuQ4b7Qf2ySMUiwd7597",
          "header": "17:21:13 total=00:00:17 ok commandExecution",
          "command": "ls -la /home/agentrun/workspaces/48609cd68e3e0370/.agents/skills/ 2>&1",
          "normalizedCommand": "ls -la /home/agentrun/workspaces/48609cd68e3e0370/.agents/skills/ 2>&1",
          "bodyPreview": "ls -la /home/agentrun/workspaces/48609cd68e3e0370/.agents/skills/ 2>&1 stdout: total 20 drwxr-xr-x 5 root root 4096 Jun 6 17:21 . drwxr-xr-x 3 root root 4096 Jun 6 17:21 .. drwxr-xr-x 4 root root 4096 Jun 6 17:21 hwlab-agent-runtime drwxr-xr-x 2 root root 4096 Jun 6 17:21 hwpod-cli drwxr-xr-x 2 root root 4096 Jun 6 17:21 hwpod-ctl exitCode=0",
          "exitCode": 0
        },
        {
          "source": "trace-row",
          "seq": 182,
          "rowId": "tool:call_00_m7OJdgRynM2FKhM24FYq0599",
          "header": "17:21:15 total=00:00:19 ok commandExecution",
          "command": "hwpod-ctl --help 2>&1 | head -40",
          "normalizedCommand": "hwpod-ctl --help 2>&1 | head -40",
          "bodyPreview": "hwpod-ctl --help 2>&1 | head -40 stdout: { \"ok\": true, \"action\": \"hwpod-ctl.help\", \"status\": \"succeeded\", \"contractVersion\": \"hwpod-ctl-v1\", \"usage\": [ \"bun tools/hwpod-ctl.ts spec init --spec .hwlab/hwpod-spec.yaml --node local-node\", \"bun tools/hwpod-ctl.ts spec validate --spec .hwlab/hwpod-spec.yaml\", \"bun tools/hwpod-ctl.ts spec set spec.workspace.path /workspace/firmware\", \"bun tools/hwpod-ctl.ts bind --node pc-host-1\" ], \"defaultSpecPath\": \".hwlab/hwpod-spec.yaml\", \"observedAt\": \"2026-06-06T17:21:15.434Z\" } exitCode=0",
          "exitCode": 0
        },
        {
          "source": "trace-row",
          "seq": 184,
          "rowId": "tool:call_01_9qygvrottFsTF2Tzryrv0974",
          "header": "17:21:15 total=00:00:19 ok commandExecution",
          "command": "hwpod --help 2>&1 | head -80",
          "normalizedCommand": "hwpod --help 2>&1 | head -80",
          "bodyPreview": "hwpod --help 2>&1 | head -80 stdout: { \"ok\": true, \"action\": \"hwpod-cli.help\", \"status\": \"succeeded\", \"contractVersion\": \"hwpod-node-ops-v1\", \"usage\": [ \"bun tools/hwpod-cli.ts inspect --dry-run\", \"bun tools/hwpod-cli.ts workspace ls . --dry-run\", \"bun tools/hwpod-cli.ts workspace cat projects/01_baseline/User/main.c --spec .hwlab/hwpod-spec.yaml\", \"bun tools/hwpod-cli.ts workspace read projects/01_baseline/User/main.c --spec .hwlab/hwpod-spec.yaml\", \"cat patch.txt | bun tools/hwpod-cli.ts workspace apply-patch --spec .hwlab/hwpod-spec.yaml --reason \\\"edit subject workspace through hwpod-node\\\"\", \"bun tools/hwpod-cli.ts worksp... exitCode=0",
          "exitCode": 0
        },
        {
          "source": "trace-row",
          "seq": 257,
          "rowId": "tool:call_00_R2bcuR8CooAUwiLq6PI60693",
          "header": "17:21:19 total=00:00:22 ok commandExecution",
          "command": "hwpod workspace cat projects/01_baseline/User/main.c --spec .hwlab/hwpod-spec.yaml 2>&1",
          "normalizedCommand": "hwpod workspace cat projects/01_baseline/User/main.c --spec .hwlab/hwpod-spec.yaml 2>&1",
          "bodyPreview": "hwpod workspace cat projects/01_baseline/User/main.c --spec .hwlab/hwpod-spec.yaml 2>&1 stdout: { \"ok\": true, \"action\": \"hwpod-cli.invoke\", \"status\": \"completed\", \"specPath\": \".hwlab/hwpod-spec.yaml\", \"intent\": \"workspace.cat\", \"contractVersion\": \"hwpod-node-ops-v1\", \"compilerInvocation\": { \"compiler\": \"hwpod-compiler-cli\", \"mode\": \"subprocess\", \"entrypoint\": \"tools/hwpod-compiler-cli.ts\", \"argv\": [ \"compile\", \"--spec\", \".hwlab/hwpod-spec.yaml\", \"--intent\", \"workspace.cat\", \"--args\", \"<json>\" ], \"exitCode\": 0, \"action\": \"hwpod-compiler.compile\", \"contractVersion\": \"hwpod-node-ops-v1\", \"planId\": \"hwpod_plan_56b547cd-b48f-4f6f-b921-fc731a68298b\", \"source\": { \"compiler\": \"hwpod-compiler-... exitCode=0",
          "exitCode": 0
        },
        {
          "source": "trace-row",
          "seq": 380,
          "rowId": "tool:call_00_7p1kTcpgmVaH0wZzMH1z7885",
          "header": "17:21:23 total=00:00:26 ok commandExecution",
          "command": "hwpod workspace insert-after --path projects/01_baseline/User/main.c --anchor \"printf(\\\"[D601-F103] device-pod LCD bring-up\" --line \" printf(\\\"[D601-F103] CaseRun UART marker issue1020-case2-r6-20260606-172100\\\\r\\\\n\\\");\" --spec .hwlab/hwpod-spec.yaml 2>&1",
          "normalizedCommand": "hwpod workspace insert-after --path projects/01_baseline/User/main.c --anchor \"printf(\\\"[D601-F103] device-pod LCD bring-up\" --line \" printf(\\\"[D601-F103] CaseRun UART marker issue1020-case2-r6-20260606-172100\\\\r\\\\n\\\");\" --spec .hwlab/hwpod-spec.yaml 2>&1",
          "bodyPreview": "hwpod workspace insert-after --path projects/01_baseline/User/main.c --anchor \"printf(\\\"[D601-F103] device-pod LCD bring-up\" --line \" printf(\\\"[D601-F103] CaseRun UART marker issue1020-case2-r6-20260606-172100\\\\r\\\\n\\\");\" --spec .hwlab/hwpod-spec.yaml 2>&1 stdout: { \"ok\": false, \"action\": \"hwpod-cli.invoke\", \"status\": \"failed\", \"specPath\": \".hwlab/hwpod-spec.yaml\", \"intent\": \"workspace.insert-after\", \"contractVersion\": \"hwpod-node-ops-v1\", \"compilerInvocation\": { \"compiler\": \"hwpod-compiler-cli\", \"mode\": \"subprocess\", \"entrypoint\": \"tools/hwpod-compiler-cli.ts\", \"argv\": [ \"compile\", \"--spec\", \".hwlab/hwpod-spec.yaml\", \"--intent\", \"workspace.insert-after\", \"--args\", \"<json>\" ], \"exitCode\": 0, \"action\": \"hwpod-compiler.compile\", \"contractVersion\": \"hwpod-node-ops-v1\", \"planId\": \"hwpod_plan_dafc23c6-d4a1-4448-a4c1-d8ee01c2dbb2\", \"source\": { \"compiler\": ... exitCode=1",
          "exitCode": 1
        },
        {
          "source": "trace-row",
          "seq": 522,
          "rowId": "tool:call_00_rPKs84hPOFXcfW1MizGr5426",
          "header": "17:21:28 total=00:00:32 ok commandExecution",
          "command": "hwpod workspace cat projects/01_baseline/User/main.c --spec .hwlab/hwpod-spec.yaml 2>&1 | head -40",
          "normalizedCommand": "hwpod workspace cat projects/01_baseline/User/main.c --spec .hwlab/hwpod-spec.yaml 2>&1 | head -40",
          "bodyPreview": "hwpod workspace cat projects/01_baseline/User/main.c --spec .hwlab/hwpod-spec.yaml 2>&1 | head -40 stdout: { \"ok\": true, \"action\": \"hwpod-cli.invoke\", \"status\": \"completed\", \"specPath\": \".hwlab/hwpod-spec.yaml\", \"intent\": \"workspace.cat\", \"contractVersion\": \"hwpod-node-ops-v1\", \"compilerInvocation\": { \"compiler\": \"hwpod-compiler-cli\", \"mode\": \"subprocess\", \"entrypoint\": \"tools/hwpod-compiler-cli.ts\", \"argv\": [ \"compile\", \"--spec\", \".hwlab/hwpod-spec.yaml\", \"--intent\", \"workspace.cat\", \"--args\", \"<json>\" ], \"exitCode\": 0, \"action\": \"hwpod-compiler.compile\", \"contractVersion\": \"hwpod-node-ops-v1\", \"planId\": \"hwpod_plan_0c446b17-b311-452f-9cec-454db2d8482e\", \"source\": { \"compiler\": \"hwpod-compiler-... exitCode=0",
          "exitCode": 0
        },
        {
          "source": "trace-row",
          "seq": 1223,
          "rowId": "tool:call_00_3Dc4dJ90M4SlaGkuYXP44363",
          "header": "17:21:47 total=00:00:51 ok commandExecution",
          "command": "hwpod job status 20260607_012141_574c28cc --spec .hwlab/hwpod-spec.yaml 2>&1",
          "normalizedCommand": "hwpod job status 20260607_012141_574c28cc --spec .hwlab/hwpod-spec.yaml 2>&1",
          "bodyPreview": "hwpod job status 20260607_012141_574c28cc --spec .hwlab/hwpod-spec.yaml 2>&1 stdout: { \"ok\": true, \"action\": \"hwpod-cli.invoke\", \"status\": \"completed\", \"specPath\": \".hwlab/hwpod-spec.yaml\", \"intent\": \"debug.job-status\", \"contractVersion\": \"hwpod-node-ops-v1\", \"compilerInvocation\": { \"compiler\": \"hwpod-compiler-cli\", \"mode\": \"subprocess\", \"entrypoint\": \"tools/hwpod-compiler-cli.ts\", \"argv\": [ \"compile\", \"--spec\", \".hwlab/hwpod-spec.yaml\", \"--intent\", \"debug.job-status\", \"--args\", \"<json>\" ], \"exitCode\": 0, \"action\": \"hwpod-compiler.compile\", \"contractVersion\": \"hwpod-node-ops-v1\", \"planId\": \"hwpod_plan_37629590-9bb0-4589-92f2-0d7133da90ad\", \"source\": { \"compiler\": \"hwpod-com... exitCode=0",
          "exitCode": 0
        },
        {
          "source": "trace-row",
          "seq": 1377,
          "rowId": "tool:call_00_9JXDJ5f16Y7PO9sEXyQb2184",
          "header": "17:21:50 total=00:00:54 ok commandExecution",
          "command": "hwpod job status 20260607_012141_574c28cc --spec .hwlab/hwpod-spec.yaml 2>&1",
          "normalizedCommand": "hwpod job status 20260607_012141_574c28cc --spec .hwlab/hwpod-spec.yaml 2>&1",
          "bodyPreview": "hwpod job status 20260607_012141_574c28cc --spec .hwlab/hwpod-spec.yaml 2>&1 stdout: { \"ok\": true, \"action\": \"hwpod-cli.invoke\", \"status\": \"completed\", \"specPath\": \".hwlab/hwpod-spec.yaml\", \"intent\": \"debug.job-status\", \"contractVersion\": \"hwpod-node-ops-v1\", \"compilerInvocation\": { \"compiler\": \"hwpod-compiler-cli\", \"mode\": \"subprocess\", \"entrypoint\": \"tools/hwpod-compiler-cli.ts\", \"argv\": [ \"compile\", \"--spec\", \".hwlab/hwpod-spec.yaml\", \"--intent\", \"debug.job-status\", \"--args\", \"<json>\" ], \"exitCode\": 0, \"action\": \"hwpod-compiler.compile\", \"contractVersion\": \"hwpod-node-ops-v1\", \"planId\": \"hwpod_plan_b1ba3130-3147-4a86-9091-3c5f23e5e4c5\", \"source\": { \"compiler\": \"hwpod-com... exitCode=0",
          "exitCode": 0
        },
        {
          "source": "trace-row",
          "seq": 1715,
          "rowId": "tool:call_00_9dOOKThyM6mYtkyAoiVZ5313",
          "header": "17:21:58 total=00:01:02 ok commandExecution",
          "command": "hwpod job status 20260607_012152_0fd74e6e --spec .hwlab/hwpod-spec.yaml 2>&1",
          "normalizedCommand": "hwpod job status 20260607_012152_0fd74e6e --spec .hwlab/hwpod-spec.yaml 2>&1",
          "bodyPreview": "hwpod job status 20260607_012152_0fd74e6e --spec .hwlab/hwpod-spec.yaml 2>&1 stdout: { \"ok\": true, \"action\": \"hwpod-cli.invoke\", \"status\": \"completed\", \"specPath\": \".hwlab/hwpod-spec.yaml\", \"intent\": \"debug.job-status\", \"contractVersion\": \"hwpod-node-ops-v1\", \"compilerInvocation\": { \"compiler\": \"hwpod-compiler-cli\", \"mode\": \"subprocess\", \"entrypoint\": \"tools/hwpod-compiler-cli.ts\", \"argv\": [ \"compile\", \"--spec\", \".hwlab/hwpod-spec.yaml\", \"--intent\", \"debug.job-status\", \"--args\", \"<json>\" ], \"exitCode\": 0, \"action\": \"hwpod-compiler.compile\", \"contractVersion\": \"hwpod-node-ops-v1\", \"planId\": \"hwpod_plan_23a66177-1485-45b0-a16e-8bd0ca4fea3a\", \"source\": { \"compiler\": \"hwpod-com... exitCode=0",
          "exitCode": 0
        },
        {
          "source": "trace-row",
          "seq": 1808,
          "rowId": "tool:call_00_zqSclMmdnoadtyaofVaX8800",
          "header": "17:22:01 total=00:01:04 ok commandExecution",
          "command": "hwpod job status 20260607_012152_0fd74e6e --spec .hwlab/hwpod-spec.yaml 2>&1",
          "normalizedCommand": "hwpod job status 20260607_012152_0fd74e6e --spec .hwlab/hwpod-spec.yaml 2>&1",
          "bodyPreview": "hwpod job status 20260607_012152_0fd74e6e --spec .hwlab/hwpod-spec.yaml 2>&1 stdout: { \"ok\": true, \"action\": \"hwpod-cli.invoke\", \"status\": \"completed\", \"specPath\": \".hwlab/hwpod-spec.yaml\", \"intent\": \"debug.job-status\", \"contractVersion\": \"hwpod-node-ops-v1\", \"compilerInvocation\": { \"compiler\": \"hwpod-compiler-cli\", \"mode\": \"subprocess\", \"entrypoint\": \"tools/hwpod-compiler-cli.ts\", \"argv\": [ \"compile\", \"--spec\", \".hwlab/hwpod-spec.yaml\", \"--intent\", \"debug.job-status\", \"--args\", \"<json>\" ], \"exitCode\": 0, \"action\": \"hwpod-compiler.compile\", \"contractVersion\": \"hwpod-node-ops-v1\", \"planId\": \"hwpod_plan_2638482c-6322-45c3-9f10-fe23591bf621\", \"source\": { \"compiler\": \"hwpod-com... exitCode=0",
          "exitCode": 0
        },
        {
          "source": "trace-row",
          "seq": 1999,
          "rowId": "tool:call_00_OyuNnEOAywrq4gKpxTtr3162",
          "header": "17:22:03 total=00:01:07 ok commandExecution",
          "command": "hwpod job status 20260607_012152_0fd74e6e --spec .hwlab/hwpod-spec.yaml 2>&1",
          "normalizedCommand": "hwpod job status 20260607_012152_0fd74e6e --spec .hwlab/hwpod-spec.yaml 2>&1",
          "bodyPreview": "hwpod job status 20260607_012152_0fd74e6e --spec .hwlab/hwpod-spec.yaml 2>&1 stdout: { \"ok\": true, \"action\": \"hwpod-cli.invoke\", \"status\": \"completed\", \"specPath\": \".hwlab/hwpod-spec.yaml\", \"intent\": \"debug.job-status\", \"contractVersion\": \"hwpod-node-ops-v1\", \"compilerInvocation\": { \"compiler\": \"hwpod-compiler-cli\", \"mode\": \"subprocess\", \"entrypoint\": \"tools/hwpod-compiler-cli.ts\", \"argv\": [ \"compile\", \"--spec\", \".hwlab/hwpod-spec.yaml\", \"--intent\", \"debug.job-status\", \"--args\", \"<json>\" ], \"exitCode\": 0, \"action\": \"hwpod-compiler.compile\", \"contractVersion\": \"hwpod-node-ops-v1\", \"planId\": \"hwpod_plan_24bf74af-167b-4539-a9a4-fea8e021d233\", \"source\": { \"compiler\": \"hwpod-com... exitCode=0",
          "exitCode": 0
        },
        {
          "source": "trace-row",
          "seq": 2200,
          "rowId": "tool:call_00_If5LLVJpMfppeSO6xhoy7274",
          "header": "17:22:07 total=00:01:10 ok commandExecution",
          "command": "hwpod job status 20260607_012152_0fd74e6e --spec .hwlab/hwpod-spec.yaml 2>&1",
          "normalizedCommand": "hwpod job status 20260607_012152_0fd74e6e --spec .hwlab/hwpod-spec.yaml 2>&1",
          "bodyPreview": "hwpod job status 20260607_012152_0fd74e6e --spec .hwlab/hwpod-spec.yaml 2>&1 stdout: { \"ok\": true, \"action\": \"hwpod-cli.invoke\", \"status\": \"completed\", \"specPath\": \".hwlab/hwpod-spec.yaml\", \"intent\": \"debug.job-status\", \"contractVersion\": \"hwpod-node-ops-v1\", \"compilerInvocation\": { \"compiler\": \"hwpod-compiler-cli\", \"mode\": \"subprocess\", \"entrypoint\": \"tools/hwpod-compiler-cli.ts\", \"argv\": [ \"compile\", \"--spec\", \".hwlab/hwpod-spec.yaml\", \"--intent\", \"debug.job-status\", \"--args\", \"<json>\" ], \"exitCode\": 0, \"action\": \"hwpod-compiler.compile\", \"contractVersion\": \"hwpod-node-ops-v1\", \"planId\": \"hwpod_plan_19d75559-6a16-49a7-b922-101acb733496\", \"source\": { \"compiler\": \"hwpod-com... exitCode=0",
          "exitCode": 0
        },
        {
          "source": "trace-row",
          "seq": 629,
          "rowId": "tool:call_00_bFgOwhDq3n5iE3M59OjG8738",
          "header": "17:21:31 total=00:00:34 ok commandExecution",
          "command": "hwpod workspace cat projects/01_baseline/User/main.c --spec .hwlab/hwpod-spec.yaml 2>&1 | grep -F \"content\" -A 999",
          "normalizedCommand": "hwpod workspace cat projects/01_baseline/User/main.c --spec .hwlab/hwpod-spec.yaml 2>&1 | grep -F \"content\" -A 999",
          "bodyPreview": "hwpod workspace cat projects/01_baseline/User/main.c --spec .hwlab/hwpod-spec.yaml 2>&1 | grep -F \"content\" -A 999 stdout: \"content\": \"#include \\\"./SYSTEM/usart/usart.h\\\"\\r\\n#include \\\"stm32f1xx_hal.h\\\"\\r\\n#include \\\"./SYSTEM/sys/sys.h\\\"\\r\\n#include \\\"./BSP/LED/led.h\\\"\\r\\n#include \\\"jsonrpc_handler.h\\\"\\r\\n#include \\\"d601_lcd.h\\\"\\r\\n#include \\\"d601_arm2d_demo.h\\\"\\r\\n#include \\\"d601_gpio.h\\\"\\r\\n\\r\\nint main(void)\\r\\n{\\r\\n SystemCoreClockUpdate();\\r\\n sys_stm32_clock_init(9);\\r\\n printf(\\\"[D601-F103] CaseRun UART marker issue1020-case2-r6-20260606-172100\\\\r\\\\n\\\");\\r\\n HAL_Init();\\r\\n led_init();\\r\\n usart_init(115200);\\r\\n printf(\\\"\\\\r\\\\n[D601-F103] device-pod LCD bring-up\\\\r\\\\n\\\");\\r\\n\\r\\n d601_lcd_init();\\r\\n d6... exitCode=0",
          "exitCode": 0
        }
      ]
    },
    "agentDiff": {
      "statusShort": "M projects/01_baseline/User/main.c",
      "diffStat": "projects/01_baseline/User/main.c | 1 +\n 1 file changed, 1 insertion(+)",
      "diffPatchPath": "/root/hwlab-v02/.state/hwlab-cli/caserun/issue1020-case2-r6-20260606-172100/agent-diff.patch",
      "diffPatchSha256": "1097fe3f99dbc8f19e96b779a4b5c9aa40bd261cfdd25e31abfd65b88b8ecf01",
      "sourceRootStatusShort": "M projects/01_baseline/Projects/MDK-ARM/atk_f103.uvprojx",
      "requests": [
        {
          "label": "status",
          "httpStatus": 200,
          "exitCode": 0,
          "stdoutBytes": 34,
          "stderr": ""
        },
        {
          "label": "diff-stat",
          "httpStatus": 200,
          "exitCode": 0,
          "stdoutBytes": 70,
          "stderr": ""
        },
        {
          "label": "diff-patch",
          "httpStatus": 200,
          "exitCode": 0,
          "stdoutBytes": 430,
          "stderr": ""
        },
        {
          "label": "source-root-status",
          "httpStatus": 200,
          "exitCode": 0,
          "stdoutBytes": 56,
          "stderr": ""
        }
      ]
    },
    "hwpod": {
      "source": "case-run-runner-post-agent-compile-check",
      "command": [
        "bun",
        "hwpod-cli.ts",
        "build",
        "--spec",
        "hwpod-spec.yaml",
        "--reason",
        "case-run d601-f103-v2-main-marker-download-uart issue1020-case2-r6-20260606-172100 compile-only"
      ],
      "exitCode": 0,
      "stdoutJson": {
        "ok": true,
        "action": "hwpod-cli.invoke",
        "status": "completed",
        "results": [
          {
            "opId": "op_01_cmd_run",
            "op": "cmd.run",
            "ok": true,
            "status": "completed",
            "output": {
              "cwd": "F:\\Work\\HWLAB-CASE-F103\\.worktree\\caserun-issue1020-case2-r6-20260606-172100",
              "command": [
                "py",
                "-3",
                "C:\\Users\\liang\\.agents\\skills\\keil\\keil-cli.py",
                "build",
                "-p",
                "F:\\Work\\HWLAB-CASE-F103\\.worktree\\caserun-issue1020-case2-r6-20260606-172100\\projects\\01_baseline\\Projects\\MDK-ARM\\atk_f103.uvprojx",
                "-t",
                "USART"
              ],
              "exitCode": 0,
              "stdout": "{\r\n  \"accepted\": true,\r\n  \"command\": \"build\",\r\n  \"mode\": \"async\",\r\n  \"job_id\": \"20260607_012235_363f2c54\",\r\n  \"status\": \"queued\",\r\n  \"state_file\": \"C:\\\\Users\\\\liang\\\\.agents\\\\skills\\\\keil\\\\.state\\\\jobs\\\\20260607_012235_363f2c54.json\",\r\n  \"check_command\": \"py -3 keil-cli.py job-status 20260607_012235_363f2c54\",\r\n  \"hex_file_preview\": \"F:\\\\Work\\\\HWLAB-CASE-F103\\\\.worktree\\\\caserun-issue1020-case2-r6-20260606-172100\\\\projects\\\\01_baseline\\\\Output\\\\atk_f103.hex\",\r\n  \"axf_file_preview\": \"F:\\\\Work\\\\HWLAB-CASE-F103\\\\.worktree\\\\caserun-issue1020-case2-r6-20260606-172100\\\\projects\\\\01_baseline\\\\Output\\\\atk_f103.axf\"\r\n}\r\n",
              "stderr": "",
              "ok": true,
              "commandResolution": {
                "requested": "py",
                "command": "py",
                "resolved": false,
                "source": "process-path",
                "candidates": []
              }
            }
          }
        ]
      }
    },
    "keilJob": {
      "status": "completed",
      "returnCode": 0,
      "success": true,
      "artifacts": [
        "F:\\Work\\HWLAB-CASE-F103\\.worktree\\caserun-issue1020-case2-r6-20260606-172100\\projects\\01_baseline\\Output\\atk_f103.hex",
        "F:\\Work\\HWLAB-CASE-F103\\.worktree\\caserun-issue1020-case2-r6-20260606-172100\\projects\\01_baseline\\Output\\atk_f103.axf"
      ],
      "raw": {
        "job_id": "20260607_012235_363f2c54",
        "command": "build",
        "status": "completed",
        "created_at": "2026-06-07T01:22:35.642807",
        "started_at": "2026-06-07T01:22:35.824243",
        "finished_at": "2026-06-07T01:22:37.769162",
        "return_code": 0,
        "success": true,
        "params": {
          "project": "F:\\Work\\HWLAB-CASE-F103\\.worktree\\caserun-issue1020-case2-r6-20260606-172100\\projects\\01_baseline\\Projects\\MDK-ARM\\atk_f103.uvprojx",
          "programmer": null,
          "probe": null,
          "target": "USART",
          "program_backend": null,
          "erase_mode": null
        },
        "result": {
          "return_code": 0,
          "success": true,
          "message": "Build completed successfully",
          "hex_file": "F:\\Work\\HWLAB-CASE-F103\\.worktree\\caserun-issue1020-case2-r6-20260606-172100\\projects\\01_baseline\\Output\\atk_f103.hex",
          "axf_file": "F:\\Work\\HWLAB-CASE-F103\\.worktree\\caserun-issue1020-case2-r6-20260606-172100\\projects\\01_baseline\\Output\\atk_f103.axf",
          "warning_count": 0,
          "target": "USART",
          "shared_output_cleanup": {
            "performed": false,
            "patterns": [],
            "removed_count": 0,
            "removed_files": []
          },
          "cleared_build_state_file": null,
          "build_state_file": "F:\\Work\\HWLAB-CASE-F103\\.worktree\\caserun-issue1020-case2-r6-20260606-172100\\projects\\01_baseline\\Projects\\MDK-ARM\\output\\.keil_target_build_state.json",
          "_log_file": "C:\\Users\\liang\\.agents\\skills\\keil\\logs\\20260607\\keil_build_20260607_012235.jsonl"
        },
        "log_file": "C:\\Users\\liang\\.agents\\skills\\keil\\logs\\20260607\\keil_build_20260607_012235.jsonl",
        "runner": {
          "argv": [
            "C:\\Users\\liang\\AppData\\Local\\Microsoft\\WindowsApps\\PythonSoftwareFoundation.Python.3.13_qbz5n2kfra8p0\\python.exe",
            "C:\\Users\\liang\\.agents\\skills\\keil\\keil-cli.py",
            "__job-runner",
            "--job-id",
            "20260607_012235_363f2c54",
            "--target-command",
            "build",
            "--project",
            "F:\\Work\\HWLAB-CASE-F103\\.worktree\\caserun-issue1020-case2-r6-20260606-172100\\projects\\01_baseline\\Projects\\MDK-ARM\\atk_f103.uvprojx",
            "--target",
            "USART"
          ],
          "cwd": "C:\\Users\\liang\\.agents\\skills\\keil",
          "stdout_file": "C:\\Users\\liang\\.agents\\skills\\keil\\.state\\job-logs\\20260607_012235_363f2c54.stdout.txt",
          "stderr_file": "C:\\Users\\liang\\.agents\\skills\\keil\\.state\\job-logs\\20260607_012235_363f2c54.stderr.txt",
          "launched_at": "2026-06-07T01:22:35.645388",
          "pid": 219604
        },
        "state_file": "C:\\Users\\liang\\.agents\\skills\\keil\\.state\\jobs\\20260607_012235_363f2c54.json",
        "runner_pid": 219604,
        "heartbeat_at": "2026-06-07T01:22:37.769164",
        "phase": "completed"
      },
      "jobId": "20260607_012235_363f2c54",
      "polls": 2,
      "timedOut": false
    },
    "artifacts": [
      "F:\\Work\\HWLAB-CASE-F103\\.worktree\\caserun-issue1020-case2-r6-20260606-172100\\projects\\01_baseline\\Output\\atk_f103.hex",
      "F:\\Work\\HWLAB-CASE-F103\\.worktree\\caserun-issue1020-case2-r6-20260606-172100\\projects\\01_baseline\\Output\\atk_f103.axf"
    ],
    "decisions": {
      "autoEvaluation": false,
      "runnerPostAgentCompileCheck": "recorded",
      "reason": "flow-only run: CaseRun records agent, diff and compile evidence without auto-grading them"
    }
  }
}
