{
  "generatedAt": "2026-06-07T05:30:40.888Z",
  "cli": "hwlab-cli",
  "version": "0.2.0-client",
  "ok": true,
  "action": "case.run",
  "status": "completed",
  "caseId": "d601-f103-v2-main-marker-download-uart",
  "runId": "d601-f103-v2-main-marker-download-uart-20260607052350-41954c34",
  "runDir": "/root/hwlab-v02/.state/hwlab-cli/caserun/d601-f103-v2-main-marker-download-uart-20260607052350-41954c34",
  "compileOnly": true,
  "prepare": {
    "status": "prepared",
    "caseId": "d601-f103-v2-main-marker-download-uart",
    "runId": "d601-f103-v2-main-marker-download-uart-20260607052350-41954c34",
    "specPath": "/root/hwlab-v02/.state/hwlab-cli/caserun/d601-f103-v2-main-marker-download-uart-20260607052350-41954c34/.hwlab/hwpod-spec.yaml",
    "apiUrl": "http://74.48.78.17:19667",
    "subject": {
      "repoLocalPath": "F:\\Work\\HWLAB-CASE-F103",
      "commitId": "df7a4e6e551fa90d64bde5537cc000f89d63dd20",
      "worktreePath": "F:\\Work\\HWLAB-CASE-F103\\.worktree\\caserun-d601-f103-v2-main-marker-download-uart-20260607052350-41954c34"
    }
  },
  "agent": {
    "stageStatus": "completed",
    "baseUrl": "http://74.48.78.17:19666",
    "projectId": "prj_hwpod_workbench",
    "providerProfile": "deepseek",
    "conversationId": "cnv_case_d601-f103-v2-main-marker-download-uart_d601-f103-v2-main-marker-download-uart-20260607052350-41954c34",
    "sessionId": "ses_642dc5df-da64-463b-a53f-5279f396687b",
    "traceId": "trc_case_d601-f103-v2-main-marker-download-uart_882a3508b72e4c81a006c150a9b5a5bb",
    "promptPath": "/root/hwlab-v02/.state/hwlab-cli/caserun/d601-f103-v2-main-marker-download-uart-20260607052350-41954c34/agent-prompt.md",
    "promptSha256": "0f48ea590fcc7d240b2c53221bdee13104b942e7ec0da1ddfa4dd85c04b48433",
    "polls": 133,
    "timedOut": false,
    "timeoutMs": 600000,
    "pollIntervalMs": 1000,
    "lastHttpStatus": 200,
    "nextPollCommand": "hwlab-cli client agent result trc_case_d601-f103-v2-main-marker-download-uart_882a3508b72e4c81a006c150a9b5a5bb",
    "traceCommand": "hwlab-cli client agent trace trc_case_d601-f103-v2-main-marker-download-uart_882a3508b72e4c81a006c150a9b5a5bb --render web",
    "inspectCommand": "hwlab-cli client agent inspect --trace-id trc_case_d601-f103-v2-main-marker-download-uart_882a3508b72e4c81a006c150a9b5a5bb",
    "sessionCommand": "hwlab-cli client agent session status ses_642dc5df-da64-463b-a53f-5279f396687b",
    "traceLookup": {
      "source": "hwlab-cli.client.agent",
      "strategy": "id_plus_existing_cli",
      "note": "CaseRun records trace/session identity and reuses existing HWLAB Web-equivalent agent CLI for trace/result/inspect; it does not implement a separate trace query path.",
      "baseUrl": "http://74.48.78.17:19666",
      "traceId": "trc_case_d601-f103-v2-main-marker-download-uart_882a3508b72e4c81a006c150a9b5a5bb",
      "sessionId": "ses_642dc5df-da64-463b-a53f-5279f396687b",
      "conversationId": "cnv_case_d601-f103-v2-main-marker-download-uart_d601-f103-v2-main-marker-download-uart-20260607052350-41954c34",
      "commands": {
        "result": "hwlab-cli client agent result trc_case_d601-f103-v2-main-marker-download-uart_882a3508b72e4c81a006c150a9b5a5bb",
        "trace": "hwlab-cli client agent trace trc_case_d601-f103-v2-main-marker-download-uart_882a3508b72e4c81a006c150a9b5a5bb --render web",
        "traceFull": "hwlab-cli client agent trace trc_case_d601-f103-v2-main-marker-download-uart_882a3508b72e4c81a006c150a9b5a5bb --render web --full",
        "inspect": "hwlab-cli client agent inspect --trace-id trc_case_d601-f103-v2-main-marker-download-uart_882a3508b72e4c81a006c150a9b5a5bb",
        "sessionStatus": "hwlab-cli client agent session status ses_642dc5df-da64-463b-a53f-5279f396687b"
      }
    }
  },
  "agentTrace": {
    "traceId": "trc_case_d601-f103-v2-main-marker-download-uart_882a3508b72e4c81a006c150a9b5a5bb",
    "status": "completed",
    "httpStatus": 200,
    "source": "hwlab-cli.client.agent.trace",
    "lookup": {
      "source": "hwlab-cli.client.agent",
      "strategy": "id_plus_existing_cli",
      "note": "CaseRun records trace/session identity and reuses existing HWLAB Web-equivalent agent CLI for trace/result/inspect; it does not implement a separate trace query path.",
      "baseUrl": "http://74.48.78.17:19666",
      "traceId": "trc_case_d601-f103-v2-main-marker-download-uart_882a3508b72e4c81a006c150a9b5a5bb",
      "sessionId": "ses_642dc5df-da64-463b-a53f-5279f396687b",
      "conversationId": "cnv_case_d601-f103-v2-main-marker-download-uart_d601-f103-v2-main-marker-download-uart-20260607052350-41954c34",
      "commands": {
        "result": "hwlab-cli client agent result trc_case_d601-f103-v2-main-marker-download-uart_882a3508b72e4c81a006c150a9b5a5bb",
        "trace": "hwlab-cli client agent trace trc_case_d601-f103-v2-main-marker-download-uart_882a3508b72e4c81a006c150a9b5a5bb --render web",
        "traceFull": "hwlab-cli client agent trace trc_case_d601-f103-v2-main-marker-download-uart_882a3508b72e4c81a006c150a9b5a5bb --render web --full",
        "inspect": "hwlab-cli client agent inspect --trace-id trc_case_d601-f103-v2-main-marker-download-uart_882a3508b72e4c81a006c150a9b5a5bb",
        "sessionStatus": "hwlab-cli client agent session status ses_642dc5df-da64-463b-a53f-5279f396687b"
      }
    },
    "sourceEventCount": 6000,
    "renderedRowCount": 168,
    "commandCount": 94,
    "hwpodCommandCount": 32,
    "hwpodBuildCommandCount": 1,
    "keilJobCandidates": [
      "20260607_132936_ddc1dbc8"
    ],
    "terminalStatus": "completed",
    "commands": [
      {
        "source": "trace-row",
        "seq": 21781,
        "rowId": "tool:call_00_UCpgCDUYRDKSclJ2J9Lw7293",
        "header": "05:24:22 total=00:00:20 ok commandExecution",
        "command": "hwpod-ctl spec validate --spec .hwlab/hwpod-spec.yaml",
        "normalizedCommand": "hwpod-ctl spec validate --spec .hwlab/hwpod-spec.yaml",
        "bodyPreview": "hwpod-ctl spec validate --spec .hwlab/hwpod-spec.yaml stdout: { \"ok\": true, \"action\": \"hwpod-ctl.spec.validate\", \"status\": \"succeeded\", \"specPath\": \".hwlab/hwpod-spec.yaml\", \"document\": { \"apiVersion\": \"hwlab.dev/v0alpha1\", \"kind\": \"Hwpod\", \"metadata\": { \"uid\": \"D601-F103-V2\", \"name\": \"d601-f103-v2\" }, \"spec\": { \"targetDevice\": { \"board\": \"D601-F103-V2\", \"mcu\": \"STM32F103\" }, \"workspace\": { \"path\": \"F:\\\\Work\\\\HWLAB-CASE-F103\\\\.worktree\\\\caserun-d601-f103-v2-main-marker-download-uart-20260607052350-41954c34\", \"toolchain\": \"keil-mdk\", \"keilProject\": \"projects/01_baseline/Projects/MDK-ARM/atk_f103.uvprojx\", \"keilTarget\": \"USART\", \"keilCliPath\": \"C:\\\\User... exitCode=0",
        "exitCode": 0
      },
      {
        "source": "trace-row",
        "seq": 21785,
        "rowId": "tool:call_00_LeTiVdDYL6pwX4Qtu3AI1127",
        "header": "05:24:24 total=00:00:22 ok commandExecution",
        "command": "hwpod inspect --spec .hwlab/hwpod-spec.yaml",
        "normalizedCommand": "hwpod inspect --spec .hwlab/hwpod-spec.yaml",
        "bodyPreview": "hwpod inspect --spec .hwlab/hwpod-spec.yaml stdout: { \"ok\": true, \"action\": \"hwpod-cli.invoke\", \"status\": \"completed\", \"specPath\": \".hwlab/hwpod-spec.yaml\", \"intent\": \"inspect\", \"contractVersion\": \"hwpod-node-ops-v1\", \"compilerInvocation\": { \"compiler\": \"hwpod-compiler-cli\", \"mode\": \"subprocess\", \"entrypoint\": \"tools/hwpod-compiler-cli.ts\", \"argv\": [ \"compile\", \"--spec\", \".hwlab/hwpod-spec.yaml\", \"--intent\", \"inspect\", \"--args\", \"<json>\" ], \"exitCode\": 0, \"action\": \"hwpod-compiler.compile\", \"contractVersion\": \"hwpod-node-ops-v1\", \"planId\": \"hwpod_plan_408619bc-fa34-4483-889a-7d05423c5745\", \"source\": { \"compiler\": \"hwpod-compiler-cli\", \"specP... exitCode=0",
        "exitCode": 0
      },
      {
        "source": "trace-row",
        "seq": 21796,
        "rowId": "tool:call_00_AqmC0QXOTKRJ0yNxww4K0285",
        "header": "05:24:32 total=00:00:30 ok commandExecution",
        "command": "hwpod workspace insert-after --path projects/01_baseline/User/main.c --anchor \" usart_init(115200);\" --line \" printf(\\\"[D601-F103] CaseRun UART\\\\r\\\\n\\\");\" --spec .hwlab/hwpod-spec.yaml",
        "normalizedCommand": "hwpod workspace insert-after --path projects/01_baseline/User/main.c --anchor \" usart_init(115200);\" --line \" printf(\\\"[D601-F103] CaseRun UART\\\\r\\\\n\\\");\" --spec .hwlab/hwpod-spec.yaml",
        "bodyPreview": "hwpod workspace insert-after --path projects/01_baseline/User/main.c --anchor \" usart_init(115200);\" --line \" printf(\\\"[D601-F103] CaseRun UART\\\\r\\\\n\\\");\" --spec .hwlab/hwpod-spec.yaml stdout: { \"ok\": true, \"action\": \"hwpod-cli.invoke\", \"status\": \"completed\", \"specPath\": \".hwlab/hwpod-spec.yaml\", \"intent\": \"workspace.insert-after\", \"contractVersion\": \"hwpod-node-ops-v1\", \"compilerInvocation\": { \"compiler\": \"hwpod-compiler-cli\", \"mode\": \"subprocess\", \"entrypoint\": \"tools/hwpod-compiler-cli.ts\", \"argv\": [ \"compile\", \"--spec\", \".hwlab/hwpod-spec.yaml\", \"--intent\", \"workspace.insert-after\", \"--args\", \"<json>\" ], \"exitCode\": 0, \"action\": \"hwpod-compiler.compile\", \"contractVersion\": \"hwpod-node-ops-v1\", \"planId\": \"hwpod_plan_028bebba-9cfc-492a-804d-9c1ae81bde01\", \"source\": { \"compiler\"... exitCode=0",
        "exitCode": 0
      },
      {
        "source": "trace-row",
        "seq": 23351,
        "rowId": "tool:call_00_oLomQLvPvjnofLL1Mf6D8856",
        "header": "05:29:37 total=00:05:35 ok commandExecution",
        "command": "hwpod build --spec .hwlab/hwpod-spec.yaml 2>&1 | node -e \" let d='';process.stdin.on('data',c=>d+=c);process.stdin.on('end',()=>{ const parsed = JSON.parse(d); console.log('ok:', parsed.body?.ok); console.log('status:', parsed.body?.status); console.log('results:', JSON.stringify(parsed.body?.results, null, 2)); }); \"",
        "normalizedCommand": "hwpod build --spec .hwlab/hwpod-spec.yaml 2>&1 | node -e \" let d='';process.stdin.on('data',c=>d+=c);process.stdin.on('end',()=>{ const parsed = JSON.parse(d); console.log('ok:', parsed.body?.ok); console.log('status:', parsed.body?.status); console.log('results:', JSON.stringify(parsed.body?.results, null, 2)); });",
        "bodyPreview": "hwpod build --spec .hwlab/hwpod-spec.yaml 2>&1 | node -e \" let d='';process.stdin.on('data',c=>d+=c);process.stdin.on('end',()=>{ const parsed = JSON.parse(d); console.log('ok:', parsed.body?.ok); console.log('status:', parsed.body?.status); console.log('results:', JSON.stringify(parsed.body?.results, null, 2)); }); \" stdout: ok: true status: completed results: [ { \"opId\": \"op_01_cmd_run\", \"op\": \"cmd.run\", \"ok\": true, \"status\": \"completed\", \"output\": { \"cwd\": \"F:\\\\Work\\\\HWLAB-CASE-F103\\\\.worktree\\\\caserun-d601-f103-v2-main-marker-download-uart-20260607052350-41954c34\", \"command\": [ \"py\", \"-3\", \"C:\\\\Users\\\\liang\\\\.agents\\\\skills\\\\keil\\\\keil-cli.py\", \"build\", \"-p\", \"F:\\\\Work\\\\HWLAB-CASE-F103\\\\.worktree\\\\caserun-d601-f103-v2-main-marker-download-uart-20260607052350-41954c34\\\\projects\\\\01_baseline\\\\Projects\\\\MDK-ARM\\\\atk_f103.uvprojx\", \"-t\", \"USART\" ], \"exitCode\": 0, \"stdout\": \"{\\r\\n \\\"accepted\\\": true,\\r\\n \\\"comman... exitCode=0",
        "exitCode": 0
      },
      {
        "source": "trace-row",
        "seq": 24615,
        "rowId": "tool:call_00_kcIdi6IjsOTEBxqRCg8B1670",
        "header": "05:29:49 total=00:05:47 ok commandExecution",
        "command": "hwpod download --spec .hwlab/hwpod-spec.yaml 2>&1 | node -e \" let d='';process.stdin.on('data',c=>d+=c);process.stdin.on('end',()=>{ const parsed = JSON.parse(d); const result = parsed.body?.results?.[0]; console.log(JSON.stringify(result?.output, null, 2)); }); \"",
        "normalizedCommand": "hwpod download --spec .hwlab/hwpod-spec.yaml 2>&1 | node -e \" let d='';process.stdin.on('data',c=>d+=c);process.stdin.on('end',()=>{ const parsed = JSON.parse(d); const result = parsed.body?.results?.[0]; console.log(JSON.stringify(result?.output, null, 2)); });",
        "bodyPreview": "hwpod download --spec .hwlab/hwpod-spec.yaml 2>&1 | node -e \" let d='';process.stdin.on('data',c=>d+=c);process.stdin.on('end',()=>{ const parsed = JSON.parse(d); const result = parsed.body?.results?.[0]; console.log(JSON.stringify(result?.output, null, 2)); }); \" stdout: { \"cwd\": \"F:\\\\Work\\\\HWLAB-CASE-F103\\\\.worktree\\\\caserun-d601-f103-v2-main-marker-download-uart-20260607052350-41954c34\", \"command\": [ \"node\", \"-e\", \"const fs=require('fs');const input=JSON.parse(process.argv[1]||'{}');const primary=String(input.primary||'');const alternate=String(input.alternate||'');let result;if(fs.existsSync(primary)){result={status:'present',primary};}else if(fs.existsSync(alternate)){result={status:'present',alternate};}else{result={status:'missing',primary,alternate,reason:'keil_uvoptx_binding_absent'};}console.log('hwpodKeilSidecar '+JSON.stringify(result));\", \"{\\\"pr... exitCode=0",
        "exitCode": 0
      },
      {
        "source": "trace-row",
        "seq": 25480,
        "rowId": "tool:call_00_kHqVwFQyTYCjWs1I45bU8588",
        "header": "05:29:58 total=00:05:56 ok commandExecution",
        "command": "hwpod uart read --spec .hwlab/hwpod-spec.yaml --port uart1 --max-bytes 4096 2>&1 | node -e \" let d='';process.stdin.on('data',c=>d+=c);process.stdin.on('end',()=>{ const parsed = JSON.parse(d); const result = parsed.body?.results?.[0]; console.log('UART read result:'); console.log(JSON.stringify(result?.output, null, 2)); }); \"",
        "normalizedCommand": "hwpod uart read --spec .hwlab/hwpod-spec.yaml --port uart1 --max-bytes 4096 2>&1 | node -e \" let d='';process.stdin.on('data',c=>d+=c);process.stdin.on('end',()=>{ const parsed = JSON.parse(d); const result = parsed.body?.results?.[0]; console.log('UART read result:'); console.log(JSON.stringify(result?.output, null, 2)); });",
        "bodyPreview": "hwpod uart read --spec .hwlab/hwpod-spec.yaml --port uart1 --max-bytes 4096 2>&1 | node -e \" let d='';process.stdin.on('data',c=>d+=c);process.stdin.on('end',()=>{ const parsed = JSON.parse(d); const result = parsed.body?.results?.[0]; console.log('UART read result:'); console.log(JSON.stringify(result?.output, null, 2)); }); \" stdout: UART read result: { \"cwd\": \"C:\\\\Users\\\\liang\\\\.agents\\\\skills\\\\serial-monitor\", \"command\": [ \"node\", \"-e\", \"const {spawnSync}=require('child_process'); const seq=JSON.parse(process.argv[1]); for (const argv of seq) { const r=spawnSync(argv[0],argv.slice(1),{encoding:'utf8'}); if(r.stdout) process.stdout.write(r.stdout); if(r.stderr) process.stderr.write(r.stderr); let ok=r.status===0; try{const body=JSON.parse((r.stdout||'').trim()); if(body && body.success===false) ok=false;}catch{} if(!ok) process.exit(r.status||1); } process.exit(0);\", \"[[\\\"bun\\\",\\\"scripts/serial-monitor-cli.ts\\\",\\\"monit... exitCode=0",
        "exitCode": 0
      },
      {
        "source": "trace-row",
        "seq": 21704,
        "rowId": "tool:call_00_cxHBZXeDehXxLt5L8dOW4080",
        "header": "05:28:35 total=00:04:33 ok commandExecution",
        "command": "grep -n 'function rawString\\|function requiredRawString' tools/src/hwpod-node-lib.ts 2>&1",
        "normalizedCommand": "grep -n 'function rawString\\|function requiredRawString' tools/src/hwpod-node-lib.ts 2>&1",
        "bodyPreview": "grep -n 'function rawString\\|function requiredRawString' tools/src/hwpod-node-lib.ts 2>&1 stdout: 731:function requiredRawString(value: unknown, name: string) { 737:function rawString(value: unknown) { exitCode=0",
        "exitCode": 0
      },
      {
        "source": "trace-row",
        "seq": 21706,
        "rowId": "tool:call_00_2Cxj3WB0IkLWuciyJpS25861",
        "header": "05:28:37 total=00:04:35 ok commandExecution",
        "command": "sed -n '731,745p' tools/src/hwpod-node-lib.ts 2>&1",
        "normalizedCommand": "sed -n '731,745p' tools/src/hwpod-node-lib.ts 2>&1",
        "bodyPreview": "sed -n '731,745p' tools/src/hwpod-node-lib.ts 2>&1 stdout: function requiredRawString(value: unknown, name: string) { const normalized = rawString(value); if (!normalized) throw cliError(\"required_option_missing\", `${name} is required`, { name }); return normalized; } function rawString(value: unknown) { return typeof value === \"string\" ? value : \"\"; } function findLineSequence(lines: string[], sequence: string[], start: number) { if (sequence.length === 0) return start; for (let index = start; index <= lines.length - sequence.length; index += 1) { if (sequence.every((line, offset) => lines[index + offset] === line)) return index; } exitCode=0",
        "exitCode": 0
      },
      {
        "source": "trace-row",
        "seq": 21711,
        "rowId": "tool:call_00_LrW4C1QzqPDdWL7SGDBL4323",
        "header": "05:28:41 total=00:04:39 ok commandExecution",
        "command": "grep -n 'cmd.run' tools/src/hwpod-harness-lib.ts 2>&1 | head -10",
        "normalizedCommand": "grep -n 'cmd.run' tools/src/hwpod-harness-lib.ts 2>&1 | head -10",
        "bodyPreview": "grep -n 'cmd.run' tools/src/hwpod-harness-lib.ts 2>&1 | head -10 stdout: 209: download: \"Keil download compiles to a flash job through cmd.run, so build+program stays inside the Keil job.\", 210: jobStatus: \"Query a Keil async job with `hwpod job status <jobId>`; this compiles to cmd.run rather than a new node op.\" 213: read: \"Use the configured serial-monitor CLI through cmd.run. The hwpod-node contract stays at cmd.run plus file ops.\" 258: boundary: \"Workspace file operations are the standard editing path; do not use shell quoting for subject text edits unless debugging cmd.run itself.\" 268: boundary: \"Job status compiles to cmd.run against the configured Keil ... exitCode=0",
        "exitCode": 0
      },
      {
        "source": "trace-row",
        "seq": 21714,
        "rowId": "tool:call_00_wmNixxIqq6yAixVpdt531572",
        "header": "05:28:42 total=00:04:40 ok commandExecution",
        "command": "grep -n 'cmd.run\\|cmd\\.run' tools/src/hwpod-node-lib.ts 2>&1 | head -5",
        "normalizedCommand": "grep -n 'cmd.run\\|cmd\\.run' tools/src/hwpod-node-lib.ts 2>&1 | head -5",
        "bodyPreview": "grep -n 'cmd.run\\|cmd\\.run' tools/src/hwpod-node-lib.ts 2>&1 | head -5 stdout: 100: capabilities: [\"hwpod-node-ops\", \"cmd.run\", \"workspace.ls\", \"workspace.cat\", \"workspace.rg\", \"workspace.apply-patch\", \"workspace.write\", \"workspace.replace\", \"workspace.insert-after\", \"debug.build\", \"debug.download\", \"debug.reset\", \"io.uart.read\"], 334: if (name === \"cmd.run\") { 336: if (output.blockerCode) return opBlocked(opId, name, output.blockerCode, output.stderr || \"cmd.run failed before process start\", { output }); 337: return output.ok ? opOk(opId, name, output) : opFailed(opId, name, output, \"hwpod_node_command_failed\", `cmd.run node-side command exited with ${output.exitCode... exitCode=0",
        "exitCode": 0
      },
      {
        "source": "trace-row",
        "seq": 21718,
        "rowId": "tool:call_00_gSayo0oKDaz478t8xdoN0355",
        "header": "05:28:45 total=00:04:42 ok commandExecution",
        "command": "hwpod cmd 2>&1 | head -20",
        "normalizedCommand": "hwpod cmd 2>&1 | head -20",
        "bodyPreview": "hwpod cmd 2>&1 | head -20 stdout: { \"ok\": false, \"action\": \"hwpod-cli\", \"status\": \"failed\", \"error\": { \"code\": \"required_option_missing\", \"message\": \"command is required\", \"details\": { \"name\": \"command\" } }, \"observedAt\": \"2026-06-07T05:28:44.969Z\" } exitCode=0",
        "exitCode": 0
      },
      {
        "source": "trace-row",
        "seq": 21721,
        "rowId": "tool:call_00_xiomiaOW99O6xgYdWKFz9773",
        "header": "05:28:47 total=00:04:45 ok commandExecution",
        "command": "hwpod cmd powershell 2>&1 | head -30",
        "normalizedCommand": "hwpod cmd powershell 2>&1 | head -30",
        "bodyPreview": "hwpod cmd powershell 2>&1 | head -30 stdout: { \"ok\": true, \"action\": \"hwpod-cli.invoke\", \"status\": \"completed\", \"specPath\": \".hwlab/hwpod-spec.yaml\", \"intent\": \"cmd.run\", \"contractVersion\": \"hwpod-node-ops-v1\", \"compilerInvocation\": { \"compiler\": \"hwpod-compiler-cli\", \"mode\": \"subprocess\", \"entrypoint\": \"tools/hwpod-compiler-cli.ts\", \"argv\": [ \"compile\", \"--spec\", \".hwlab/hwpod-spec.yaml\", \"--intent\", \"cmd.run\", \"--args\", \"<json>\" ], \"exitCode\": 0, \"action\": \"hwpod-compiler.compile\", \"contractVersion\": \"hwpod-node-ops-v1\", \"planId\": \"hwpod_plan_d7f242b1-3315-4d04-bd83-7680316f5cbd\", \"source\": { \"compiler\": \"hwpod-compiler-cli\", \"specP... exitCode=0",
        "exitCode": 0
      },
      {
        "source": "trace-row",
        "seq": 21723,
        "rowId": "tool:call_00_Z7w40WHUQ3YojbiCzDyN1999",
        "header": "05:28:49 total=00:04:47 ok commandExecution",
        "command": "hwpod cmd --help 2>&1 | head -30",
        "normalizedCommand": "hwpod cmd --help 2>&1 | head -30",
        "bodyPreview": "hwpod cmd --help 2>&1 | head -30 stdout: { \"ok\": true, \"action\": \"hwpod-cli.cmd.help\", \"status\": \"succeeded\", \"contractVersion\": \"hwpod-node-ops-v1\", \"usage\": [ \"hwpod cmd <command> [...argv] --spec .hwlab/hwpod-spec.yaml\" ], \"boundary\": \"cmd.run is the full-capability host execution op; add compiler/CLI combinations before considering new hwpod-node ops.\", \"observedAt\": \"2026-06-07T05:28:49.282Z\" } exitCode=0",
        "exitCode": 0
      },
      {
        "source": "trace-row",
        "seq": 21727,
        "rowId": "tool:call_00_G7PKmIkJIZSprHA0n6111075",
        "header": "05:28:52 total=00:04:50 ok commandExecution",
        "command": "hwpod cmd powershell -Command Set-ExecutionPolicy -Scope Process -ExecutionPolicy Bypass 2>&1 | head -10",
        "normalizedCommand": "hwpod cmd powershell -Command Set-ExecutionPolicy -Scope Process -ExecutionPolicy Bypass 2>&1 | head -10",
        "bodyPreview": "hwpod cmd powershell -Command Set-ExecutionPolicy -Scope Process -ExecutionPolicy Bypass 2>&1 | head -10 stdout: { \"ok\": true, \"action\": \"hwpod-cli.invoke\", \"status\": \"completed\", \"specPath\": \".hwlab/hwpod-spec.yaml\", \"intent\": \"cmd.run\", \"contractVersion\": \"hwpod-node-ops-v1\", \"compilerInvocation\": { \"compiler\": \"hwpod-compiler-cli\", \"mode\": \"subprocess\", exitCode=0",
        "exitCode": 0
      },
      {
        "source": "trace-row",
        "seq": 21732,
        "rowId": "tool:call_00_CsKZXXaFD5lOhgq8Kl8n9822",
        "header": "05:28:59 total=00:04:57 ok commandExecution",
        "command": "'\"'$path = \"'\"'\"\"'$FILEPATH\"'\"'\"; \\ \"'$bytes = [System.IO.File]::ReadAllBytes($path); '\"\\ \"'$text = [System.Text.Encoding]::... stdout: { \"ok\": true, \"action\": \"hwpod-cli.invoke\", \"status\": \"completed\", \"specPath\": \".hwlab/hwpod-spec.yaml\", \"intent\": \"cmd.run\", \"contractVersion\": \"hwpod-node-ops-v1\", \"compilerInvocation\": { \"compiler\": \"hwpod-compiler-cli\", \"mode\": \"subprocess\", exitCode=0",
        "normalizedCommand": "\"'$path = \"'\"'\"\"'$FILEPATH\"'\"'\"; \\ \"'$bytes = [System.IO.File]::ReadAllBytes($path); '\"\\ \"'$text = [System.Text.Encoding]::... stdout: { \"ok\": true, \"action\": \"hwpod-cli.invoke\", \"status\": \"completed\", \"specPath\": \".hwlab/hwpod-spec.yaml\", \"intent\": \"cmd.run\", \"contractVersion\": \"hwpod-node-ops-v1\", \"compilerInvocation\": { \"compiler\": \"hwpod-compiler-cli\", \"mode\": \"subprocess\", exitCode=0",
        "bodyPreview": "\"# First, fix the file via PowerShell on Windows. The issue is that # actual CR+LF (0x0D 0x0A) bytes exist inside C printf strings where # literal \\r\\n should be. We need to find these corrupted patterns and fix them. # The corruption pattern: inside printf(\"...\"), the \\r\\n should be literal # Let's use a PowerShell script to fix the specific corrupted lines # Path to the file FILEPATH='F:\\\\Work\\\\HWLAB-CASE-F103\\\\.worktree\\\\caserun-d601-f103-v2-main-marker-download-uart-20260607052350-41954c34\\\\projects\\\\01_baseline\\\\User\\\\main.c' # PowerShell command to fix the file # The .NET regex with (?<=printf\\(\\\")(.*)(?=\\\"\\)) can help us find inside printf strings # But simpler: just read file as bytes and fix the pattern PS_CMD='\"'$path = \"'\"'\"\"'$FILEPATH\"'\"'\"; \\ \"'$bytes = [System.IO.File]::ReadAllBytes($path); '\"\\ \"'$text = [System.Text.Encoding]::... stdout: { \"ok\": true, \"action\": \"hwpod-cli.invoke\", \"status\": \"completed\", \"specPath\": \".hwlab/hwpod-spec.yaml\", \"intent\": \"cmd.run\", \"contractVersion\": \"hwpod-node-ops-v1\", \"compilerInvocation\": { \"compiler\": \"hwpod-compiler-cli\", \"mode\": \"subprocess\", exitCode=0",
        "exitCode": 0
      },
      {
        "source": "trace-row",
        "seq": 21736,
        "rowId": "tool:call_00_HYsUdiVLkkuN8PyQdCGy4863",
        "header": "05:29:04 total=00:05:02 ok commandExecution",
        "command": "'\"'$path = \"'\"'\"'$FILEPATH'\"'\"; \"'$bytes = [System.IO.File]::ReadAllBytes($path); $text = [System.Text.Encoding]::UTF8.GetString($bytes); Write-Host \"Before fix:\"; Write-Host $text.Substring(340, 100);'\"' hwpod cmd powershell -Command \"\"'$PS_CMD\" --spec .hwlab/hwpod-spec.yaml 2>&1 | node -e \" let d='\"'';process.stdin.on('data',c=>d+=c);process.stdin.on('end',()=>{ const parsed = JSON.parse(d); if (parsed.body && parsed.body.results) { parsed.body.results.forEach(r => console.log(r.output?.stdout || r.output?.stderr || JSON.stringify(r.output))); } else { console.log(JSON.stringify(parsed, null, 2)); } }); \" 2>&1 stdout: Windows PowerShell Copyright (C) Microsoft Corporation. All rights reserved. Install the latest PowerShell for new features and improvements! https://aka.ms/PSWindows PS F:\\Work\\HWLAB-CASE-F103\\.worktree\\caserun-d601-f103-v2-main-marker-download-uart-20260607052350-41954c34> exitCode=0",
        "normalizedCommand": "\"'$path = \"'\"'\"'$FILEPATH'\"'\"; \"'$bytes = [System.IO.File]::ReadAllBytes($path); $text = [System.Text.Encoding]::UTF8.GetString($bytes); Write-Host \"Before fix:\"; Write-Host $text.Substring(340, 100);'\"' hwpod cmd powershell -Command \"\"'$PS_CMD\" --spec .hwlab/hwpod-spec.yaml 2>&1 | node -e \" let d='\"'';process.stdin.on('data',c=>d+=c);process.stdin.on('end',()=>{ const parsed = JSON.parse(d); if (parsed.body && parsed.body.results) { parsed.body.results.forEach(r => console.log(r.output?.stdout || r.output?.stderr || JSON.stringify(r.output))); } else { console.log(JSON.stringify(parsed, null, 2)); } }); \" 2>&1 stdout: Windows PowerShell Copyright (C) Microsoft Corporation. All rights reserved. Install the latest PowerShell for new features and improvements! https://aka.ms/PSWindows PS F:\\Work\\HWLAB-CASE-F103\\.worktree\\caserun-d601-f103-v2-main-marker-download-uart-20260607052350-41954c34> exitCode=0",
        "bodyPreview": "FILEPATH='F:\\\\Work\\\\HWLAB-CASE-F103\\\\.worktree\\\\caserun-d601-f103-v2-main-marker-download-uart-20260607052350-41954c34\\\\projects\\\\01_baseline\\\\User\\\\main.c' PS_CMD='\"'$path = \"'\"'\"'$FILEPATH'\"'\"; \"'$bytes = [System.IO.File]::ReadAllBytes($path); $text = [System.Text.Encoding]::UTF8.GetString($bytes); Write-Host \"Before fix:\"; Write-Host $text.Substring(340, 100);'\"' hwpod cmd powershell -Command \"\"'$PS_CMD\" --spec .hwlab/hwpod-spec.yaml 2>&1 | node -e \" let d='\"'';process.stdin.on('data',c=>d+=c);process.stdin.on('end',()=>{ const parsed = JSON.parse(d); if (parsed.body && parsed.body.results) { parsed.body.results.forEach(r => console.log(r.output?.stdout || r.output?.stderr || JSON.stringify(r.output))); } else { console.log(JSON.stringify(parsed, null, 2)); } }); \" 2>&1 stdout: Windows PowerShell Copyright (C) Microsoft Corporation. All rights reserved. Install the latest PowerShell for new features and improvements! https://aka.ms/PSWindows PS F:\\Work\\HWLAB-CASE-F103\\.worktree\\caserun-d601-f103-v2-main-marker-download-uart-20260607052350-41954c34> exitCode=0",
        "exitCode": 0
      },
      {
        "source": "trace-row",
        "seq": 22065,
        "rowId": "tool:call_00_4ybHX763NCIzStwg3OHq6742",
        "header": "05:28:26 total=00:04:24 ok commandExecution",
        "command": "ls -la tools/hwpod-node.ts 2>&1",
        "normalizedCommand": "ls -la tools/hwpod-node.ts 2>&1",
        "bodyPreview": "ls -la tools/hwpod-node.ts 2>&1 stdout: -rw-r--r-- 1 root root 100 Jun 7 05:24 tools/hwpod-node.ts exitCode=0",
        "exitCode": 0
      },
      {
        "source": "trace-row",
        "seq": 22067,
        "rowId": "tool:call_00_xwgMzvOO1MpMzs7wYrHb3796",
        "header": "05:28:28 total=00:04:26 ok commandExecution",
        "command": "cat tools/hwpod-node.ts 2>&1",
        "normalizedCommand": "cat tools/hwpod-node.ts 2>&1",
        "bodyPreview": "cat tools/hwpod-node.ts 2>&1 stdout: #!/usr/bin/env bun import { mainHwpodNode } from \"./src/hwpod-node-lib.ts\"; await mainHwpodNode(); exitCode=0",
        "exitCode": 0
      },
      {
        "source": "trace-row",
        "seq": 22073,
        "rowId": "tool:call_00_1tNzjAhwnXvYgAgCKB9R0994",
        "header": "05:28:33 total=00:04:31 ok commandExecution",
        "command": "sed -n '416,435p' tools/src/hwpod-node-lib.ts 2>&1",
        "normalizedCommand": "sed -n '416,435p' tools/src/hwpod-node-lib.ts 2>&1",
        "bodyPreview": "sed -n '416,435p' tools/src/hwpod-node-lib.ts 2>&1 stdout: const relativePath = requiredText(args.path, \"path\"); const target = resolveWorkspacePath(args, relativePath); const before = await readTextFileState(target); assertExpectedSha(before, args.expectedSha, relativePath); const find = requiredRawString(args.find, \"find\"); const replace = rawString(args.replace ?? args.replacement); const normalizedFind = normalizeContentLineEndings(find, \"\\n\", false); const normalizedReplace = normalizeContentLineEndings(replace, \"\\n\", false); const normalizedContent = before.normalizedContent; const occurrences = countOccurrences(normalizedContent, normalizedF... exitCode=0",
        "exitCode": 0
      },
      {
        "source": "trace-row",
        "seq": 22121,
        "rowId": "tool:call_00_bDZyyxev1s7uTkSQhgLp7361",
        "header": "05:29:26 total=00:05:24 ok commandExecution",
        "command": "\"# Write using LF-only content with \\\\x0D\\\\x0A hex escapes hwpod workspace write --path projects/01_baseline/User/main.c --content-base64 'I2luY2x1ZGUgIi4vU1lTVEVNL3VzYXJ0L3VzYXJ0LmgiCiNpbmNsdWRlICJzdG0zMmYxeHhfaGFsLmgiCiNpbmNsdWRlICIuL1NZU1RFTS9zeXMvc3lzLmgiCiNpbmNsdWRlICIuL0JTUC9MRUQvbGVkLmgiCiNpbmNsdWRlICJqc29ucnBjX2hhbmRsZXIuaCIKI2luY2x1ZGUgImQ2MDFfbGNkLmgiCiNpbmNsdWRlICJkNjAxX2FybTJkX2RlbW8uaCIKI2luY2x1ZGUgImQ2MDFfZ3Bpby5oIgoKaW50IG1haW4odm9pZCkKewogICAgU3lzdGVtQ29yZUNsb2NrVXBkYXRlKCk7CiAgICBzeXNfc3RtMzJfY2xvY2tfaW5pdCg5KTsKICAgIEhBTF9Jbml0KCk7CiAgICBsZWRfaW5pdCgpOwogICAgdXNhcnRfaW5pdCgxMTUyMDApOwogICAgcHJpbnRmKCJbRDYwMS1GMTAzXSBDYXNlUnVuIFVBUlRceDBEXHgwQSIpOwogICAgcHJpbnRmKCIgIHJ1bklkOiBkNjAxLWYxMDMtdjItbWFpbi1tYXJrZXItZG93bmxvYWQtdWFydC0yMDI2MDYwNzA1MjM1MC00MTk1NGMzNFx4MERceDBBIik7CiAgICBwcmludGYoIlx4MERceDBBW0Q2MDEtRjEwM10gZGV2aWNlLXBvZCBMQ0QgYnJpbmctdXBceDBEXH...",
        "normalizedCommand": "# Write using LF-only content with \\\\x0D\\\\x0A hex escapes hwpod workspace write --path projects/01_baseline/User/main.c --content-base64 'I2luY2x1ZGUgIi4vU1lTVEVNL3VzYXJ0L3VzYXJ0LmgiCiNpbmNsdWRlICJzdG0zMmYxeHhfaGFsLmgiCiNpbmNsdWRlICIuL1NZU1RFTS9zeXMvc3lzLmgiCiNpbmNsdWRlICIuL0JTUC9MRUQvbGVkLmgiCiNpbmNsdWRlICJqc29ucnBjX2hhbmRsZXIuaCIKI2luY2x1ZGUgImQ2MDFfbGNkLmgiCiNpbmNsdWRlICJkNjAxX2FybTJkX2RlbW8uaCIKI2luY2x1ZGUgImQ2MDFfZ3Bpby5oIgoKaW50IG1haW4odm9pZCkKewogICAgU3lzdGVtQ29yZUNsb2NrVXBkYXRlKCk7CiAgICBzeXNfc3RtMzJfY2xvY2tfaW5pdCg5KTsKICAgIEhBTF9Jbml0KCk7CiAgICBsZWRfaW5pdCgpOwogICAgdXNhcnRfaW5pdCgxMTUyMDApOwogICAgcHJpbnRmKCJbRDYwMS1GMTAzXSBDYXNlUnVuIFVBUlRceDBEXHgwQSIpOwogICAgcHJpbnRmKCIgIHJ1bklkOiBkNjAxLWYxMDMtdjItbWFpbi1tYXJrZXItZG93bmxvYWQtdWFydC0yMDI2MDYwNzA1MjM1MC00MTk1NGMzNFx4MERceDBBIik7CiAgICBwcmludGYoIlx4MERceDBBW0Q2MDEtRjEwM10gZGV2aWNlLXBvZCBMQ0QgYnJpbmctdXBceDBEXH...",
        "bodyPreview": "\"# Write using LF-only content with \\\\x0D\\\\x0A hex escapes hwpod workspace write --path projects/01_baseline/User/main.c --content-base64 'I2luY2x1ZGUgIi4vU1lTVEVNL3VzYXJ0L3VzYXJ0LmgiCiNpbmNsdWRlICJzdG0zMmYxeHhfaGFsLmgiCiNpbmNsdWRlICIuL1NZU1RFTS9zeXMvc3lzLmgiCiNpbmNsdWRlICIuL0JTUC9MRUQvbGVkLmgiCiNpbmNsdWRlICJqc29ucnBjX2hhbmRsZXIuaCIKI2luY2x1ZGUgImQ2MDFfbGNkLmgiCiNpbmNsdWRlICJkNjAxX2FybTJkX2RlbW8uaCIKI2luY2x1ZGUgImQ2MDFfZ3Bpby5oIgoKaW50IG1haW4odm9pZCkKewogICAgU3lzdGVtQ29yZUNsb2NrVXBkYXRlKCk7CiAgICBzeXNfc3RtMzJfY2xvY2tfaW5pdCg5KTsKICAgIEhBTF9Jbml0KCk7CiAgICBsZWRfaW5pdCgpOwogICAgdXNhcnRfaW5pdCgxMTUyMDApOwogICAgcHJpbnRmKCJbRDYwMS1GMTAzXSBDYXNlUnVuIFVBUlRceDBEXHgwQSIpOwogICAgcHJpbnRmKCIgIHJ1bklkOiBkNjAxLWYxMDMtdjItbWFpbi1tYXJrZXItZG93bmxvYWQtdWFydC0yMDI2MDYwNzA1MjM1MC00MTk1NGMzNFx4MERceDBBIik7CiAgICBwcmludGYoIlx4MERceDBBW0Q2MDEtRjEwM10gZGV2aWNlLXBvZCBMQ0QgYnJpbmctdXBceDBEXH... stdout: { \"ok\": true, \"action\": \"hwpod-cli.invoke\", \"status\": \"completed\", \"specPath\": \".hwlab/hwpod-spec.yaml\", \"intent\": \"workspace.write\", \"contractVersion\": \"hwpod-node-ops-v1\", \"compilerInvocation\": { \"compiler\": \"hwpod-compiler-cli\", \"mode\": \"subprocess\", \"entrypoint\": \"tools/hwpod-compiler-cli.ts\", \"argv\": \n... clipped ..."
      },
      {
        "source": "trace-row",
        "seq": 22528,
        "rowId": "tool:call_00_WnmN9eoWLswNrkXrgAUA4968",
        "header": "05:29:30 total=00:05:28 ok commandExecution",
        "command": "hwpod workspace cat projects/01_baseline/User/main.c --spec .hwlab/hwpod-spec.yaml 2>&1 | node -e \" let d='';process.stdin.on('data',c=>d+=c);process.stdin.on('end',()=>{ const parsed = JSON.parse(d); const content = parsed.body.results[0].output.content; const lines = content.split('\\r\\n'); lines.forEach((l,i) => console.log(i + ': ' + l)); }); \" 2>&1",
        "normalizedCommand": "hwpod workspace cat projects/01_baseline/User/main.c --spec .hwlab/hwpod-spec.yaml 2>&1 | node -e \" let d='';process.stdin.on('data',c=>d+=c);process.stdin.on('end',()=>{ const parsed = JSON.parse(d); const content = parsed.body.results[0].output.content; const lines = content.split('\\r\\n'); lines.forEach((l,i) => console.log(i + ': ' + l)); }); \" 2>&1",
        "bodyPreview": "hwpod workspace cat projects/01_baseline/User/main.c --spec .hwlab/hwpod-spec.yaml 2>&1 | node -e \" let d='';process.stdin.on('data',c=>d+=c);process.stdin.on('end',()=>{ const parsed = JSON.parse(d); const content = parsed.body.results[0].output.content; const lines = content.split('\\r\\n'); lines.forEach((l,i) => console.log(i + ': ' + l)); }); \" 2>&1 stdout: 0: #include \"./SYSTEM/usart/usart.h\" 1: #include \"stm32f1xx_hal.h\" 2: #include \"./SYSTEM/sys/sys.h\" 3: #include \"./BSP/LED/led.h\" 4: #include \"jsonrpc_handler.h\" 5: #include \"d601_lcd.h\" 6: #include \"d601_arm2d_demo.h\" 7: #include \"d601_gpio.h\" 8: 9: int main(void) 10: { 11: SystemCoreClockUpdate(); 12: sys_stm32_clock_init(9); 13: HAL_Init(); 14: led_init(); 15: usart_init(115200); 16: printf(\"[D601-F103] CaseRun UART\\x0D\\x0A\"); 17: printf(\" runId: d601-f103-v2-main-marker-download-uart-20260607052350-41954c34\\x0D\\x0A\"); 18: printf(\"\\x0D\\x0A[D601-F103] device-pod LCD bring-up\\x0D\\x0A\"); 19... exitCode=0",
        "exitCode": 0
      },
      {
        "source": "trace-row",
        "seq": 23771,
        "rowId": "tool:call_00_WIg9nqfvGGIcklLmFe4S9293",
        "header": "05:29:42 total=00:05:40 ok commandExecution",
        "command": "hwpod job status 20260607_132936_ddc1dbc8 --spec .hwlab/hwpod-spec.yaml 2>&1 | node -e \" let d='';process.stdin.on('data',c=>d+=c);process.stdin.on('end',()=>{ const parsed = JSON.parse(d); const result = parsed.body?.results?.[0]; console.log(JSON.stringify(result?.output, null, 2)); }); \"",
        "normalizedCommand": "hwpod job status 20260607_132936_ddc1dbc8 --spec .hwlab/hwpod-spec.yaml 2>&1 | node -e \" let d='';process.stdin.on('data',c=>d+=c);process.stdin.on('end',()=>{ const parsed = JSON.parse(d); const result = parsed.body?.results?.[0]; console.log(JSON.stringify(result?.output, null, 2)); });",
        "bodyPreview": "hwpod job status 20260607_132936_ddc1dbc8 --spec .hwlab/hwpod-spec.yaml 2>&1 | node -e \" let d='';process.stdin.on('data',c=>d+=c);process.stdin.on('end',()=>{ const parsed = JSON.parse(d); const result = parsed.body?.results?.[0]; console.log(JSON.stringify(result?.output, null, 2)); }); \" stdout: { \"cwd\": \"C:\\\\Users\\\\liang\\\\.agents\\\\skills\\\\keil\", \"command\": [ \"py\", \"-3\", \"C:\\\\Users\\\\liang\\\\.agents\\\\skills\\\\keil\\\\keil-cli.py\", \"job-status\", \"20260607_132936_ddc1dbc8\" ], \"exitCode\": 0, \"stdout\": \"{\\r\\n \\\"job_id\\\": \\\"20260607_132936_ddc1dbc8\\\",\\r\\n \\\"command\\\": \\\"build\\\",\\r\\n \\\"status\\\": \\\"completed\\\",\\r\\n \\\"created_at\\\": \\\"2026-06-07T13:29:36.004423\\\",\\r\\n \\\"started_at\\\": \\\"2026-06-07T13:29:36.223223\\\",\\r\\n \\\"finished_at\\\": \\\"2026-06-07T13:29:40.701998\\\",\\r\\n \\\"return_code\\\": 0,\\r\\n \\\"success\\\": true,\\r\\n \\\"params\\\": {\\r\\n \\\"project\\\": \\\"F:\\\\\\\\Work\\\\\\\\HWLAB-CASE-F103\\\\\\\\.worktree\\\\\\\\... exitCode=0",
        "exitCode": 0
      },
      {
        "source": "trace-row",
        "seq": 25042,
        "rowId": "tool:call_00_J0aVMdinsIboKFyBG7Iv8570",
        "header": "05:29:51 total=00:05:49 ok commandExecution",
        "command": "# The download result doesn't have a job_id so let me check what help says hwpod download --help 2>&1 | head -20",
        "normalizedCommand": "# The download result doesn't have a job_id so let me check what help says hwpod download --help 2>&1 | head -20",
        "bodyPreview": "# The download result doesn't have a job_id so let me check what help says hwpod download --help 2>&1 | head -20 stdout: { \"ok\": true, \"action\": \"hwpod-cli.download.help\", \"status\": \"succeeded\", \"contractVersion\": \"hwpod-node-ops-v1\", \"usage\": [ \"hwpod download --spec .hwlab/hwpod-spec.yaml\", \"hwpod download --spec .hwlab/hwpod-spec.yaml --dry-run\" ], \"boundary\": \"Download compiles to a Keil flash cmd.run plan; do not add a download-specific hwpod-node op.\", \"observedAt\": \"2026-06-07T05:29:51.300Z\" } exitCode=0",
        "exitCode": 0
      },
      {
        "source": "trace-row",
        "seq": 21772,
        "rowId": "tool:call_00_KaA8xUaNbpSxJH4kzBdl6171",
        "header": "05:24:15 total=00:00:13 ok commandExecution",
        "command": "hwpod --version 2>&1; echo \"---\"; hwpod-ctl --help 2>&1 | head -20",
        "normalizedCommand": "hwpod --version 2>&1; echo \"---\"; hwpod-ctl --help 2>&1 | head -20",
        "bodyPreview": "hwpod --version 2>&1; echo \"---\"; hwpod-ctl --help 2>&1 | head -20 stdout: { \"ok\": true, \"action\": \"hwpod-cli.help\", \"status\": \"succeeded\", \"contractVersion\": \"hwpod-node-ops-v1\", \"usage\": [ \"bun tools/hwpod-cli.ts inspect --dry-run\", \"bun tools/hwpod-cli.ts workspace ls . --dry-run\", \"bun tools/hwpod-cli.ts workspace cat projects/01_baseline/User/main.c --spec .hwlab/hwpod-spec.yaml\", \"bun tools/hwpod-cli.ts workspace read projects/01_baseline/User/main.c --spec .hwlab/hwpod-spec.yaml\", \"cat patch.txt | bun tools/hwpod-cli.ts workspace apply-patch --spec .hwlab/hwpod-spec.yaml --reason \\\"edit subject workspace through hwpod-node\\\"\", \"bun tools/hwpod-cli.ts worksp... exitCode=0",
        "exitCode": 0
      },
      {
        "source": "trace-row",
        "seq": 21791,
        "rowId": "tool:call_00_bb4gZ79sy8dlSVlK0acW0897",
        "header": "05:24:28 total=00:00:26 ok commandExecution",
        "command": "hwpod workspace cat projects/01_baseline/User/main.c --spec .hwlab/hwpod-spec.yaml",
        "normalizedCommand": "hwpod workspace cat projects/01_baseline/User/main.c --spec .hwlab/hwpod-spec.yaml",
        "bodyPreview": "hwpod workspace cat projects/01_baseline/User/main.c --spec .hwlab/hwpod-spec.yaml stdout: { \"ok\": true, \"action\": \"hwpod-cli.invoke\", \"status\": \"completed\", \"specPath\": \".hwlab/hwpod-spec.yaml\", \"intent\": \"workspace.cat\", \"contractVersion\": \"hwpod-node-ops-v1\", \"compilerInvocation\": { \"compiler\": \"hwpod-compiler-cli\", \"mode\": \"subprocess\", \"entrypoint\": \"tools/hwpod-compiler-cli.ts\", \"argv\": [ \"compile\", \"--spec\", \".hwlab/hwpod-spec.yaml\", \"--intent\", \"workspace.cat\", \"--args\", \"<json>\" ], \"exitCode\": 0, \"action\": \"hwpod-compiler.compile\", \"contractVersion\": \"hwpod-node-ops-v1\", \"planId\": \"hwpod_plan_e318c5ba-ccbd-430f-b028-3efba14893d5\", \"source\": { \"compiler\": \"hwpod-compiler-... exitCode=0",
        "exitCode": 0
      },
      {
        "source": "trace-row",
        "seq": 21801,
        "rowId": "tool:call_00_FQlkmRXLp5NJ80OfOHdm3911",
        "header": "05:24:34 total=00:00:32 ok commandExecution",
        "command": "hwpod workspace cat projects/01_baseline/User/main.c --spec .hwlab/hwpod-spec.yaml",
        "normalizedCommand": "hwpod workspace cat projects/01_baseline/User/main.c --spec .hwlab/hwpod-spec.yaml",
        "bodyPreview": "hwpod workspace cat projects/01_baseline/User/main.c --spec .hwlab/hwpod-spec.yaml stdout: { \"ok\": true, \"action\": \"hwpod-cli.invoke\", \"status\": \"completed\", \"specPath\": \".hwlab/hwpod-spec.yaml\", \"intent\": \"workspace.cat\", \"contractVersion\": \"hwpod-node-ops-v1\", \"compilerInvocation\": { \"compiler\": \"hwpod-compiler-cli\", \"mode\": \"subprocess\", \"entrypoint\": \"tools/hwpod-compiler-cli.ts\", \"argv\": [ \"compile\", \"--spec\", \".hwlab/hwpod-spec.yaml\", \"--intent\", \"workspace.cat\", \"--args\", \"<json>\" ], \"exitCode\": 0, \"action\": \"hwpod-compiler.compile\", \"contractVersion\": \"hwpod-node-ops-v1\", \"planId\": \"hwpod_plan_821acc18-b9ae-4bfb-af26-a91df34694d1\", \"source\": { \"compiler\": \"hwpod-compiler-... exitCode=0",
        "exitCode": 0
      },
      {
        "source": "trace-row",
        "seq": 21807,
        "rowId": "tool:call_00_A8BYHnIt5FclzoBdN6vt5907",
        "header": "05:24:38 total=00:00:36 ok commandExecution",
        "command": "hwpod workspace replace --path projects/01_baseline/User/main.c --find ' printf(\"[D601-F103] CaseRun UART' --replace ' printf(\"[D601-F103] CaseRun UART\\\\r\\\\n\");' --spec .hwlab/hwpod-spec.yaml",
        "normalizedCommand": "hwpod workspace replace --path projects/01_baseline/User/main.c --find ' printf(\"[D601-F103] CaseRun UART' --replace ' printf(\"[D601-F103] CaseRun UART\\\\r\\\\n\");' --spec .hwlab/hwpod-spec.yaml",
        "bodyPreview": "hwpod workspace replace --path projects/01_baseline/User/main.c --find ' printf(\"[D601-F103] CaseRun UART' --replace ' printf(\"[D601-F103] CaseRun UART\\\\r\\\\n\");' --spec .hwlab/hwpod-spec.yaml stdout: { \"ok\": true, \"action\": \"hwpod-cli.invoke\", \"status\": \"completed\", \"specPath\": \".hwlab/hwpod-spec.yaml\", \"intent\": \"workspace.replace\", \"contractVersion\": \"hwpod-node-ops-v1\", \"compilerInvocation\": { \"compiler\": \"hwpod-compiler-cli\", \"mode\": \"subprocess\", \"entrypoint\": \"tools/hwpod-compiler-cli.ts\", \"argv\": [ \"compile\", \"--spec\", \".hwlab/hwpod-spec.yaml\", \"--intent\", \"workspace.replace\", \"--args\", \"<json>\" ], \"exitCode\": 0, \"action\": \"hwpod-compiler.compile\", \"contractVersion\": \"hwpod-node-ops-v1\", \"planId\": \"hwpod_plan_c53f0a9a-900e-42b5-b876-60544ed346cf\", \"source\": { \"compiler\": \"hwpod-c... exitCode=0",
        "exitCode": 0
      },
      {
        "source": "trace-row",
        "seq": 21811,
        "rowId": "tool:call_00_OqjkTNE2CdVacjKpYcca8817",
        "header": "05:24:41 total=00:00:39 ok commandExecution",
        "command": "hwpod workspace cat projects/01_baseline/User/main.c --spec .hwlab/hwpod-spec.yaml",
        "normalizedCommand": "hwpod workspace cat projects/01_baseline/User/main.c --spec .hwlab/hwpod-spec.yaml",
        "bodyPreview": "hwpod workspace cat projects/01_baseline/User/main.c --spec .hwlab/hwpod-spec.yaml stdout: { \"ok\": true, \"action\": \"hwpod-cli.invoke\", \"status\": \"completed\", \"specPath\": \".hwlab/hwpod-spec.yaml\", \"intent\": \"workspace.cat\", \"contractVersion\": \"hwpod-node-ops-v1\", \"compilerInvocation\": { \"compiler\": \"hwpod-compiler-cli\", \"mode\": \"subprocess\", \"entrypoint\": \"tools/hwpod-compiler-cli.ts\", \"argv\": [ \"compile\", \"--spec\", \".hwlab/hwpod-spec.yaml\", \"--intent\", \"workspace.cat\", \"--args\", \"<json>\" ], \"exitCode\": 0, \"action\": \"hwpod-compiler.compile\", \"contractVersion\": \"hwpod-node-ops-v1\", \"planId\": \"hwpod_plan_58f6194c-327f-47fe-a489-bab8bd0eceda\", \"source\": { \"compiler\": \"hwpod-compiler-... exitCode=0",
        "exitCode": 0
      },
      {
        "source": "trace-row",
        "seq": 21816,
        "rowId": "tool:call_00_KITFx2yLRjJCApePQY8U5958",
        "header": "05:24:45 total=00:00:43 ok commandExecution",
        "command": "hwpod workspace apply-patch --spec .hwlab/hwpod-spec.yaml --patchText '*** Begin Patch *** Update File: projects/01_baseline/User/main.c @@ #include \"./SYSTEM/usart/usart.h\" #include \"stm32f1xx_hal.h\" #include \"./SYSTEM/sys/sys.h\" #include \"./BSP/LED/led.h\" #include \"jsonrpc_handler.h\" #include \"d601_lcd.h\" #include \"d601_arm2d_demo.h\" #include \"d601_gpio.h\" int main(void) { SystemCoreClockUpdate(); sys_stm32_clock_init(9); HAL_Init(); led_init(); usart_init(115200); printf(\"[D601-F103] CaseRun UART \"); printf(\" [D601-F103] device-pod LCD bring-up \"); + printf(\" runId: d601-f103-v2-main-marker-download-uart-20260607052350-41954c34 \"); *** End Patch'",
        "normalizedCommand": "hwpod workspace apply-patch --spec .hwlab/hwpod-spec.yaml --patchText '*** Begin Patch *** Update File: projects/01_baseline/User/main.c @@ #include \"./SYSTEM/usart/usart.h\" #include \"stm32f1xx_hal.h\" #include \"./SYSTEM/sys/sys.h\" #include \"./BSP/LED/led.h\" #include \"jsonrpc_handler.h\" #include \"d601_lcd.h\" #include \"d601_arm2d_demo.h\" #include \"d601_gpio.h\" int main(void) { SystemCoreClockUpdate(); sys_stm32_clock_init(9); HAL_Init(); led_init(); usart_init(115200); printf(\"[D601-F103] CaseRun UART \"); printf(\" [D601-F103] device-pod LCD bring-up \"); + printf(\" runId: d601-f103-v2-main-marker-download-uart-20260607052350-41954c34 \"); *** End Patch",
        "bodyPreview": "hwpod workspace apply-patch --spec .hwlab/hwpod-spec.yaml --patchText '*** Begin Patch *** Update File: projects/01_baseline/User/main.c @@ #include \"./SYSTEM/usart/usart.h\" #include \"stm32f1xx_hal.h\" #include \"./SYSTEM/sys/sys.h\" #include \"./BSP/LED/led.h\" #include \"jsonrpc_handler.h\" #include \"d601_lcd.h\" #include \"d601_arm2d_demo.h\" #include \"d601_gpio.h\" int main(void) { SystemCoreClockUpdate(); sys_stm32_clock_init(9); HAL_Init(); led_init(); usart_init(115200); printf(\"[D601-F103] CaseRun UART \"); printf(\" [D601-F103] device-pod LCD bring-up \"); + printf(\" runId: d601-f103-v2-main-marker-download-uart-20260607052350-41954c34 \"); *** End Patch' stdout: { \"ok\": false, \"action\": \"hwpod-cli.invoke\", \"status\": \"failed\", \"specPath\": \".hwlab/hwpod-spec.yaml\", \"intent\": \"workspace.apply-patch\", \"contractVersion\": \"hwpod-node-ops-v1\", \"compilerInvocation\": { \"compiler\": \"hwpod-compiler-cli\", \"mode\": \"subprocess\", \"entrypoint\": \"tools/hwpod-compiler-cli.ts\", \"argv\": [ \"compile\", \"--spec\", \".hwlab/hwpod-spec.yaml\", \"--intent\", \"workspace.apply-patch\", \"--args\", \"<json>\" ], \"exitCode\": 0, \"action\": \"hwpod-compiler.compile\", \"contractVersion\": \"hwpod-node-ops-v1\", \"planId\": \"hwpod_plan_0c\n... clipped ..."
      },
      {
        "source": "trace-row",
        "seq": 21822,
        "rowId": "tool:call_00_hmPWb9Ly8EKUZE8WiK4S5543",
        "header": "05:24:50 total=00:00:48 ok commandExecution",
        "command": "hwpod workspace cat projects/01_baseline/User/main.c --spec .hwlab/hwpod-spec.yaml 2>&1 | grep -o '\"content\": *\"[\"'^\"]*\"'\"' | head -1",
        "normalizedCommand": "hwpod workspace cat projects/01_baseline/User/main.c --spec .hwlab/hwpod-spec.yaml 2>&1 | grep -o '\"content\": *\"[\"'^\"]*\"'\"' | head -1",
        "bodyPreview": "hwpod workspace cat projects/01_baseline/User/main.c --spec .hwlab/hwpod-spec.yaml 2>&1 | grep -o '\"content\": *\"[\"'^\"]*\"'\"' | head -1 stdout: \"content\": \"#include \\\" exitCode=0",
        "exitCode": 0
      }
    ]
  },
  "traceLookup": {
    "source": "hwlab-cli.client.agent",
    "strategy": "id_plus_existing_cli",
    "note": "CaseRun records trace/session identity and reuses existing HWLAB Web-equivalent agent CLI for trace/result/inspect; it does not implement a separate trace query path.",
    "baseUrl": "http://74.48.78.17:19666",
    "traceId": "trc_case_d601-f103-v2-main-marker-download-uart_882a3508b72e4c81a006c150a9b5a5bb",
    "sessionId": "ses_642dc5df-da64-463b-a53f-5279f396687b",
    "conversationId": "cnv_case_d601-f103-v2-main-marker-download-uart_d601-f103-v2-main-marker-download-uart-20260607052350-41954c34",
    "commands": {
      "result": "hwlab-cli client agent result trc_case_d601-f103-v2-main-marker-download-uart_882a3508b72e4c81a006c150a9b5a5bb",
      "trace": "hwlab-cli client agent trace trc_case_d601-f103-v2-main-marker-download-uart_882a3508b72e4c81a006c150a9b5a5bb --render web",
      "traceFull": "hwlab-cli client agent trace trc_case_d601-f103-v2-main-marker-download-uart_882a3508b72e4c81a006c150a9b5a5bb --render web --full",
      "inspect": "hwlab-cli client agent inspect --trace-id trc_case_d601-f103-v2-main-marker-download-uart_882a3508b72e4c81a006c150a9b5a5bb",
      "sessionStatus": "hwlab-cli client agent session status ses_642dc5df-da64-463b-a53f-5279f396687b"
    }
  },
  "agentDiff": {
    "statusShort": "M projects/01_baseline/User/main.c",
    "diffStat": "projects/01_baseline/User/main.c | 10 ++++++----\n 1 file changed, 6 insertions(+), 4 deletions(-)",
    "diffPatchPath": "/root/hwlab-v02/.state/hwlab-cli/caserun/d601-f103-v2-main-marker-download-uart-20260607052350-41954c34/agent-diff.patch",
    "diffPatchSha256": "48f8cb96d019c89f8beca2169c3eeca056460b2d3a6ec7552579477dad8d2afe",
    "sourceRootStatusShort": "M projects/01_baseline/Projects/MDK-ARM/atk_f103.uvprojx",
    "sourceRootBaseline": {
      "label": "before-prepare",
      "statusShort": "M projects/01_baseline/Projects/MDK-ARM/atk_f103.uvprojx",
      "diffStat": ".../01_baseline/Projects/MDK-ARM/atk_f103.uvprojx   | 21 ++++++++++++++-------\n 1 file changed, 14 insertions(+), 7 deletions(-)",
      "diffSha256": "a847e886c801a597d96f40017f41c70262b024d5b6208bcc7ae343824c3c8d99",
      "diffBytes": 2029,
      "commands": {
        "status": {
          "label": "source-root-status",
          "httpStatus": 200,
          "exitCode": 0,
          "stdoutBytes": 56,
          "stderr": ""
        },
        "diffStat": {
          "label": "source-root-diff-stat",
          "httpStatus": 200,
          "exitCode": 0,
          "stdoutBytes": 128,
          "stderr": "warning: in the working copy of 'projects/01_baseline/Projects/MDK-ARM/atk_f103.uvprojx', LF will be replaced by CRLF the next time Git touches it"
        },
        "diffPatch": {
          "label": "source-root-diff-patch",
          "httpStatus": 200,
          "exitCode": 0,
          "stdoutBytes": 2029,
          "stderr": "warning: in the working copy of 'projects/01_baseline/Projects/MDK-ARM/atk_f103.uvprojx', LF will be replaced by CRLF the next time Git touches it"
        }
      }
    },
    "sourceRootAfterPrepare": {
      "label": "after-prepare",
      "statusShort": "M projects/01_baseline/Projects/MDK-ARM/atk_f103.uvprojx",
      "diffStat": ".../01_baseline/Projects/MDK-ARM/atk_f103.uvprojx   | 21 ++++++++++++++-------\n 1 file changed, 14 insertions(+), 7 deletions(-)",
      "diffSha256": "a847e886c801a597d96f40017f41c70262b024d5b6208bcc7ae343824c3c8d99",
      "diffBytes": 2029,
      "commands": {
        "status": {
          "label": "source-root-status",
          "httpStatus": 200,
          "exitCode": 0,
          "stdoutBytes": 56,
          "stderr": ""
        },
        "diffStat": {
          "label": "source-root-diff-stat",
          "httpStatus": 200,
          "exitCode": 0,
          "stdoutBytes": 128,
          "stderr": "warning: in the working copy of 'projects/01_baseline/Projects/MDK-ARM/atk_f103.uvprojx', LF will be replaced by CRLF the next time Git touches it"
        },
        "diffPatch": {
          "label": "source-root-diff-patch",
          "httpStatus": 200,
          "exitCode": 0,
          "stdoutBytes": 2029,
          "stderr": "warning: in the working copy of 'projects/01_baseline/Projects/MDK-ARM/atk_f103.uvprojx', LF will be replaced by CRLF the next time Git touches it"
        }
      }
    },
    "sourceRootAfterAgent": {
      "label": "after-agent",
      "statusShort": "M projects/01_baseline/Projects/MDK-ARM/atk_f103.uvprojx",
      "diffStat": ".../01_baseline/Projects/MDK-ARM/atk_f103.uvprojx   | 21 ++++++++++++++-------\n 1 file changed, 14 insertions(+), 7 deletions(-)",
      "diffSha256": "a847e886c801a597d96f40017f41c70262b024d5b6208bcc7ae343824c3c8d99",
      "diffBytes": 2029,
      "commands": {
        "status": {
          "label": "source-root-status",
          "httpStatus": 200,
          "exitCode": 0,
          "stdoutBytes": 56,
          "stderr": ""
        },
        "diffStat": {
          "label": "source-root-diff-stat",
          "httpStatus": 200,
          "exitCode": 0,
          "stdoutBytes": 128,
          "stderr": "warning: in the working copy of 'projects/01_baseline/Projects/MDK-ARM/atk_f103.uvprojx', LF will be replaced by CRLF the next time Git touches it"
        },
        "diffPatch": {
          "label": "source-root-diff-patch",
          "httpStatus": 200,
          "exitCode": 0,
          "stdoutBytes": 2029,
          "stderr": "warning: in the working copy of 'projects/01_baseline/Projects/MDK-ARM/atk_f103.uvprojx', LF will be replaced by CRLF the next time Git touches it"
        }
      }
    },
    "sourceRootChangedAfterPrepare": false,
    "sourceRootChangedAfterAgent": false,
    "requests": [
      {
        "label": "status",
        "httpStatus": 200,
        "exitCode": 0,
        "stdoutBytes": 34,
        "stderr": ""
      },
      {
        "label": "diff-stat",
        "httpStatus": 200,
        "exitCode": 0,
        "stdoutBytes": 97,
        "stderr": ""
      },
      {
        "label": "diff-patch",
        "httpStatus": 200,
        "exitCode": 0,
        "stdoutBytes": 1067,
        "stderr": ""
      },
      {
        "label": "source-root-baseline",
        "statusShort": "M projects/01_baseline/Projects/MDK-ARM/atk_f103.uvprojx",
        "diffSha256": "a847e886c801a597d96f40017f41c70262b024d5b6208bcc7ae343824c3c8d99"
      },
      {
        "label": "source-root-after-prepare",
        "statusShort": "M projects/01_baseline/Projects/MDK-ARM/atk_f103.uvprojx",
        "diffSha256": "a847e886c801a597d96f40017f41c70262b024d5b6208bcc7ae343824c3c8d99"
      },
      {
        "label": "source-root-after-agent",
        "statusShort": "M projects/01_baseline/Projects/MDK-ARM/atk_f103.uvprojx",
        "diffSha256": "a847e886c801a597d96f40017f41c70262b024d5b6208bcc7ae343824c3c8d99"
      }
    ]
  },
  "build": {
    "status": "recorded",
    "autoEvaluation": false,
    "traceLookup": {
      "source": "hwlab-cli.client.agent",
      "strategy": "id_plus_existing_cli",
      "note": "CaseRun records trace/session identity and reuses existing HWLAB Web-equivalent agent CLI for trace/result/inspect; it does not implement a separate trace query path.",
      "baseUrl": "http://74.48.78.17:19666",
      "traceId": "trc_case_d601-f103-v2-main-marker-download-uart_882a3508b72e4c81a006c150a9b5a5bb",
      "sessionId": "ses_642dc5df-da64-463b-a53f-5279f396687b",
      "conversationId": "cnv_case_d601-f103-v2-main-marker-download-uart_d601-f103-v2-main-marker-download-uart-20260607052350-41954c34",
      "commands": {
        "result": "hwlab-cli client agent result trc_case_d601-f103-v2-main-marker-download-uart_882a3508b72e4c81a006c150a9b5a5bb",
        "trace": "hwlab-cli client agent trace trc_case_d601-f103-v2-main-marker-download-uart_882a3508b72e4c81a006c150a9b5a5bb --render web",
        "traceFull": "hwlab-cli client agent trace trc_case_d601-f103-v2-main-marker-download-uart_882a3508b72e4c81a006c150a9b5a5bb --render web --full",
        "inspect": "hwlab-cli client agent inspect --trace-id trc_case_d601-f103-v2-main-marker-download-uart_882a3508b72e4c81a006c150a9b5a5bb",
        "sessionStatus": "hwlab-cli client agent session status ses_642dc5df-da64-463b-a53f-5279f396687b"
      }
    },
    "agentTraceCommandCount": 94,
    "agentTraceHwpodCommandCount": 32,
    "agentStage": {
      "source": "agent-trace-commands",
      "autoEvaluation": false,
      "commands": [
        {
          "kind": "spec-validate",
          "seq": 21781,
          "exitCode": 0,
          "command": "hwpod-ctl spec validate --spec .hwlab/hwpod-spec.yaml",
          "detail": "hwpod-ctl spec validate --spec .hwlab/hwpod-spec.yaml stdout: { \"ok\": true, \"action\": \"hwpod-ctl.spec.validate\", \"status\": \"succeeded\", \"specPath\": \".hwlab/hwpod-spec.yaml\", \"document\": { \"apiVersion\": \"hwlab.dev/v0alpha1\", \"kind\": \"Hwpod\", \"metadata\": { \"uid\": \"D601-F103-V2\", \"name\": \"d601-f103-v2\" }, \"spec\": { \"targetDevice\": { \"board\": \"D601-F103-V2\", \"mcu\": \"STM32F103\" }, \"workspace\": { \"path\": \"F:\\\\Work\\\\HWLAB-CASE-F103\\\\.worktree\\\\caserun-d601-f103-v2-main-marker-download-uart-20260607052350-41954c34\", \"toolchain\": \"keil-mdk\", \"keilProject\": \"projects/01_baseline/Projects/MDK-ARM/atk_f103.uvprojx\", \"keilTarget\": \"USART\", \"keilCliPath\": \"C:\\\\User... exitCode=0"
        },
        {
          "kind": "inspect",
          "seq": 21785,
          "exitCode": 0,
          "command": "hwpod inspect --spec .hwlab/hwpod-spec.yaml",
          "detail": "hwpod inspect --spec .hwlab/hwpod-spec.yaml stdout: { \"ok\": true, \"action\": \"hwpod-cli.invoke\", \"status\": \"completed\", \"specPath\": \".hwlab/hwpod-spec.yaml\", \"intent\": \"inspect\", \"contractVersion\": \"hwpod-node-ops-v1\", \"compilerInvocation\": { \"compiler\": \"hwpod-compiler-cli\", \"mode\": \"subprocess\", \"entrypoint\": \"tools/hwpod-compiler-cli.ts\", \"argv\": [ \"compile\", \"--spec\", \".hwlab/hwpod-spec.yaml\", \"--intent\", \"inspect\", \"--args\", \"<json>\" ], \"exitCode\": 0, \"action\": \"hwpod-compiler.compile\", \"contractVersion\": \"hwpod-node-ops-v1\", \"planId\": \"hwpod_plan_408619bc-fa34-4483-889a-7d05423c5745\", \"source\": { \"compiler\": \"hwpod-compiler-cli\", \"specP... exitCode=0"
        },
        {
          "kind": "workspace-edit",
          "seq": 21807,
          "exitCode": 0,
          "command": "hwpod workspace replace --path projects/01_baseline/User/main.c --find ' printf(\"[D601-F103] CaseRun UART' --replace ' printf(\"[D601-F103] CaseRun UART\\\\r\\\\n\");' --spec .hwlab/hwpod-spec.yaml",
          "detail": "hwpod workspace replace --path projects/01_baseline/User/main.c --find ' printf(\"[D601-F103] CaseRun UART' --replace ' printf(\"[D601-F103] CaseRun UART\\\\r\\\\n\");' --spec .hwlab/hwpod-spec.yaml stdout: { \"ok\": true, \"action\": \"hwpod-cli.invoke\", \"status\": \"completed\", \"specPath\": \".hwlab/hwpod-spec.yaml\", \"intent\": \"workspace.replace\", \"contractVersion\": \"hwpod-node-ops-v1\", \"compilerInvocation\": { \"compiler\": \"hwpod-compiler-cli\", \"mode\": \"subprocess\", \"entrypoint\": \"tools/hwpod-compiler-cli.ts\", \"argv\": [ \"compile\", \"--spec\", \".hwlab/hwpod-spec.yaml\", \"--intent\", \"workspace.replace\", \"--args\", \"<json>\" ], \"exitCode\": 0, \"action\": \"hwpod-compiler.compile\", \"contractVersion\": \"hwpod-node-ops-v1\", \"planId\": \"hwpod_plan_c53f0a9a-900e-42b5-b876-60544ed346cf\", \"source\": { \"compiler\": \"hwpod-c... exitCode=0"
        },
        {
          "kind": "build",
          "seq": 23351,
          "exitCode": 0,
          "command": "hwpod build --spec .hwlab/hwpod-spec.yaml 2>&1 | node -e \" let d='';process.stdin.on('data',c=>d+=c);process.stdin.on('end',()=>{ const parsed = JSON.parse(d); console.log('ok:', parsed.body?.ok); console.log('status:', parsed.body?.status); console.log('results:', JSON.stringify(parsed.body?.results, null, 2)); });",
          "detail": "hwpod build --spec .hwlab/hwpod-spec.yaml 2>&1 | node -e \" let d='';process.stdin.on('data',c=>d+=c);process.stdin.on('end',()=>{ const parsed = JSON.parse(d); console.log('ok:', parsed.body?.ok); console.log('status:', parsed.body?.status); console.log('results:', JSON.stringify(parsed.body?.results, null, 2)); }); \" stdout: ok: true status: completed results: [ { \"opId\": \"op_01_cmd_run\", \"op\": \"cmd.run\", \"ok\": true, \"status\": \"completed\", \"output\": { \"cwd\": \"F:\\\\Work\\\\HWLAB-CASE-F103\\\\.worktree\\\\caserun-d601-f103-v2-main-marker-download-uart-20260607052350-41954c34\", \"command\": [ \"py\", \"-3\", \"C:\\\\Users\\\\liang\\\\.agents\\\\skills\\\\keil\\\\keil-cli.py\", \"build\", \"-p\", \"F:\\\\Work\\\\HWLAB-CASE-F103\\\\.worktree\\\\caserun-d601-f103-v2-main-marker-download-uart-20260607052350-41954c34\\\\projects\\\\01_baseline\\\\Projects\\\\MDK-ARM\\\\atk_f103.uvprojx\", \"-t\", \"USART\" ], \"exitCode\": 0, \"stdout\": \"{\\r\\n \\\"accepted\\\": true,\\r\\n \\\"comman... exitCode=0"
        },
        {
          "kind": "download",
          "seq": 24615,
          "exitCode": 0,
          "command": "hwpod download --spec .hwlab/hwpod-spec.yaml 2>&1 | node -e \" let d='';process.stdin.on('data',c=>d+=c);process.stdin.on('end',()=>{ const parsed = JSON.parse(d); const result = parsed.body?.results?.[0]; console.log(JSON.stringify(result?.output, null, 2)); });",
          "detail": "hwpod download --spec .hwlab/hwpod-spec.yaml 2>&1 | node -e \" let d='';process.stdin.on('data',c=>d+=c);process.stdin.on('end',()=>{ const parsed = JSON.parse(d); const result = parsed.body?.results?.[0]; console.log(JSON.stringify(result?.output, null, 2)); }); \" stdout: { \"cwd\": \"F:\\\\Work\\\\HWLAB-CASE-F103\\\\.worktree\\\\caserun-d601-f103-v2-main-marker-download-uart-20260607052350-41954c34\", \"command\": [ \"node\", \"-e\", \"const fs=require('fs');const input=JSON.parse(process.argv[1]||'{}');const primary=String(input.primary||'');const alternate=String(input.alternate||'');let result;if(fs.existsSync(primary)){result={status:'present',primary};}else if(fs.existsSync(alternate)){result={status:'present',alternate};}else{result={status:'missing',primary,alternate,reason:'keil_uvoptx_binding_absent'};}console.log('hwpodKeilSidecar '+JSON.stringify(result));\", \"{\\\"pr... exitCode=0"
        },
        {
          "kind": "uart-read",
          "seq": 25480,
          "exitCode": 0,
          "command": "hwpod uart read --spec .hwlab/hwpod-spec.yaml --port uart1 --max-bytes 4096 2>&1 | node -e \" let d='';process.stdin.on('data',c=>d+=c);process.stdin.on('end',()=>{ const parsed = JSON.parse(d); const result = parsed.body?.results?.[0]; console.log('UART read result:'); console.log(JSON.stringify(result?.output, null, 2)); });",
          "detail": "hwpod uart read --spec .hwlab/hwpod-spec.yaml --port uart1 --max-bytes 4096 2>&1 | node -e \" let d='';process.stdin.on('data',c=>d+=c);process.stdin.on('end',()=>{ const parsed = JSON.parse(d); const result = parsed.body?.results?.[0]; console.log('UART read result:'); console.log(JSON.stringify(result?.output, null, 2)); }); \" stdout: UART read result: { \"cwd\": \"C:\\\\Users\\\\liang\\\\.agents\\\\skills\\\\serial-monitor\", \"command\": [ \"node\", \"-e\", \"const {spawnSync}=require('child_process'); const seq=JSON.parse(process.argv[1]); for (const argv of seq) { const r=spawnSync(argv[0],argv.slice(1),{encoding:'utf8'}); if(r.stdout) process.stdout.write(r.stdout); if(r.stderr) process.stderr.write(r.stderr); let ok=r.status===0; try{const body=JSON.parse((r.stdout||'').trim()); if(body && body.success===false) ok=false;}catch{} if(!ok) process.exit(r.status||1); } process.exit(0);\", \"[[\\\"bun\\\",\\\"scripts/serial-monitor-cli.ts\\\",\\\"monit... exitCode=0"
        },
        {
          "kind": "workspace-edit",
          "seq": 21796,
          "exitCode": 0,
          "command": "hwpod workspace insert-after --path projects/01_baseline/User/main.c --anchor \" usart_init(115200);\" --line \" printf(\\\"[D601-F103] CaseRun UART\\\\r\\\\n\\\");\" --spec .hwlab/hwpod-spec.yaml",
          "detail": "hwpod workspace insert-after --path projects/01_baseline/User/main.c --anchor \" usart_init(115200);\" --line \" printf(\\\"[D601-F103] CaseRun UART\\\\r\\\\n\\\");\" --spec .hwlab/hwpod-spec.yaml stdout: { \"ok\": true, \"action\": \"hwpod-cli.invoke\", \"status\": \"completed\", \"specPath\": \".hwlab/hwpod-spec.yaml\", \"intent\": \"workspace.insert-after\", \"contractVersion\": \"hwpod-node-ops-v1\", \"compilerInvocation\": { \"compiler\": \"hwpod-compiler-cli\", \"mode\": \"subprocess\", \"entrypoint\": \"tools/hwpod-compiler-cli.ts\", \"argv\": [ \"compile\", \"--spec\", \".hwlab/hwpod-spec.yaml\", \"--intent\", \"workspace.insert-after\", \"--args\", \"<json>\" ], \"exitCode\": 0, \"action\": \"hwpod-compiler.compile\", \"contractVersion\": \"hwpod-node-ops-v1\", \"planId\": \"hwpod_plan_028bebba-9cfc-492a-804d-9c1ae81bde01\", \"source\": { \"compiler\"... exitCode=0"
        },
        {
          "kind": "hwpod-other",
          "seq": 21718,
          "exitCode": 0,
          "command": "hwpod cmd 2>&1 | head -20",
          "detail": "hwpod cmd 2>&1 | head -20 stdout: { \"ok\": false, \"action\": \"hwpod-cli\", \"status\": \"failed\", \"error\": { \"code\": \"required_option_missing\", \"message\": \"command is required\", \"details\": { \"name\": \"command\" } }, \"observedAt\": \"2026-06-07T05:28:44.969Z\" } exitCode=0"
        },
        {
          "kind": "hwpod-other",
          "seq": 21721,
          "exitCode": 0,
          "command": "hwpod cmd powershell 2>&1 | head -30",
          "detail": "hwpod cmd powershell 2>&1 | head -30 stdout: { \"ok\": true, \"action\": \"hwpod-cli.invoke\", \"status\": \"completed\", \"specPath\": \".hwlab/hwpod-spec.yaml\", \"intent\": \"cmd.run\", \"contractVersion\": \"hwpod-node-ops-v1\", \"compilerInvocation\": { \"compiler\": \"hwpod-compiler-cli\", \"mode\": \"subprocess\", \"entrypoint\": \"tools/hwpod-compiler-cli.ts\", \"argv\": [ \"compile\", \"--spec\", \".hwlab/hwpod-spec.yaml\", \"--intent\", \"cmd.run\", \"--args\", \"<json>\" ], \"exitCode\": 0, \"action\": \"hwpod-compiler.compile\", \"contractVersion\": \"hwpod-node-ops-v1\", \"planId\": \"hwpod_plan_d7f242b1-3315-4d04-bd83-7680316f5cbd\", \"source\": { \"compiler\": \"hwpod-compiler-cli\", \"specP... exitCode=0"
        },
        {
          "kind": "hwpod-other",
          "seq": 21723,
          "exitCode": 0,
          "command": "hwpod cmd --help 2>&1 | head -30",
          "detail": "hwpod cmd --help 2>&1 | head -30 stdout: { \"ok\": true, \"action\": \"hwpod-cli.cmd.help\", \"status\": \"succeeded\", \"contractVersion\": \"hwpod-node-ops-v1\", \"usage\": [ \"hwpod cmd <command> [...argv] --spec .hwlab/hwpod-spec.yaml\" ], \"boundary\": \"cmd.run is the full-capability host execution op; add compiler/CLI combinations before considering new hwpod-node ops.\", \"observedAt\": \"2026-06-07T05:28:49.282Z\" } exitCode=0"
        },
        {
          "kind": "hwpod-other",
          "seq": 21727,
          "exitCode": 0,
          "command": "hwpod cmd powershell -Command Set-ExecutionPolicy -Scope Process -ExecutionPolicy Bypass 2>&1 | head -10",
          "detail": "hwpod cmd powershell -Command Set-ExecutionPolicy -Scope Process -ExecutionPolicy Bypass 2>&1 | head -10 stdout: { \"ok\": true, \"action\": \"hwpod-cli.invoke\", \"status\": \"completed\", \"specPath\": \".hwlab/hwpod-spec.yaml\", \"intent\": \"cmd.run\", \"contractVersion\": \"hwpod-node-ops-v1\", \"compilerInvocation\": { \"compiler\": \"hwpod-compiler-cli\", \"mode\": \"subprocess\", exitCode=0"
        },
        {
          "kind": "hwpod-other",
          "seq": 22528,
          "exitCode": 0,
          "command": "hwpod workspace cat projects/01_baseline/User/main.c --spec .hwlab/hwpod-spec.yaml 2>&1 | node -e \" let d='';process.stdin.on('data',c=>d+=c);process.stdin.on('end',()=>{ const parsed = JSON.parse(d); const content = parsed.body.results[0].output.content; const lines = content.split('\\r\\n'); lines.forEach((l,i) => console.log(i + ': ' + l)); }); \" 2>&1",
          "detail": "hwpod workspace cat projects/01_baseline/User/main.c --spec .hwlab/hwpod-spec.yaml 2>&1 | node -e \" let d='';process.stdin.on('data',c=>d+=c);process.stdin.on('end',()=>{ const parsed = JSON.parse(d); const content = parsed.body.results[0].output.content; const lines = content.split('\\r\\n'); lines.forEach((l,i) => console.log(i + ': ' + l)); }); \" 2>&1 stdout: 0: #include \"./SYSTEM/usart/usart.h\" 1: #include \"stm32f1xx_hal.h\" 2: #include \"./SYSTEM/sys/sys.h\" 3: #include \"./BSP/LED/led.h\" 4: #include \"jsonrpc_handler.h\" 5: #include \"d601_lcd.h\" 6: #include \"d601_arm2d_demo.h\" 7: #include \"d601_gpio.h\" 8: 9: int main(void) 10: { 11: SystemCoreClockUpdate(); 12: sys_stm32_clock_init(9); 13: HAL_Init(); 14: led_init(); 15: usart_init(115200); 16: printf(\"[D601-F103] CaseRun UART\\x0D\\x0A\"); 17: printf(\" runId: d601-f103-v2-main-marker-download-uart-20260607052350-41954c34\\x0D\\x0A\"); 18: printf(\"\\x0D\\x0A[D601-F103] device-pod LCD bring-up\\x0D\\x0A\"); 19... exitCode=0"
        },
        {
          "kind": "hwpod-other",
          "seq": 23771,
          "exitCode": 0,
          "command": "hwpod job status 20260607_132936_ddc1dbc8 --spec .hwlab/hwpod-spec.yaml 2>&1 | node -e \" let d='';process.stdin.on('data',c=>d+=c);process.stdin.on('end',()=>{ const parsed = JSON.parse(d); const result = parsed.body?.results?.[0]; console.log(JSON.stringify(result?.output, null, 2)); });",
          "detail": "hwpod job status 20260607_132936_ddc1dbc8 --spec .hwlab/hwpod-spec.yaml 2>&1 | node -e \" let d='';process.stdin.on('data',c=>d+=c);process.stdin.on('end',()=>{ const parsed = JSON.parse(d); const result = parsed.body?.results?.[0]; console.log(JSON.stringify(result?.output, null, 2)); }); \" stdout: { \"cwd\": \"C:\\\\Users\\\\liang\\\\.agents\\\\skills\\\\keil\", \"command\": [ \"py\", \"-3\", \"C:\\\\Users\\\\liang\\\\.agents\\\\skills\\\\keil\\\\keil-cli.py\", \"job-status\", \"20260607_132936_ddc1dbc8\" ], \"exitCode\": 0, \"stdout\": \"{\\r\\n \\\"job_id\\\": \\\"20260607_132936_ddc1dbc8\\\",\\r\\n \\\"command\\\": \\\"build\\\",\\r\\n \\\"status\\\": \\\"completed\\\",\\r\\n \\\"created_at\\\": \\\"2026-06-07T13:29:36.004423\\\",\\r\\n \\\"started_at\\\": \\\"2026-06-07T13:29:36.223223\\\",\\r\\n \\\"finished_at\\\": \\\"2026-06-07T13:29:40.701998\\\",\\r\\n \\\"return_code\\\": 0,\\r\\n \\\"success\\\": true,\\r\\n \\\"params\\\": {\\r\\n \\\"project\\\": \\\"F:\\\\\\\\Work\\\\\\\\HWLAB-CASE-F103\\\\\\\\.worktree\\\\\\\\... exitCode=0"
        },
        {
          "kind": "hwpod-other",
          "seq": 21772,
          "exitCode": 0,
          "command": "hwpod --version 2>&1; echo \"---\"; hwpod-ctl --help 2>&1 | head -20",
          "detail": "hwpod --version 2>&1; echo \"---\"; hwpod-ctl --help 2>&1 | head -20 stdout: { \"ok\": true, \"action\": \"hwpod-cli.help\", \"status\": \"succeeded\", \"contractVersion\": \"hwpod-node-ops-v1\", \"usage\": [ \"bun tools/hwpod-cli.ts inspect --dry-run\", \"bun tools/hwpod-cli.ts workspace ls . --dry-run\", \"bun tools/hwpod-cli.ts workspace cat projects/01_baseline/User/main.c --spec .hwlab/hwpod-spec.yaml\", \"bun tools/hwpod-cli.ts workspace read projects/01_baseline/User/main.c --spec .hwlab/hwpod-spec.yaml\", \"cat patch.txt | bun tools/hwpod-cli.ts workspace apply-patch --spec .hwlab/hwpod-spec.yaml --reason \\\"edit subject workspace through hwpod-node\\\"\", \"bun tools/hwpod-cli.ts worksp... exitCode=0"
        },
        {
          "kind": "hwpod-other",
          "seq": 21791,
          "exitCode": 0,
          "command": "hwpod workspace cat projects/01_baseline/User/main.c --spec .hwlab/hwpod-spec.yaml",
          "detail": "hwpod workspace cat projects/01_baseline/User/main.c --spec .hwlab/hwpod-spec.yaml stdout: { \"ok\": true, \"action\": \"hwpod-cli.invoke\", \"status\": \"completed\", \"specPath\": \".hwlab/hwpod-spec.yaml\", \"intent\": \"workspace.cat\", \"contractVersion\": \"hwpod-node-ops-v1\", \"compilerInvocation\": { \"compiler\": \"hwpod-compiler-cli\", \"mode\": \"subprocess\", \"entrypoint\": \"tools/hwpod-compiler-cli.ts\", \"argv\": [ \"compile\", \"--spec\", \".hwlab/hwpod-spec.yaml\", \"--intent\", \"workspace.cat\", \"--args\", \"<json>\" ], \"exitCode\": 0, \"action\": \"hwpod-compiler.compile\", \"contractVersion\": \"hwpod-node-ops-v1\", \"planId\": \"hwpod_plan_e318c5ba-ccbd-430f-b028-3efba14893d5\", \"source\": { \"compiler\": \"hwpod-compiler-... exitCode=0"
        },
        {
          "kind": "hwpod-other",
          "seq": 21801,
          "exitCode": 0,
          "command": "hwpod workspace cat projects/01_baseline/User/main.c --spec .hwlab/hwpod-spec.yaml",
          "detail": "hwpod workspace cat projects/01_baseline/User/main.c --spec .hwlab/hwpod-spec.yaml stdout: { \"ok\": true, \"action\": \"hwpod-cli.invoke\", \"status\": \"completed\", \"specPath\": \".hwlab/hwpod-spec.yaml\", \"intent\": \"workspace.cat\", \"contractVersion\": \"hwpod-node-ops-v1\", \"compilerInvocation\": { \"compiler\": \"hwpod-compiler-cli\", \"mode\": \"subprocess\", \"entrypoint\": \"tools/hwpod-compiler-cli.ts\", \"argv\": [ \"compile\", \"--spec\", \".hwlab/hwpod-spec.yaml\", \"--intent\", \"workspace.cat\", \"--args\", \"<json>\" ], \"exitCode\": 0, \"action\": \"hwpod-compiler.compile\", \"contractVersion\": \"hwpod-node-ops-v1\", \"planId\": \"hwpod_plan_821acc18-b9ae-4bfb-af26-a91df34694d1\", \"source\": { \"compiler\": \"hwpod-compiler-... exitCode=0"
        },
        {
          "kind": "hwpod-other",
          "seq": 21811,
          "exitCode": 0,
          "command": "hwpod workspace cat projects/01_baseline/User/main.c --spec .hwlab/hwpod-spec.yaml",
          "detail": "hwpod workspace cat projects/01_baseline/User/main.c --spec .hwlab/hwpod-spec.yaml stdout: { \"ok\": true, \"action\": \"hwpod-cli.invoke\", \"status\": \"completed\", \"specPath\": \".hwlab/hwpod-spec.yaml\", \"intent\": \"workspace.cat\", \"contractVersion\": \"hwpod-node-ops-v1\", \"compilerInvocation\": { \"compiler\": \"hwpod-compiler-cli\", \"mode\": \"subprocess\", \"entrypoint\": \"tools/hwpod-compiler-cli.ts\", \"argv\": [ \"compile\", \"--spec\", \".hwlab/hwpod-spec.yaml\", \"--intent\", \"workspace.cat\", \"--args\", \"<json>\" ], \"exitCode\": 0, \"action\": \"hwpod-compiler.compile\", \"contractVersion\": \"hwpod-node-ops-v1\", \"planId\": \"hwpod_plan_58f6194c-327f-47fe-a489-bab8bd0eceda\", \"source\": { \"compiler\": \"hwpod-compiler-... exitCode=0"
        },
        {
          "kind": "workspace-edit",
          "seq": 21816,
          "command": "hwpod workspace apply-patch --spec .hwlab/hwpod-spec.yaml --patchText '*** Begin Patch *** Update File: projects/01_baseline/User/main.c @@ #include \"./SYSTEM/usart/usart.h\" #include \"stm32f1xx_hal.h\" #include \"./SYSTEM/sys/sys.h\" #include \"./BSP/LED/led.h\" #include \"jsonrpc_handler.h\" #include \"d601_lcd.h\" #include \"d601_arm2d_demo.h\" #include \"d601_gpio.h\" int main(void) { SystemCoreClockUpdate(); sys_stm32_clock_init(9); HAL_Init(); led_init(); usart_init(115200); printf(\"[D601-F103] CaseRun UART \"); printf(\" [D601-F103] device-pod LCD bring-up \"); + printf(\" runId: d601-f103-v2-main-marker-download-uart-20260607052350-41954c34 \"); *** End Patch",
          "detail": "... clipped ..."
        },
        {
          "kind": "hwpod-other",
          "seq": 21822,
          "exitCode": 0,
          "command": "hwpod workspace cat projects/01_baseline/User/main.c --spec .hwlab/hwpod-spec.yaml 2>&1 | grep -o '\"content\": *\"[\"'^\"]*\"'\"' | head -1",
          "detail": "hwpod workspace cat projects/01_baseline/User/main.c --spec .hwlab/hwpod-spec.yaml 2>&1 | grep -o '\"content\": *\"[\"'^\"]*\"'\"' | head -1 stdout: \"content\": \"#include \\\" exitCode=0"
        }
      ],
      "kinds": [
        "spec-validate",
        "inspect",
        "workspace-edit",
        "build",
        "download",
        "uart-read",
        "hwpod-other"
      ]
    },
    "hwpodExitCode": 0,
    "hwpodSource": "case-run-runner-post-agent-compile-check",
    "jobId": "20260607_133016_b6ea9f8b",
    "keilStatus": "completed",
    "artifacts": [
      "F:\\Work\\HWLAB-CASE-F103\\.worktree\\caserun-d601-f103-v2-main-marker-download-uart-20260607052350-41954c34\\projects\\01_baseline\\Output\\atk_f103.hex",
      "F:\\Work\\HWLAB-CASE-F103\\.worktree\\caserun-d601-f103-v2-main-marker-download-uart-20260607052350-41954c34\\projects\\01_baseline\\Output\\atk_f103.axf"
    ]
  },
  "collect": {
    "caseRepo": "/root/hwlab-case-registry",
    "caseRepoRunDir": "/root/hwlab-case-registry/runs/d601-f103-v2-main-marker-download-uart/d601-f103-v2-main-marker-download-uart-20260607052350-41954c34",
    "caseRepoFiles": [
      "runs/d601-f103-v2-main-marker-download-uart/d601-f103-v2-main-marker-download-uart-20260607052350-41954c34/evidence.json",
      "runs/d601-f103-v2-main-marker-download-uart/d601-f103-v2-main-marker-download-uart-20260607052350-41954c34/summary.md",
      "runs/d601-f103-v2-main-marker-download-uart/d601-f103-v2-main-marker-download-uart-20260607052350-41954c34/agent-messages.json",
      "runs/d601-f103-v2-main-marker-download-uart/d601-f103-v2-main-marker-download-uart-20260607052350-41954c34/agent-trace.md",
      "runs/d601-f103-v2-main-marker-download-uart/d601-f103-v2-main-marker-download-uart-20260607052350-41954c34/agent-transcript.md",
      "runs/d601-f103-v2-main-marker-download-uart/d601-f103-v2-main-marker-download-uart-20260607052350-41954c34/final-response.md",
      "runs/d601-f103-v2-main-marker-download-uart/d601-f103-v2-main-marker-download-uart-20260607052350-41954c34/run.json",
      "runs/d601-f103-v2-main-marker-download-uart/d601-f103-v2-main-marker-download-uart-20260607052350-41954c34/result.json",
      "runs/d601-f103-v2-main-marker-download-uart/d601-f103-v2-main-marker-download-uart-20260607052350-41954c34/agent-trace.json",
      "runs/d601-f103-v2-main-marker-download-uart/d601-f103-v2-main-marker-download-uart-20260607052350-41954c34/agent-prompt.md",
      "runs/d601-f103-v2-main-marker-download-uart/d601-f103-v2-main-marker-download-uart-20260607052350-41954c34/agent-diff.patch",
      "runs/d601-f103-v2-main-marker-download-uart/d601-f103-v2-main-marker-download-uart-20260607052350-41954c34/.hwlab/hwpod-spec.yaml",
      "runs/d601-f103-v2-main-marker-download-uart/d601-f103-v2-main-marker-download-uart-20260607052350-41954c34/worker.stdout.log",
      "runs/d601-f103-v2-main-marker-download-uart/d601-f103-v2-main-marker-download-uart-20260607052350-41954c34/worker.stderr.log",
      "runs/d601-f103-v2-main-marker-download-uart/d601-f103-v2-main-marker-download-uart-20260607052350-41954c34/artifact-manifest.json"
    ],
    "artifactManifestPath": "/root/hwlab-case-registry/runs/d601-f103-v2-main-marker-download-uart/d601-f103-v2-main-marker-download-uart-20260607052350-41954c34/artifact-manifest.json",
    "artifactCount": 15,
    "skippedFiles": [],
    "registrySync": {
      "status": "pushed",
      "path": "runs/d601-f103-v2-main-marker-download-uart/d601-f103-v2-main-marker-download-uart-20260607052350-41954c34",
      "commitMessage": "data: archive caserun d601-f103-v2-main-marker-download-uart-20260607052350-41954c34",
      "commitSha": "5f8139c",
      "commitStdout": "[main 5f8139c] data: archive caserun d601-f103-v2-main-marker-download-uart-20260607052350-41954c34\n 3 files changed, 1485 insertions(+), 12 deletions(-)\n",
      "pushStderr": "To github.com:pikasTech/hwlab-case-registry.git\n   fb831e6..5f8139c  HEAD -> main\n"
    },
    "trace": {
      "traceId": "trc_case_d601-f103-v2-main-marker-download-uart_882a3508b72e4c81a006c150a9b5a5bb",
      "sessionId": "ses_642dc5df-da64-463b-a53f-5279f396687b",
      "conversationId": "cnv_case_d601-f103-v2-main-marker-download-uart_d601-f103-v2-main-marker-download-uart-20260607052350-41954c34",
      "providerProfile": "deepseek",
      "projectId": "prj_hwpod_workbench",
      "source": "hwlab-cli.client.agent.trace",
      "lookup": {
        "source": "hwlab-cli.client.agent",
        "strategy": "id_plus_existing_cli",
        "note": "CaseRun records trace/session identity and reuses existing HWLAB Web-equivalent agent CLI for trace/result/inspect; it does not implement a separate trace query path.",
        "baseUrl": "http://74.48.78.17:19666",
        "traceId": "trc_case_d601-f103-v2-main-marker-download-uart_882a3508b72e4c81a006c150a9b5a5bb",
        "sessionId": "ses_642dc5df-da64-463b-a53f-5279f396687b",
        "conversationId": "cnv_case_d601-f103-v2-main-marker-download-uart_d601-f103-v2-main-marker-download-uart-20260607052350-41954c34",
        "commands": {
          "result": "hwlab-cli client agent result trc_case_d601-f103-v2-main-marker-download-uart_882a3508b72e4c81a006c150a9b5a5bb",
          "trace": "hwlab-cli client agent trace trc_case_d601-f103-v2-main-marker-download-uart_882a3508b72e4c81a006c150a9b5a5bb --render web",
          "traceFull": "hwlab-cli client agent trace trc_case_d601-f103-v2-main-marker-download-uart_882a3508b72e4c81a006c150a9b5a5bb --render web --full",
          "inspect": "hwlab-cli client agent inspect --trace-id trc_case_d601-f103-v2-main-marker-download-uart_882a3508b72e4c81a006c150a9b5a5bb",
          "sessionStatus": "hwlab-cli client agent session status ses_642dc5df-da64-463b-a53f-5279f396687b"
        }
      },
      "status": "completed",
      "terminalStatus": "completed",
      "commandCount": 94,
      "hwpodCommandCount": 32,
      "hwpodBuildCommandCount": 1
    },
    "traceLookup": {
      "source": "hwlab-cli.client.agent",
      "strategy": "id_plus_existing_cli",
      "note": "CaseRun records trace/session identity and reuses existing HWLAB Web-equivalent agent CLI for trace/result/inspect; it does not implement a separate trace query path.",
      "baseUrl": "http://74.48.78.17:19666",
      "traceId": "trc_case_d601-f103-v2-main-marker-download-uart_882a3508b72e4c81a006c150a9b5a5bb",
      "sessionId": "ses_642dc5df-da64-463b-a53f-5279f396687b",
      "conversationId": "cnv_case_d601-f103-v2-main-marker-download-uart_d601-f103-v2-main-marker-download-uart-20260607052350-41954c34",
      "commands": {
        "result": "hwlab-cli client agent result trc_case_d601-f103-v2-main-marker-download-uart_882a3508b72e4c81a006c150a9b5a5bb",
        "trace": "hwlab-cli client agent trace trc_case_d601-f103-v2-main-marker-download-uart_882a3508b72e4c81a006c150a9b5a5bb --render web",
        "traceFull": "hwlab-cli client agent trace trc_case_d601-f103-v2-main-marker-download-uart_882a3508b72e4c81a006c150a9b5a5bb --render web --full",
        "inspect": "hwlab-cli client agent inspect --trace-id trc_case_d601-f103-v2-main-marker-download-uart_882a3508b72e4c81a006c150a9b5a5bb",
        "sessionStatus": "hwlab-cli client agent session status ses_642dc5df-da64-463b-a53f-5279f396687b"
      }
    },
    "agentStage": {
      "source": "agent-trace-commands",
      "autoEvaluation": false,
      "commands": [
        {
          "kind": "spec-validate",
          "seq": 21781,
          "exitCode": 0,
          "command": "hwpod-ctl spec validate --spec .hwlab/hwpod-spec.yaml",
          "detail": "hwpod-ctl spec validate --spec .hwlab/hwpod-spec.yaml stdout: { \"ok\": true, \"action\": \"hwpod-ctl.spec.validate\", \"status\": \"succeeded\", \"specPath\": \".hwlab/hwpod-spec.yaml\", \"document\": { \"apiVersion\": \"hwlab.dev/v0alpha1\", \"kind\": \"Hwpod\", \"metadata\": { \"uid\": \"D601-F103-V2\", \"name\": \"d601-f103-v2\" }, \"spec\": { \"targetDevice\": { \"board\": \"D601-F103-V2\", \"mcu\": \"STM32F103\" }, \"workspace\": { \"path\": \"F:\\\\Work\\\\HWLAB-CASE-F103\\\\.worktree\\\\caserun-d601-f103-v2-main-marker-download-uart-20260607052350-41954c34\", \"toolchain\": \"keil-mdk\", \"keilProject\": \"projects/01_baseline/Projects/MDK-ARM/atk_f103.uvprojx\", \"keilTarget\": \"USART\", \"keilCliPath\": \"C:\\\\User... exitCode=0"
        },
        {
          "kind": "inspect",
          "seq": 21785,
          "exitCode": 0,
          "command": "hwpod inspect --spec .hwlab/hwpod-spec.yaml",
          "detail": "hwpod inspect --spec .hwlab/hwpod-spec.yaml stdout: { \"ok\": true, \"action\": \"hwpod-cli.invoke\", \"status\": \"completed\", \"specPath\": \".hwlab/hwpod-spec.yaml\", \"intent\": \"inspect\", \"contractVersion\": \"hwpod-node-ops-v1\", \"compilerInvocation\": { \"compiler\": \"hwpod-compiler-cli\", \"mode\": \"subprocess\", \"entrypoint\": \"tools/hwpod-compiler-cli.ts\", \"argv\": [ \"compile\", \"--spec\", \".hwlab/hwpod-spec.yaml\", \"--intent\", \"inspect\", \"--args\", \"<json>\" ], \"exitCode\": 0, \"action\": \"hwpod-compiler.compile\", \"contractVersion\": \"hwpod-node-ops-v1\", \"planId\": \"hwpod_plan_408619bc-fa34-4483-889a-7d05423c5745\", \"source\": { \"compiler\": \"hwpod-compiler-cli\", \"specP... exitCode=0"
        },
        {
          "kind": "workspace-edit",
          "seq": 21807,
          "exitCode": 0,
          "command": "hwpod workspace replace --path projects/01_baseline/User/main.c --find ' printf(\"[D601-F103] CaseRun UART' --replace ' printf(\"[D601-F103] CaseRun UART\\\\r\\\\n\");' --spec .hwlab/hwpod-spec.yaml",
          "detail": "hwpod workspace replace --path projects/01_baseline/User/main.c --find ' printf(\"[D601-F103] CaseRun UART' --replace ' printf(\"[D601-F103] CaseRun UART\\\\r\\\\n\");' --spec .hwlab/hwpod-spec.yaml stdout: { \"ok\": true, \"action\": \"hwpod-cli.invoke\", \"status\": \"completed\", \"specPath\": \".hwlab/hwpod-spec.yaml\", \"intent\": \"workspace.replace\", \"contractVersion\": \"hwpod-node-ops-v1\", \"compilerInvocation\": { \"compiler\": \"hwpod-compiler-cli\", \"mode\": \"subprocess\", \"entrypoint\": \"tools/hwpod-compiler-cli.ts\", \"argv\": [ \"compile\", \"--spec\", \".hwlab/hwpod-spec.yaml\", \"--intent\", \"workspace.replace\", \"--args\", \"<json>\" ], \"exitCode\": 0, \"action\": \"hwpod-compiler.compile\", \"contractVersion\": \"hwpod-node-ops-v1\", \"planId\": \"hwpod_plan_c53f0a9a-900e-42b5-b876-60544ed346cf\", \"source\": { \"compiler\": \"hwpod-c... exitCode=0"
        },
        {
          "kind": "build",
          "seq": 23351,
          "exitCode": 0,
          "command": "hwpod build --spec .hwlab/hwpod-spec.yaml 2>&1 | node -e \" let d='';process.stdin.on('data',c=>d+=c);process.stdin.on('end',()=>{ const parsed = JSON.parse(d); console.log('ok:', parsed.body?.ok); console.log('status:', parsed.body?.status); console.log('results:', JSON.stringify(parsed.body?.results, null, 2)); });",
          "detail": "hwpod build --spec .hwlab/hwpod-spec.yaml 2>&1 | node -e \" let d='';process.stdin.on('data',c=>d+=c);process.stdin.on('end',()=>{ const parsed = JSON.parse(d); console.log('ok:', parsed.body?.ok); console.log('status:', parsed.body?.status); console.log('results:', JSON.stringify(parsed.body?.results, null, 2)); }); \" stdout: ok: true status: completed results: [ { \"opId\": \"op_01_cmd_run\", \"op\": \"cmd.run\", \"ok\": true, \"status\": \"completed\", \"output\": { \"cwd\": \"F:\\\\Work\\\\HWLAB-CASE-F103\\\\.worktree\\\\caserun-d601-f103-v2-main-marker-download-uart-20260607052350-41954c34\", \"command\": [ \"py\", \"-3\", \"C:\\\\Users\\\\liang\\\\.agents\\\\skills\\\\keil\\\\keil-cli.py\", \"build\", \"-p\", \"F:\\\\Work\\\\HWLAB-CASE-F103\\\\.worktree\\\\caserun-d601-f103-v2-main-marker-download-uart-20260607052350-41954c34\\\\projects\\\\01_baseline\\\\Projects\\\\MDK-ARM\\\\atk_f103.uvprojx\", \"-t\", \"USART\" ], \"exitCode\": 0, \"stdout\": \"{\\r\\n \\\"accepted\\\": true,\\r\\n \\\"comman... exitCode=0"
        },
        {
          "kind": "download",
          "seq": 24615,
          "exitCode": 0,
          "command": "hwpod download --spec .hwlab/hwpod-spec.yaml 2>&1 | node -e \" let d='';process.stdin.on('data',c=>d+=c);process.stdin.on('end',()=>{ const parsed = JSON.parse(d); const result = parsed.body?.results?.[0]; console.log(JSON.stringify(result?.output, null, 2)); });",
          "detail": "hwpod download --spec .hwlab/hwpod-spec.yaml 2>&1 | node -e \" let d='';process.stdin.on('data',c=>d+=c);process.stdin.on('end',()=>{ const parsed = JSON.parse(d); const result = parsed.body?.results?.[0]; console.log(JSON.stringify(result?.output, null, 2)); }); \" stdout: { \"cwd\": \"F:\\\\Work\\\\HWLAB-CASE-F103\\\\.worktree\\\\caserun-d601-f103-v2-main-marker-download-uart-20260607052350-41954c34\", \"command\": [ \"node\", \"-e\", \"const fs=require('fs');const input=JSON.parse(process.argv[1]||'{}');const primary=String(input.primary||'');const alternate=String(input.alternate||'');let result;if(fs.existsSync(primary)){result={status:'present',primary};}else if(fs.existsSync(alternate)){result={status:'present',alternate};}else{result={status:'missing',primary,alternate,reason:'keil_uvoptx_binding_absent'};}console.log('hwpodKeilSidecar '+JSON.stringify(result));\", \"{\\\"pr... exitCode=0"
        },
        {
          "kind": "uart-read",
          "seq": 25480,
          "exitCode": 0,
          "command": "hwpod uart read --spec .hwlab/hwpod-spec.yaml --port uart1 --max-bytes 4096 2>&1 | node -e \" let d='';process.stdin.on('data',c=>d+=c);process.stdin.on('end',()=>{ const parsed = JSON.parse(d); const result = parsed.body?.results?.[0]; console.log('UART read result:'); console.log(JSON.stringify(result?.output, null, 2)); });",
          "detail": "hwpod uart read --spec .hwlab/hwpod-spec.yaml --port uart1 --max-bytes 4096 2>&1 | node -e \" let d='';process.stdin.on('data',c=>d+=c);process.stdin.on('end',()=>{ const parsed = JSON.parse(d); const result = parsed.body?.results?.[0]; console.log('UART read result:'); console.log(JSON.stringify(result?.output, null, 2)); }); \" stdout: UART read result: { \"cwd\": \"C:\\\\Users\\\\liang\\\\.agents\\\\skills\\\\serial-monitor\", \"command\": [ \"node\", \"-e\", \"const {spawnSync}=require('child_process'); const seq=JSON.parse(process.argv[1]); for (const argv of seq) { const r=spawnSync(argv[0],argv.slice(1),{encoding:'utf8'}); if(r.stdout) process.stdout.write(r.stdout); if(r.stderr) process.stderr.write(r.stderr); let ok=r.status===0; try{const body=JSON.parse((r.stdout||'').trim()); if(body && body.success===false) ok=false;}catch{} if(!ok) process.exit(r.status||1); } process.exit(0);\", \"[[\\\"bun\\\",\\\"scripts/serial-monitor-cli.ts\\\",\\\"monit... exitCode=0"
        },
        {
          "kind": "workspace-edit",
          "seq": 21796,
          "exitCode": 0,
          "command": "hwpod workspace insert-after --path projects/01_baseline/User/main.c --anchor \" usart_init(115200);\" --line \" printf(\\\"[D601-F103] CaseRun UART\\\\r\\\\n\\\");\" --spec .hwlab/hwpod-spec.yaml",
          "detail": "hwpod workspace insert-after --path projects/01_baseline/User/main.c --anchor \" usart_init(115200);\" --line \" printf(\\\"[D601-F103] CaseRun UART\\\\r\\\\n\\\");\" --spec .hwlab/hwpod-spec.yaml stdout: { \"ok\": true, \"action\": \"hwpod-cli.invoke\", \"status\": \"completed\", \"specPath\": \".hwlab/hwpod-spec.yaml\", \"intent\": \"workspace.insert-after\", \"contractVersion\": \"hwpod-node-ops-v1\", \"compilerInvocation\": { \"compiler\": \"hwpod-compiler-cli\", \"mode\": \"subprocess\", \"entrypoint\": \"tools/hwpod-compiler-cli.ts\", \"argv\": [ \"compile\", \"--spec\", \".hwlab/hwpod-spec.yaml\", \"--intent\", \"workspace.insert-after\", \"--args\", \"<json>\" ], \"exitCode\": 0, \"action\": \"hwpod-compiler.compile\", \"contractVersion\": \"hwpod-node-ops-v1\", \"planId\": \"hwpod_plan_028bebba-9cfc-492a-804d-9c1ae81bde01\", \"source\": { \"compiler\"... exitCode=0"
        },
        {
          "kind": "hwpod-other",
          "seq": 21718,
          "exitCode": 0,
          "command": "hwpod cmd 2>&1 | head -20",
          "detail": "hwpod cmd 2>&1 | head -20 stdout: { \"ok\": false, \"action\": \"hwpod-cli\", \"status\": \"failed\", \"error\": { \"code\": \"required_option_missing\", \"message\": \"command is required\", \"details\": { \"name\": \"command\" } }, \"observedAt\": \"2026-06-07T05:28:44.969Z\" } exitCode=0"
        },
        {
          "kind": "hwpod-other",
          "seq": 21721,
          "exitCode": 0,
          "command": "hwpod cmd powershell 2>&1 | head -30",
          "detail": "hwpod cmd powershell 2>&1 | head -30 stdout: { \"ok\": true, \"action\": \"hwpod-cli.invoke\", \"status\": \"completed\", \"specPath\": \".hwlab/hwpod-spec.yaml\", \"intent\": \"cmd.run\", \"contractVersion\": \"hwpod-node-ops-v1\", \"compilerInvocation\": { \"compiler\": \"hwpod-compiler-cli\", \"mode\": \"subprocess\", \"entrypoint\": \"tools/hwpod-compiler-cli.ts\", \"argv\": [ \"compile\", \"--spec\", \".hwlab/hwpod-spec.yaml\", \"--intent\", \"cmd.run\", \"--args\", \"<json>\" ], \"exitCode\": 0, \"action\": \"hwpod-compiler.compile\", \"contractVersion\": \"hwpod-node-ops-v1\", \"planId\": \"hwpod_plan_d7f242b1-3315-4d04-bd83-7680316f5cbd\", \"source\": { \"compiler\": \"hwpod-compiler-cli\", \"specP... exitCode=0"
        },
        {
          "kind": "hwpod-other",
          "seq": 21723,
          "exitCode": 0,
          "command": "hwpod cmd --help 2>&1 | head -30",
          "detail": "hwpod cmd --help 2>&1 | head -30 stdout: { \"ok\": true, \"action\": \"hwpod-cli.cmd.help\", \"status\": \"succeeded\", \"contractVersion\": \"hwpod-node-ops-v1\", \"usage\": [ \"hwpod cmd <command> [...argv] --spec .hwlab/hwpod-spec.yaml\" ], \"boundary\": \"cmd.run is the full-capability host execution op; add compiler/CLI combinations before considering new hwpod-node ops.\", \"observedAt\": \"2026-06-07T05:28:49.282Z\" } exitCode=0"
        },
        {
          "kind": "hwpod-other",
          "seq": 21727,
          "exitCode": 0,
          "command": "hwpod cmd powershell -Command Set-ExecutionPolicy -Scope Process -ExecutionPolicy Bypass 2>&1 | head -10",
          "detail": "hwpod cmd powershell -Command Set-ExecutionPolicy -Scope Process -ExecutionPolicy Bypass 2>&1 | head -10 stdout: { \"ok\": true, \"action\": \"hwpod-cli.invoke\", \"status\": \"completed\", \"specPath\": \".hwlab/hwpod-spec.yaml\", \"intent\": \"cmd.run\", \"contractVersion\": \"hwpod-node-ops-v1\", \"compilerInvocation\": { \"compiler\": \"hwpod-compiler-cli\", \"mode\": \"subprocess\", exitCode=0"
        },
        {
          "kind": "hwpod-other",
          "seq": 22528,
          "exitCode": 0,
          "command": "hwpod workspace cat projects/01_baseline/User/main.c --spec .hwlab/hwpod-spec.yaml 2>&1 | node -e \" let d='';process.stdin.on('data',c=>d+=c);process.stdin.on('end',()=>{ const parsed = JSON.parse(d); const content = parsed.body.results[0].output.content; const lines = content.split('\\r\\n'); lines.forEach((l,i) => console.log(i + ': ' + l)); }); \" 2>&1",
          "detail": "hwpod workspace cat projects/01_baseline/User/main.c --spec .hwlab/hwpod-spec.yaml 2>&1 | node -e \" let d='';process.stdin.on('data',c=>d+=c);process.stdin.on('end',()=>{ const parsed = JSON.parse(d); const content = parsed.body.results[0].output.content; const lines = content.split('\\r\\n'); lines.forEach((l,i) => console.log(i + ': ' + l)); }); \" 2>&1 stdout: 0: #include \"./SYSTEM/usart/usart.h\" 1: #include \"stm32f1xx_hal.h\" 2: #include \"./SYSTEM/sys/sys.h\" 3: #include \"./BSP/LED/led.h\" 4: #include \"jsonrpc_handler.h\" 5: #include \"d601_lcd.h\" 6: #include \"d601_arm2d_demo.h\" 7: #include \"d601_gpio.h\" 8: 9: int main(void) 10: { 11: SystemCoreClockUpdate(); 12: sys_stm32_clock_init(9); 13: HAL_Init(); 14: led_init(); 15: usart_init(115200); 16: printf(\"[D601-F103] CaseRun UART\\x0D\\x0A\"); 17: printf(\" runId: d601-f103-v2-main-marker-download-uart-20260607052350-41954c34\\x0D\\x0A\"); 18: printf(\"\\x0D\\x0A[D601-F103] device-pod LCD bring-up\\x0D\\x0A\"); 19... exitCode=0"
        },
        {
          "kind": "hwpod-other",
          "seq": 23771,
          "exitCode": 0,
          "command": "hwpod job status 20260607_132936_ddc1dbc8 --spec .hwlab/hwpod-spec.yaml 2>&1 | node -e \" let d='';process.stdin.on('data',c=>d+=c);process.stdin.on('end',()=>{ const parsed = JSON.parse(d); const result = parsed.body?.results?.[0]; console.log(JSON.stringify(result?.output, null, 2)); });",
          "detail": "hwpod job status 20260607_132936_ddc1dbc8 --spec .hwlab/hwpod-spec.yaml 2>&1 | node -e \" let d='';process.stdin.on('data',c=>d+=c);process.stdin.on('end',()=>{ const parsed = JSON.parse(d); const result = parsed.body?.results?.[0]; console.log(JSON.stringify(result?.output, null, 2)); }); \" stdout: { \"cwd\": \"C:\\\\Users\\\\liang\\\\.agents\\\\skills\\\\keil\", \"command\": [ \"py\", \"-3\", \"C:\\\\Users\\\\liang\\\\.agents\\\\skills\\\\keil\\\\keil-cli.py\", \"job-status\", \"20260607_132936_ddc1dbc8\" ], \"exitCode\": 0, \"stdout\": \"{\\r\\n \\\"job_id\\\": \\\"20260607_132936_ddc1dbc8\\\",\\r\\n \\\"command\\\": \\\"build\\\",\\r\\n \\\"status\\\": \\\"completed\\\",\\r\\n \\\"created_at\\\": \\\"2026-06-07T13:29:36.004423\\\",\\r\\n \\\"started_at\\\": \\\"2026-06-07T13:29:36.223223\\\",\\r\\n \\\"finished_at\\\": \\\"2026-06-07T13:29:40.701998\\\",\\r\\n \\\"return_code\\\": 0,\\r\\n \\\"success\\\": true,\\r\\n \\\"params\\\": {\\r\\n \\\"project\\\": \\\"F:\\\\\\\\Work\\\\\\\\HWLAB-CASE-F103\\\\\\\\.worktree\\\\\\\\... exitCode=0"
        },
        {
          "kind": "hwpod-other",
          "seq": 21772,
          "exitCode": 0,
          "command": "hwpod --version 2>&1; echo \"---\"; hwpod-ctl --help 2>&1 | head -20",
          "detail": "hwpod --version 2>&1; echo \"---\"; hwpod-ctl --help 2>&1 | head -20 stdout: { \"ok\": true, \"action\": \"hwpod-cli.help\", \"status\": \"succeeded\", \"contractVersion\": \"hwpod-node-ops-v1\", \"usage\": [ \"bun tools/hwpod-cli.ts inspect --dry-run\", \"bun tools/hwpod-cli.ts workspace ls . --dry-run\", \"bun tools/hwpod-cli.ts workspace cat projects/01_baseline/User/main.c --spec .hwlab/hwpod-spec.yaml\", \"bun tools/hwpod-cli.ts workspace read projects/01_baseline/User/main.c --spec .hwlab/hwpod-spec.yaml\", \"cat patch.txt | bun tools/hwpod-cli.ts workspace apply-patch --spec .hwlab/hwpod-spec.yaml --reason \\\"edit subject workspace through hwpod-node\\\"\", \"bun tools/hwpod-cli.ts worksp... exitCode=0"
        },
        {
          "kind": "hwpod-other",
          "seq": 21791,
          "exitCode": 0,
          "command": "hwpod workspace cat projects/01_baseline/User/main.c --spec .hwlab/hwpod-spec.yaml",
          "detail": "hwpod workspace cat projects/01_baseline/User/main.c --spec .hwlab/hwpod-spec.yaml stdout: { \"ok\": true, \"action\": \"hwpod-cli.invoke\", \"status\": \"completed\", \"specPath\": \".hwlab/hwpod-spec.yaml\", \"intent\": \"workspace.cat\", \"contractVersion\": \"hwpod-node-ops-v1\", \"compilerInvocation\": { \"compiler\": \"hwpod-compiler-cli\", \"mode\": \"subprocess\", \"entrypoint\": \"tools/hwpod-compiler-cli.ts\", \"argv\": [ \"compile\", \"--spec\", \".hwlab/hwpod-spec.yaml\", \"--intent\", \"workspace.cat\", \"--args\", \"<json>\" ], \"exitCode\": 0, \"action\": \"hwpod-compiler.compile\", \"contractVersion\": \"hwpod-node-ops-v1\", \"planId\": \"hwpod_plan_e318c5ba-ccbd-430f-b028-3efba14893d5\", \"source\": { \"compiler\": \"hwpod-compiler-... exitCode=0"
        },
        {
          "kind": "hwpod-other",
          "seq": 21801,
          "exitCode": 0,
          "command": "hwpod workspace cat projects/01_baseline/User/main.c --spec .hwlab/hwpod-spec.yaml",
          "detail": "hwpod workspace cat projects/01_baseline/User/main.c --spec .hwlab/hwpod-spec.yaml stdout: { \"ok\": true, \"action\": \"hwpod-cli.invoke\", \"status\": \"completed\", \"specPath\": \".hwlab/hwpod-spec.yaml\", \"intent\": \"workspace.cat\", \"contractVersion\": \"hwpod-node-ops-v1\", \"compilerInvocation\": { \"compiler\": \"hwpod-compiler-cli\", \"mode\": \"subprocess\", \"entrypoint\": \"tools/hwpod-compiler-cli.ts\", \"argv\": [ \"compile\", \"--spec\", \".hwlab/hwpod-spec.yaml\", \"--intent\", \"workspace.cat\", \"--args\", \"<json>\" ], \"exitCode\": 0, \"action\": \"hwpod-compiler.compile\", \"contractVersion\": \"hwpod-node-ops-v1\", \"planId\": \"hwpod_plan_821acc18-b9ae-4bfb-af26-a91df34694d1\", \"source\": { \"compiler\": \"hwpod-compiler-... exitCode=0"
        },
        {
          "kind": "hwpod-other",
          "seq": 21811,
          "exitCode": 0,
          "command": "hwpod workspace cat projects/01_baseline/User/main.c --spec .hwlab/hwpod-spec.yaml",
          "detail": "hwpod workspace cat projects/01_baseline/User/main.c --spec .hwlab/hwpod-spec.yaml stdout: { \"ok\": true, \"action\": \"hwpod-cli.invoke\", \"status\": \"completed\", \"specPath\": \".hwlab/hwpod-spec.yaml\", \"intent\": \"workspace.cat\", \"contractVersion\": \"hwpod-node-ops-v1\", \"compilerInvocation\": { \"compiler\": \"hwpod-compiler-cli\", \"mode\": \"subprocess\", \"entrypoint\": \"tools/hwpod-compiler-cli.ts\", \"argv\": [ \"compile\", \"--spec\", \".hwlab/hwpod-spec.yaml\", \"--intent\", \"workspace.cat\", \"--args\", \"<json>\" ], \"exitCode\": 0, \"action\": \"hwpod-compiler.compile\", \"contractVersion\": \"hwpod-node-ops-v1\", \"planId\": \"hwpod_plan_58f6194c-327f-47fe-a489-bab8bd0eceda\", \"source\": { \"compiler\": \"hwpod-compiler-... exitCode=0"
        },
        {
          "kind": "workspace-edit",
          "seq": 21816,
          "command": "hwpod workspace apply-patch --spec .hwlab/hwpod-spec.yaml --patchText '*** Begin Patch *** Update File: projects/01_baseline/User/main.c @@ #include \"./SYSTEM/usart/usart.h\" #include \"stm32f1xx_hal.h\" #include \"./SYSTEM/sys/sys.h\" #include \"./BSP/LED/led.h\" #include \"jsonrpc_handler.h\" #include \"d601_lcd.h\" #include \"d601_arm2d_demo.h\" #include \"d601_gpio.h\" int main(void) { SystemCoreClockUpdate(); sys_stm32_clock_init(9); HAL_Init(); led_init(); usart_init(115200); printf(\"[D601-F103] CaseRun UART \"); printf(\" [D601-F103] device-pod LCD bring-up \"); + printf(\" runId: d601-f103-v2-main-marker-download-uart-20260607052350-41954c34 \"); *** End Patch",
          "detail": "... clipped ..."
        },
        {
          "kind": "hwpod-other",
          "seq": 21822,
          "exitCode": 0,
          "command": "hwpod workspace cat projects/01_baseline/User/main.c --spec .hwlab/hwpod-spec.yaml 2>&1 | grep -o '\"content\": *\"[\"'^\"]*\"'\"' | head -1",
          "detail": "hwpod workspace cat projects/01_baseline/User/main.c --spec .hwlab/hwpod-spec.yaml 2>&1 | grep -o '\"content\": *\"[\"'^\"]*\"'\"' | head -1 stdout: \"content\": \"#include \\\" exitCode=0"
        }
      ],
      "kinds": [
        "spec-validate",
        "inspect",
        "workspace-edit",
        "build",
        "download",
        "uart-read",
        "hwpod-other"
      ]
    },
    "status": "recorded",
    "autoEvaluation": false
  },
  "evidence": {
    "contractVersion": "hwpod-case-run-evidence-v1",
    "caseId": "d601-f103-v2-main-marker-download-uart",
    "runId": "d601-f103-v2-main-marker-download-uart-20260607052350-41954c34",
    "compileOnly": true,
    "autoEvaluation": false,
    "status": "recorded",
    "observedAt": "2026-06-07T05:30:23.783Z",
    "apiUrl": "http://74.48.78.17:19667",
    "subject": {
      "repoLocalPath": "F:\\Work\\HWLAB-CASE-F103",
      "commitId": "df7a4e6e551fa90d64bde5537cc000f89d63dd20",
      "subdir": "projects/01_baseline",
      "worktreePath": "F:\\Work\\HWLAB-CASE-F103\\.worktree\\caserun-d601-f103-v2-main-marker-download-uart-20260607052350-41954c34",
      "workspacePath": "F:\\Work\\HWLAB-CASE-F103\\.worktree\\caserun-d601-f103-v2-main-marker-download-uart-20260607052350-41954c34",
      "setup": {
        "httpStatus": 200,
        "planId": "case_subject_109bfb29-7544-4484-9332-860a8af04431",
        "nodeId": "node-d601-f103-v2",
        "exitCode": 0,
        "stdout": "HEAD is now at df7a4e6 chore: initialize D601 HWLAB subject repo\ndf7a4e6e551fa90d64bde5537cc000f89d63dd20\ncaseRunKeilSidecars {\"copied\":1,\"copiedFiles\":[{\"ext\":\".uvoptx\",\"source\":\"projects\\\\01_baseline\\\\Projects\\\\MDK-ARM\\\\atk_f103.uvoptx\",\"destination\":\".worktree\\\\caserun-d601-f103-v2-main-marker-download-uart-20260607052350-41954c34\\\\projects\\\\01_baseline\\\\Projects\\\\MDK-ARM\\\\atk_f103.uvoptx\"}],\"missing\":[\"projects\\\\01_baseline\\\\Projects\\\\MDK-ARM\\\\atk_f103.uvopt\"],\"sourceBase\":\"projects\\\\01_baseline\\\\Projects\\\\MDK-ARM\\\\atk_f103\",\"destinationBase\":\".worktree\\\\caserun-d601-f103-v2-main-marker-download-uart-20260607052350-41954c34\\\\projects\\\\01_baseline\\\\Projects\\\\MDK-ARM\\\\atk_f103\"}",
        "stderr": "Preparing worktree (detached HEAD df7a4e6)",
        "keilSidecars": {
          "copied": 1,
          "copiedFiles": [
            {
              "ext": ".uvoptx",
              "source": "projects\\01_baseline\\Projects\\MDK-ARM\\atk_f103.uvoptx",
              "destination": ".worktree\\caserun-d601-f103-v2-main-marker-download-uart-20260607052350-41954c34\\projects\\01_baseline\\Projects\\MDK-ARM\\atk_f103.uvoptx"
            }
          ],
          "missing": [
            "projects\\01_baseline\\Projects\\MDK-ARM\\atk_f103.uvopt"
          ],
          "sourceBase": "projects\\01_baseline\\Projects\\MDK-ARM\\atk_f103",
          "destinationBase": ".worktree\\caserun-d601-f103-v2-main-marker-download-uart-20260607052350-41954c34\\projects\\01_baseline\\Projects\\MDK-ARM\\atk_f103",
          "line": "caseRunKeilSidecars {\"copied\":1,\"copiedFiles\":[{\"ext\":\".uvoptx\",\"source\":\"projects\\\\01_baseline\\\\Projects\\\\MDK-ARM\\\\atk_f103.uvoptx\",\"destination\":\".worktree\\\\caserun-d601-f103-v2-main-marker-download-uart-20260607052350-41954c34\\\\projects\\\\01_baseline\\\\Projects\\\\MDK-ARM\\\\atk_f103.uvoptx\"}],\"missing\":[\"projects\\\\01_baseline\\\\Projects\\\\MDK-ARM\\\\atk_f103.uvopt\"],\"sourceBase\":\"projects\\\\01_baseline\\\\Projects\\\\MDK-ARM\\\\atk_f103\",\"destinationBase\":\".worktree\\\\caserun-d601-f103-v2-main-marker-download-uart-20260607052350-41954c34\\\\projects\\\\01_baseline\\\\Projects\\\\MDK-ARM\\\\atk_f103\"}"
        }
      },
      "sourceRootBaseline": {
        "label": "before-prepare",
        "statusShort": "M projects/01_baseline/Projects/MDK-ARM/atk_f103.uvprojx",
        "diffStat": ".../01_baseline/Projects/MDK-ARM/atk_f103.uvprojx   | 21 ++++++++++++++-------\n 1 file changed, 14 insertions(+), 7 deletions(-)",
        "diffSha256": "a847e886c801a597d96f40017f41c70262b024d5b6208bcc7ae343824c3c8d99",
        "diffBytes": 2029,
        "commands": {
          "status": {
            "label": "source-root-status",
            "httpStatus": 200,
            "exitCode": 0,
            "stdoutBytes": 56,
            "stderr": ""
          },
          "diffStat": {
            "label": "source-root-diff-stat",
            "httpStatus": 200,
            "exitCode": 0,
            "stdoutBytes": 128,
            "stderr": "warning: in the working copy of 'projects/01_baseline/Projects/MDK-ARM/atk_f103.uvprojx', LF will be replaced by CRLF the next time Git touches it"
          },
          "diffPatch": {
            "label": "source-root-diff-patch",
            "httpStatus": 200,
            "exitCode": 0,
            "stdoutBytes": 2029,
            "stderr": "warning: in the working copy of 'projects/01_baseline/Projects/MDK-ARM/atk_f103.uvprojx', LF will be replaced by CRLF the next time Git touches it"
          }
        }
      },
      "sourceRootAfterPrepare": {
        "label": "after-prepare",
        "statusShort": "M projects/01_baseline/Projects/MDK-ARM/atk_f103.uvprojx",
        "diffStat": ".../01_baseline/Projects/MDK-ARM/atk_f103.uvprojx   | 21 ++++++++++++++-------\n 1 file changed, 14 insertions(+), 7 deletions(-)",
        "diffSha256": "a847e886c801a597d96f40017f41c70262b024d5b6208bcc7ae343824c3c8d99",
        "diffBytes": 2029,
        "commands": {
          "status": {
            "label": "source-root-status",
            "httpStatus": 200,
            "exitCode": 0,
            "stdoutBytes": 56,
            "stderr": ""
          },
          "diffStat": {
            "label": "source-root-diff-stat",
            "httpStatus": 200,
            "exitCode": 0,
            "stdoutBytes": 128,
            "stderr": "warning: in the working copy of 'projects/01_baseline/Projects/MDK-ARM/atk_f103.uvprojx', LF will be replaced by CRLF the next time Git touches it"
          },
          "diffPatch": {
            "label": "source-root-diff-patch",
            "httpStatus": 200,
            "exitCode": 0,
            "stdoutBytes": 2029,
            "stderr": "warning: in the working copy of 'projects/01_baseline/Projects/MDK-ARM/atk_f103.uvprojx', LF will be replaced by CRLF the next time Git touches it"
          }
        }
      }
    },
    "agentTask": {
      "workspace": "subjectWorktree",
      "providerProfile": "deepseek",
      "projectId": "prj_hwpod_workbench",
      "timeoutMs": 600000,
      "promptSha256": "b78ebd9bcfff33ff44a91b9b33efd3243c915dd5bbb3ab11390b8dd2c72c95cd",
      "constraints": [
        "只允许修改 projects/01_baseline/User/main.c",
        "marker 必须包含本次 runId，避免串口旧输出混淆",
        "marker 必须位于 UART/USART 初始化之后的可执行路径中，避免编译下载成功但串口不可见",
        "必须通过 HWPOD workspace/node 链路修改 subjectWorktreePath，不得从 Linux runner 直接 cd 到 Windows 路径",
        "必须尝试 hwpod build、hwpod download 和 hwpod uart read 原入口命令",
        "若修改、编译、下载或串口读取失败，继续保留 trace 和原始错误，不要绕过到非 HWPOD 路径",
        "结果只作为 raw trace/evidence 记录，不做自动评价或自动门禁"
      ]
    },
    "agent": {
      "stageStatus": "completed",
      "baseUrl": "http://74.48.78.17:19666",
      "projectId": "prj_hwpod_workbench",
      "providerProfile": "deepseek",
      "conversationId": "cnv_case_d601-f103-v2-main-marker-download-uart_d601-f103-v2-main-marker-download-uart-20260607052350-41954c34",
      "sessionId": "ses_642dc5df-da64-463b-a53f-5279f396687b",
      "traceId": "trc_case_d601-f103-v2-main-marker-download-uart_882a3508b72e4c81a006c150a9b5a5bb",
      "promptPath": "/root/hwlab-v02/.state/hwlab-cli/caserun/d601-f103-v2-main-marker-download-uart-20260607052350-41954c34/agent-prompt.md",
      "promptSha256": "0f48ea590fcc7d240b2c53221bdee13104b942e7ec0da1ddfa4dd85c04b48433",
      "polls": 133,
      "timedOut": false,
      "timeoutMs": 600000,
      "pollIntervalMs": 1000,
      "lastHttpStatus": 200,
      "nextPollCommand": "hwlab-cli client agent result trc_case_d601-f103-v2-main-marker-download-uart_882a3508b72e4c81a006c150a9b5a5bb",
      "traceCommand": "hwlab-cli client agent trace trc_case_d601-f103-v2-main-marker-download-uart_882a3508b72e4c81a006c150a9b5a5bb --render web",
      "inspectCommand": "hwlab-cli client agent inspect --trace-id trc_case_d601-f103-v2-main-marker-download-uart_882a3508b72e4c81a006c150a9b5a5bb",
      "sessionCommand": "hwlab-cli client agent session status ses_642dc5df-da64-463b-a53f-5279f396687b",
      "traceLookup": {
        "source": "hwlab-cli.client.agent",
        "strategy": "id_plus_existing_cli",
        "note": "CaseRun records trace/session identity and reuses existing HWLAB Web-equivalent agent CLI for trace/result/inspect; it does not implement a separate trace query path.",
        "baseUrl": "http://74.48.78.17:19666",
        "traceId": "trc_case_d601-f103-v2-main-marker-download-uart_882a3508b72e4c81a006c150a9b5a5bb",
        "sessionId": "ses_642dc5df-da64-463b-a53f-5279f396687b",
        "conversationId": "cnv_case_d601-f103-v2-main-marker-download-uart_d601-f103-v2-main-marker-download-uart-20260607052350-41954c34",
        "commands": {
          "result": "hwlab-cli client agent result trc_case_d601-f103-v2-main-marker-download-uart_882a3508b72e4c81a006c150a9b5a5bb",
          "trace": "hwlab-cli client agent trace trc_case_d601-f103-v2-main-marker-download-uart_882a3508b72e4c81a006c150a9b5a5bb --render web",
          "traceFull": "hwlab-cli client agent trace trc_case_d601-f103-v2-main-marker-download-uart_882a3508b72e4c81a006c150a9b5a5bb --render web --full",
          "inspect": "hwlab-cli client agent inspect --trace-id trc_case_d601-f103-v2-main-marker-download-uart_882a3508b72e4c81a006c150a9b5a5bb",
          "sessionStatus": "hwlab-cli client agent session status ses_642dc5df-da64-463b-a53f-5279f396687b"
        }
      }
    },
    "traceLookup": {
      "source": "hwlab-cli.client.agent",
      "strategy": "id_plus_existing_cli",
      "note": "CaseRun records trace/session identity and reuses existing HWLAB Web-equivalent agent CLI for trace/result/inspect; it does not implement a separate trace query path.",
      "baseUrl": "http://74.48.78.17:19666",
      "traceId": "trc_case_d601-f103-v2-main-marker-download-uart_882a3508b72e4c81a006c150a9b5a5bb",
      "sessionId": "ses_642dc5df-da64-463b-a53f-5279f396687b",
      "conversationId": "cnv_case_d601-f103-v2-main-marker-download-uart_d601-f103-v2-main-marker-download-uart-20260607052350-41954c34",
      "commands": {
        "result": "hwlab-cli client agent result trc_case_d601-f103-v2-main-marker-download-uart_882a3508b72e4c81a006c150a9b5a5bb",
        "trace": "hwlab-cli client agent trace trc_case_d601-f103-v2-main-marker-download-uart_882a3508b72e4c81a006c150a9b5a5bb --render web",
        "traceFull": "hwlab-cli client agent trace trc_case_d601-f103-v2-main-marker-download-uart_882a3508b72e4c81a006c150a9b5a5bb --render web --full",
        "inspect": "hwlab-cli client agent inspect --trace-id trc_case_d601-f103-v2-main-marker-download-uart_882a3508b72e4c81a006c150a9b5a5bb",
        "sessionStatus": "hwlab-cli client agent session status ses_642dc5df-da64-463b-a53f-5279f396687b"
      }
    },
    "agentTrace": {
      "traceId": "trc_case_d601-f103-v2-main-marker-download-uart_882a3508b72e4c81a006c150a9b5a5bb",
      "status": "completed",
      "httpStatus": 200,
      "source": "hwlab-cli.client.agent.trace",
      "lookup": {
        "source": "hwlab-cli.client.agent",
        "strategy": "id_plus_existing_cli",
        "note": "CaseRun records trace/session identity and reuses existing HWLAB Web-equivalent agent CLI for trace/result/inspect; it does not implement a separate trace query path.",
        "baseUrl": "http://74.48.78.17:19666",
        "traceId": "trc_case_d601-f103-v2-main-marker-download-uart_882a3508b72e4c81a006c150a9b5a5bb",
        "sessionId": "ses_642dc5df-da64-463b-a53f-5279f396687b",
        "conversationId": "cnv_case_d601-f103-v2-main-marker-download-uart_d601-f103-v2-main-marker-download-uart-20260607052350-41954c34",
        "commands": {
          "result": "hwlab-cli client agent result trc_case_d601-f103-v2-main-marker-download-uart_882a3508b72e4c81a006c150a9b5a5bb",
          "trace": "hwlab-cli client agent trace trc_case_d601-f103-v2-main-marker-download-uart_882a3508b72e4c81a006c150a9b5a5bb --render web",
          "traceFull": "hwlab-cli client agent trace trc_case_d601-f103-v2-main-marker-download-uart_882a3508b72e4c81a006c150a9b5a5bb --render web --full",
          "inspect": "hwlab-cli client agent inspect --trace-id trc_case_d601-f103-v2-main-marker-download-uart_882a3508b72e4c81a006c150a9b5a5bb",
          "sessionStatus": "hwlab-cli client agent session status ses_642dc5df-da64-463b-a53f-5279f396687b"
        }
      },
      "sourceEventCount": 6000,
      "renderedRowCount": 168,
      "commandCount": 94,
      "hwpodCommandCount": 32,
      "hwpodBuildCommandCount": 1,
      "keilJobCandidates": [
        "20260607_132936_ddc1dbc8"
      ],
      "terminalStatus": "completed",
      "commands": [
        {
          "source": "trace-row",
          "seq": 21781,
          "rowId": "tool:call_00_UCpgCDUYRDKSclJ2J9Lw7293",
          "header": "05:24:22 total=00:00:20 ok commandExecution",
          "command": "hwpod-ctl spec validate --spec .hwlab/hwpod-spec.yaml",
          "normalizedCommand": "hwpod-ctl spec validate --spec .hwlab/hwpod-spec.yaml",
          "bodyPreview": "hwpod-ctl spec validate --spec .hwlab/hwpod-spec.yaml stdout: { \"ok\": true, \"action\": \"hwpod-ctl.spec.validate\", \"status\": \"succeeded\", \"specPath\": \".hwlab/hwpod-spec.yaml\", \"document\": { \"apiVersion\": \"hwlab.dev/v0alpha1\", \"kind\": \"Hwpod\", \"metadata\": { \"uid\": \"D601-F103-V2\", \"name\": \"d601-f103-v2\" }, \"spec\": { \"targetDevice\": { \"board\": \"D601-F103-V2\", \"mcu\": \"STM32F103\" }, \"workspace\": { \"path\": \"F:\\\\Work\\\\HWLAB-CASE-F103\\\\.worktree\\\\caserun-d601-f103-v2-main-marker-download-uart-20260607052350-41954c34\", \"toolchain\": \"keil-mdk\", \"keilProject\": \"projects/01_baseline/Projects/MDK-ARM/atk_f103.uvprojx\", \"keilTarget\": \"USART\", \"keilCliPath\": \"C:\\\\User... exitCode=0",
          "exitCode": 0
        },
        {
          "source": "trace-row",
          "seq": 21785,
          "rowId": "tool:call_00_LeTiVdDYL6pwX4Qtu3AI1127",
          "header": "05:24:24 total=00:00:22 ok commandExecution",
          "command": "hwpod inspect --spec .hwlab/hwpod-spec.yaml",
          "normalizedCommand": "hwpod inspect --spec .hwlab/hwpod-spec.yaml",
          "bodyPreview": "hwpod inspect --spec .hwlab/hwpod-spec.yaml stdout: { \"ok\": true, \"action\": \"hwpod-cli.invoke\", \"status\": \"completed\", \"specPath\": \".hwlab/hwpod-spec.yaml\", \"intent\": \"inspect\", \"contractVersion\": \"hwpod-node-ops-v1\", \"compilerInvocation\": { \"compiler\": \"hwpod-compiler-cli\", \"mode\": \"subprocess\", \"entrypoint\": \"tools/hwpod-compiler-cli.ts\", \"argv\": [ \"compile\", \"--spec\", \".hwlab/hwpod-spec.yaml\", \"--intent\", \"inspect\", \"--args\", \"<json>\" ], \"exitCode\": 0, \"action\": \"hwpod-compiler.compile\", \"contractVersion\": \"hwpod-node-ops-v1\", \"planId\": \"hwpod_plan_408619bc-fa34-4483-889a-7d05423c5745\", \"source\": { \"compiler\": \"hwpod-compiler-cli\", \"specP... exitCode=0",
          "exitCode": 0
        },
        {
          "source": "trace-row",
          "seq": 21796,
          "rowId": "tool:call_00_AqmC0QXOTKRJ0yNxww4K0285",
          "header": "05:24:32 total=00:00:30 ok commandExecution",
          "command": "hwpod workspace insert-after --path projects/01_baseline/User/main.c --anchor \" usart_init(115200);\" --line \" printf(\\\"[D601-F103] CaseRun UART\\\\r\\\\n\\\");\" --spec .hwlab/hwpod-spec.yaml",
          "normalizedCommand": "hwpod workspace insert-after --path projects/01_baseline/User/main.c --anchor \" usart_init(115200);\" --line \" printf(\\\"[D601-F103] CaseRun UART\\\\r\\\\n\\\");\" --spec .hwlab/hwpod-spec.yaml",
          "bodyPreview": "hwpod workspace insert-after --path projects/01_baseline/User/main.c --anchor \" usart_init(115200);\" --line \" printf(\\\"[D601-F103] CaseRun UART\\\\r\\\\n\\\");\" --spec .hwlab/hwpod-spec.yaml stdout: { \"ok\": true, \"action\": \"hwpod-cli.invoke\", \"status\": \"completed\", \"specPath\": \".hwlab/hwpod-spec.yaml\", \"intent\": \"workspace.insert-after\", \"contractVersion\": \"hwpod-node-ops-v1\", \"compilerInvocation\": { \"compiler\": \"hwpod-compiler-cli\", \"mode\": \"subprocess\", \"entrypoint\": \"tools/hwpod-compiler-cli.ts\", \"argv\": [ \"compile\", \"--spec\", \".hwlab/hwpod-spec.yaml\", \"--intent\", \"workspace.insert-after\", \"--args\", \"<json>\" ], \"exitCode\": 0, \"action\": \"hwpod-compiler.compile\", \"contractVersion\": \"hwpod-node-ops-v1\", \"planId\": \"hwpod_plan_028bebba-9cfc-492a-804d-9c1ae81bde01\", \"source\": { \"compiler\"... exitCode=0",
          "exitCode": 0
        },
        {
          "source": "trace-row",
          "seq": 23351,
          "rowId": "tool:call_00_oLomQLvPvjnofLL1Mf6D8856",
          "header": "05:29:37 total=00:05:35 ok commandExecution",
          "command": "hwpod build --spec .hwlab/hwpod-spec.yaml 2>&1 | node -e \" let d='';process.stdin.on('data',c=>d+=c);process.stdin.on('end',()=>{ const parsed = JSON.parse(d); console.log('ok:', parsed.body?.ok); console.log('status:', parsed.body?.status); console.log('results:', JSON.stringify(parsed.body?.results, null, 2)); }); \"",
          "normalizedCommand": "hwpod build --spec .hwlab/hwpod-spec.yaml 2>&1 | node -e \" let d='';process.stdin.on('data',c=>d+=c);process.stdin.on('end',()=>{ const parsed = JSON.parse(d); console.log('ok:', parsed.body?.ok); console.log('status:', parsed.body?.status); console.log('results:', JSON.stringify(parsed.body?.results, null, 2)); });",
          "bodyPreview": "hwpod build --spec .hwlab/hwpod-spec.yaml 2>&1 | node -e \" let d='';process.stdin.on('data',c=>d+=c);process.stdin.on('end',()=>{ const parsed = JSON.parse(d); console.log('ok:', parsed.body?.ok); console.log('status:', parsed.body?.status); console.log('results:', JSON.stringify(parsed.body?.results, null, 2)); }); \" stdout: ok: true status: completed results: [ { \"opId\": \"op_01_cmd_run\", \"op\": \"cmd.run\", \"ok\": true, \"status\": \"completed\", \"output\": { \"cwd\": \"F:\\\\Work\\\\HWLAB-CASE-F103\\\\.worktree\\\\caserun-d601-f103-v2-main-marker-download-uart-20260607052350-41954c34\", \"command\": [ \"py\", \"-3\", \"C:\\\\Users\\\\liang\\\\.agents\\\\skills\\\\keil\\\\keil-cli.py\", \"build\", \"-p\", \"F:\\\\Work\\\\HWLAB-CASE-F103\\\\.worktree\\\\caserun-d601-f103-v2-main-marker-download-uart-20260607052350-41954c34\\\\projects\\\\01_baseline\\\\Projects\\\\MDK-ARM\\\\atk_f103.uvprojx\", \"-t\", \"USART\" ], \"exitCode\": 0, \"stdout\": \"{\\r\\n \\\"accepted\\\": true,\\r\\n \\\"comman... exitCode=0",
          "exitCode": 0
        },
        {
          "source": "trace-row",
          "seq": 24615,
          "rowId": "tool:call_00_kcIdi6IjsOTEBxqRCg8B1670",
          "header": "05:29:49 total=00:05:47 ok commandExecution",
          "command": "hwpod download --spec .hwlab/hwpod-spec.yaml 2>&1 | node -e \" let d='';process.stdin.on('data',c=>d+=c);process.stdin.on('end',()=>{ const parsed = JSON.parse(d); const result = parsed.body?.results?.[0]; console.log(JSON.stringify(result?.output, null, 2)); }); \"",
          "normalizedCommand": "hwpod download --spec .hwlab/hwpod-spec.yaml 2>&1 | node -e \" let d='';process.stdin.on('data',c=>d+=c);process.stdin.on('end',()=>{ const parsed = JSON.parse(d); const result = parsed.body?.results?.[0]; console.log(JSON.stringify(result?.output, null, 2)); });",
          "bodyPreview": "hwpod download --spec .hwlab/hwpod-spec.yaml 2>&1 | node -e \" let d='';process.stdin.on('data',c=>d+=c);process.stdin.on('end',()=>{ const parsed = JSON.parse(d); const result = parsed.body?.results?.[0]; console.log(JSON.stringify(result?.output, null, 2)); }); \" stdout: { \"cwd\": \"F:\\\\Work\\\\HWLAB-CASE-F103\\\\.worktree\\\\caserun-d601-f103-v2-main-marker-download-uart-20260607052350-41954c34\", \"command\": [ \"node\", \"-e\", \"const fs=require('fs');const input=JSON.parse(process.argv[1]||'{}');const primary=String(input.primary||'');const alternate=String(input.alternate||'');let result;if(fs.existsSync(primary)){result={status:'present',primary};}else if(fs.existsSync(alternate)){result={status:'present',alternate};}else{result={status:'missing',primary,alternate,reason:'keil_uvoptx_binding_absent'};}console.log('hwpodKeilSidecar '+JSON.stringify(result));\", \"{\\\"pr... exitCode=0",
          "exitCode": 0
        },
        {
          "source": "trace-row",
          "seq": 25480,
          "rowId": "tool:call_00_kHqVwFQyTYCjWs1I45bU8588",
          "header": "05:29:58 total=00:05:56 ok commandExecution",
          "command": "hwpod uart read --spec .hwlab/hwpod-spec.yaml --port uart1 --max-bytes 4096 2>&1 | node -e \" let d='';process.stdin.on('data',c=>d+=c);process.stdin.on('end',()=>{ const parsed = JSON.parse(d); const result = parsed.body?.results?.[0]; console.log('UART read result:'); console.log(JSON.stringify(result?.output, null, 2)); }); \"",
          "normalizedCommand": "hwpod uart read --spec .hwlab/hwpod-spec.yaml --port uart1 --max-bytes 4096 2>&1 | node -e \" let d='';process.stdin.on('data',c=>d+=c);process.stdin.on('end',()=>{ const parsed = JSON.parse(d); const result = parsed.body?.results?.[0]; console.log('UART read result:'); console.log(JSON.stringify(result?.output, null, 2)); });",
          "bodyPreview": "hwpod uart read --spec .hwlab/hwpod-spec.yaml --port uart1 --max-bytes 4096 2>&1 | node -e \" let d='';process.stdin.on('data',c=>d+=c);process.stdin.on('end',()=>{ const parsed = JSON.parse(d); const result = parsed.body?.results?.[0]; console.log('UART read result:'); console.log(JSON.stringify(result?.output, null, 2)); }); \" stdout: UART read result: { \"cwd\": \"C:\\\\Users\\\\liang\\\\.agents\\\\skills\\\\serial-monitor\", \"command\": [ \"node\", \"-e\", \"const {spawnSync}=require('child_process'); const seq=JSON.parse(process.argv[1]); for (const argv of seq) { const r=spawnSync(argv[0],argv.slice(1),{encoding:'utf8'}); if(r.stdout) process.stdout.write(r.stdout); if(r.stderr) process.stderr.write(r.stderr); let ok=r.status===0; try{const body=JSON.parse((r.stdout||'').trim()); if(body && body.success===false) ok=false;}catch{} if(!ok) process.exit(r.status||1); } process.exit(0);\", \"[[\\\"bun\\\",\\\"scripts/serial-monitor-cli.ts\\\",\\\"monit... exitCode=0",
          "exitCode": 0
        },
        {
          "source": "trace-row",
          "seq": 21704,
          "rowId": "tool:call_00_cxHBZXeDehXxLt5L8dOW4080",
          "header": "05:28:35 total=00:04:33 ok commandExecution",
          "command": "grep -n 'function rawString\\|function requiredRawString' tools/src/hwpod-node-lib.ts 2>&1",
          "normalizedCommand": "grep -n 'function rawString\\|function requiredRawString' tools/src/hwpod-node-lib.ts 2>&1",
          "bodyPreview": "grep -n 'function rawString\\|function requiredRawString' tools/src/hwpod-node-lib.ts 2>&1 stdout: 731:function requiredRawString(value: unknown, name: string) { 737:function rawString(value: unknown) { exitCode=0",
          "exitCode": 0
        },
        {
          "source": "trace-row",
          "seq": 21706,
          "rowId": "tool:call_00_2Cxj3WB0IkLWuciyJpS25861",
          "header": "05:28:37 total=00:04:35 ok commandExecution",
          "command": "sed -n '731,745p' tools/src/hwpod-node-lib.ts 2>&1",
          "normalizedCommand": "sed -n '731,745p' tools/src/hwpod-node-lib.ts 2>&1",
          "bodyPreview": "sed -n '731,745p' tools/src/hwpod-node-lib.ts 2>&1 stdout: function requiredRawString(value: unknown, name: string) { const normalized = rawString(value); if (!normalized) throw cliError(\"required_option_missing\", `${name} is required`, { name }); return normalized; } function rawString(value: unknown) { return typeof value === \"string\" ? value : \"\"; } function findLineSequence(lines: string[], sequence: string[], start: number) { if (sequence.length === 0) return start; for (let index = start; index <= lines.length - sequence.length; index += 1) { if (sequence.every((line, offset) => lines[index + offset] === line)) return index; } exitCode=0",
          "exitCode": 0
        },
        {
          "source": "trace-row",
          "seq": 21711,
          "rowId": "tool:call_00_LrW4C1QzqPDdWL7SGDBL4323",
          "header": "05:28:41 total=00:04:39 ok commandExecution",
          "command": "grep -n 'cmd.run' tools/src/hwpod-harness-lib.ts 2>&1 | head -10",
          "normalizedCommand": "grep -n 'cmd.run' tools/src/hwpod-harness-lib.ts 2>&1 | head -10",
          "bodyPreview": "grep -n 'cmd.run' tools/src/hwpod-harness-lib.ts 2>&1 | head -10 stdout: 209: download: \"Keil download compiles to a flash job through cmd.run, so build+program stays inside the Keil job.\", 210: jobStatus: \"Query a Keil async job with `hwpod job status <jobId>`; this compiles to cmd.run rather than a new node op.\" 213: read: \"Use the configured serial-monitor CLI through cmd.run. The hwpod-node contract stays at cmd.run plus file ops.\" 258: boundary: \"Workspace file operations are the standard editing path; do not use shell quoting for subject text edits unless debugging cmd.run itself.\" 268: boundary: \"Job status compiles to cmd.run against the configured Keil ... exitCode=0",
          "exitCode": 0
        },
        {
          "source": "trace-row",
          "seq": 21714,
          "rowId": "tool:call_00_wmNixxIqq6yAixVpdt531572",
          "header": "05:28:42 total=00:04:40 ok commandExecution",
          "command": "grep -n 'cmd.run\\|cmd\\.run' tools/src/hwpod-node-lib.ts 2>&1 | head -5",
          "normalizedCommand": "grep -n 'cmd.run\\|cmd\\.run' tools/src/hwpod-node-lib.ts 2>&1 | head -5",
          "bodyPreview": "grep -n 'cmd.run\\|cmd\\.run' tools/src/hwpod-node-lib.ts 2>&1 | head -5 stdout: 100: capabilities: [\"hwpod-node-ops\", \"cmd.run\", \"workspace.ls\", \"workspace.cat\", \"workspace.rg\", \"workspace.apply-patch\", \"workspace.write\", \"workspace.replace\", \"workspace.insert-after\", \"debug.build\", \"debug.download\", \"debug.reset\", \"io.uart.read\"], 334: if (name === \"cmd.run\") { 336: if (output.blockerCode) return opBlocked(opId, name, output.blockerCode, output.stderr || \"cmd.run failed before process start\", { output }); 337: return output.ok ? opOk(opId, name, output) : opFailed(opId, name, output, \"hwpod_node_command_failed\", `cmd.run node-side command exited with ${output.exitCode... exitCode=0",
          "exitCode": 0
        },
        {
          "source": "trace-row",
          "seq": 21718,
          "rowId": "tool:call_00_gSayo0oKDaz478t8xdoN0355",
          "header": "05:28:45 total=00:04:42 ok commandExecution",
          "command": "hwpod cmd 2>&1 | head -20",
          "normalizedCommand": "hwpod cmd 2>&1 | head -20",
          "bodyPreview": "hwpod cmd 2>&1 | head -20 stdout: { \"ok\": false, \"action\": \"hwpod-cli\", \"status\": \"failed\", \"error\": { \"code\": \"required_option_missing\", \"message\": \"command is required\", \"details\": { \"name\": \"command\" } }, \"observedAt\": \"2026-06-07T05:28:44.969Z\" } exitCode=0",
          "exitCode": 0
        },
        {
          "source": "trace-row",
          "seq": 21721,
          "rowId": "tool:call_00_xiomiaOW99O6xgYdWKFz9773",
          "header": "05:28:47 total=00:04:45 ok commandExecution",
          "command": "hwpod cmd powershell 2>&1 | head -30",
          "normalizedCommand": "hwpod cmd powershell 2>&1 | head -30",
          "bodyPreview": "hwpod cmd powershell 2>&1 | head -30 stdout: { \"ok\": true, \"action\": \"hwpod-cli.invoke\", \"status\": \"completed\", \"specPath\": \".hwlab/hwpod-spec.yaml\", \"intent\": \"cmd.run\", \"contractVersion\": \"hwpod-node-ops-v1\", \"compilerInvocation\": { \"compiler\": \"hwpod-compiler-cli\", \"mode\": \"subprocess\", \"entrypoint\": \"tools/hwpod-compiler-cli.ts\", \"argv\": [ \"compile\", \"--spec\", \".hwlab/hwpod-spec.yaml\", \"--intent\", \"cmd.run\", \"--args\", \"<json>\" ], \"exitCode\": 0, \"action\": \"hwpod-compiler.compile\", \"contractVersion\": \"hwpod-node-ops-v1\", \"planId\": \"hwpod_plan_d7f242b1-3315-4d04-bd83-7680316f5cbd\", \"source\": { \"compiler\": \"hwpod-compiler-cli\", \"specP... exitCode=0",
          "exitCode": 0
        },
        {
          "source": "trace-row",
          "seq": 21723,
          "rowId": "tool:call_00_Z7w40WHUQ3YojbiCzDyN1999",
          "header": "05:28:49 total=00:04:47 ok commandExecution",
          "command": "hwpod cmd --help 2>&1 | head -30",
          "normalizedCommand": "hwpod cmd --help 2>&1 | head -30",
          "bodyPreview": "hwpod cmd --help 2>&1 | head -30 stdout: { \"ok\": true, \"action\": \"hwpod-cli.cmd.help\", \"status\": \"succeeded\", \"contractVersion\": \"hwpod-node-ops-v1\", \"usage\": [ \"hwpod cmd <command> [...argv] --spec .hwlab/hwpod-spec.yaml\" ], \"boundary\": \"cmd.run is the full-capability host execution op; add compiler/CLI combinations before considering new hwpod-node ops.\", \"observedAt\": \"2026-06-07T05:28:49.282Z\" } exitCode=0",
          "exitCode": 0
        },
        {
          "source": "trace-row",
          "seq": 21727,
          "rowId": "tool:call_00_G7PKmIkJIZSprHA0n6111075",
          "header": "05:28:52 total=00:04:50 ok commandExecution",
          "command": "hwpod cmd powershell -Command Set-ExecutionPolicy -Scope Process -ExecutionPolicy Bypass 2>&1 | head -10",
          "normalizedCommand": "hwpod cmd powershell -Command Set-ExecutionPolicy -Scope Process -ExecutionPolicy Bypass 2>&1 | head -10",
          "bodyPreview": "hwpod cmd powershell -Command Set-ExecutionPolicy -Scope Process -ExecutionPolicy Bypass 2>&1 | head -10 stdout: { \"ok\": true, \"action\": \"hwpod-cli.invoke\", \"status\": \"completed\", \"specPath\": \".hwlab/hwpod-spec.yaml\", \"intent\": \"cmd.run\", \"contractVersion\": \"hwpod-node-ops-v1\", \"compilerInvocation\": { \"compiler\": \"hwpod-compiler-cli\", \"mode\": \"subprocess\", exitCode=0",
          "exitCode": 0
        },
        {
          "source": "trace-row",
          "seq": 21732,
          "rowId": "tool:call_00_CsKZXXaFD5lOhgq8Kl8n9822",
          "header": "05:28:59 total=00:04:57 ok commandExecution",
          "command": "'\"'$path = \"'\"'\"\"'$FILEPATH\"'\"'\"; \\ \"'$bytes = [System.IO.File]::ReadAllBytes($path); '\"\\ \"'$text = [System.Text.Encoding]::... stdout: { \"ok\": true, \"action\": \"hwpod-cli.invoke\", \"status\": \"completed\", \"specPath\": \".hwlab/hwpod-spec.yaml\", \"intent\": \"cmd.run\", \"contractVersion\": \"hwpod-node-ops-v1\", \"compilerInvocation\": { \"compiler\": \"hwpod-compiler-cli\", \"mode\": \"subprocess\", exitCode=0",
          "normalizedCommand": "\"'$path = \"'\"'\"\"'$FILEPATH\"'\"'\"; \\ \"'$bytes = [System.IO.File]::ReadAllBytes($path); '\"\\ \"'$text = [System.Text.Encoding]::... stdout: { \"ok\": true, \"action\": \"hwpod-cli.invoke\", \"status\": \"completed\", \"specPath\": \".hwlab/hwpod-spec.yaml\", \"intent\": \"cmd.run\", \"contractVersion\": \"hwpod-node-ops-v1\", \"compilerInvocation\": { \"compiler\": \"hwpod-compiler-cli\", \"mode\": \"subprocess\", exitCode=0",
          "bodyPreview": "\"# First, fix the file via PowerShell on Windows. The issue is that # actual CR+LF (0x0D 0x0A) bytes exist inside C printf strings where # literal \\r\\n should be. We need to find these corrupted patterns and fix them. # The corruption pattern: inside printf(\"...\"), the \\r\\n should be literal # Let's use a PowerShell script to fix the specific corrupted lines # Path to the file FILEPATH='F:\\\\Work\\\\HWLAB-CASE-F103\\\\.worktree\\\\caserun-d601-f103-v2-main-marker-download-uart-20260607052350-41954c34\\\\projects\\\\01_baseline\\\\User\\\\main.c' # PowerShell command to fix the file # The .NET regex with (?<=printf\\(\\\")(.*)(?=\\\"\\)) can help us find inside printf strings # But simpler: just read file as bytes and fix the pattern PS_CMD='\"'$path = \"'\"'\"\"'$FILEPATH\"'\"'\"; \\ \"'$bytes = [System.IO.File]::ReadAllBytes($path); '\"\\ \"'$text = [System.Text.Encoding]::... stdout: { \"ok\": true, \"action\": \"hwpod-cli.invoke\", \"status\": \"completed\", \"specPath\": \".hwlab/hwpod-spec.yaml\", \"intent\": \"cmd.run\", \"contractVersion\": \"hwpod-node-ops-v1\", \"compilerInvocation\": { \"compiler\": \"hwpod-compiler-cli\", \"mode\": \"subprocess\", exitCode=0",
          "exitCode": 0
        },
        {
          "source": "trace-row",
          "seq": 21736,
          "rowId": "tool:call_00_HYsUdiVLkkuN8PyQdCGy4863",
          "header": "05:29:04 total=00:05:02 ok commandExecution",
          "command": "'\"'$path = \"'\"'\"'$FILEPATH'\"'\"; \"'$bytes = [System.IO.File]::ReadAllBytes($path); $text = [System.Text.Encoding]::UTF8.GetString($bytes); Write-Host \"Before fix:\"; Write-Host $text.Substring(340, 100);'\"' hwpod cmd powershell -Command \"\"'$PS_CMD\" --spec .hwlab/hwpod-spec.yaml 2>&1 | node -e \" let d='\"'';process.stdin.on('data',c=>d+=c);process.stdin.on('end',()=>{ const parsed = JSON.parse(d); if (parsed.body && parsed.body.results) { parsed.body.results.forEach(r => console.log(r.output?.stdout || r.output?.stderr || JSON.stringify(r.output))); } else { console.log(JSON.stringify(parsed, null, 2)); } }); \" 2>&1 stdout: Windows PowerShell Copyright (C) Microsoft Corporation. All rights reserved. Install the latest PowerShell for new features and improvements! https://aka.ms/PSWindows PS F:\\Work\\HWLAB-CASE-F103\\.worktree\\caserun-d601-f103-v2-main-marker-download-uart-20260607052350-41954c34> exitCode=0",
          "normalizedCommand": "\"'$path = \"'\"'\"'$FILEPATH'\"'\"; \"'$bytes = [System.IO.File]::ReadAllBytes($path); $text = [System.Text.Encoding]::UTF8.GetString($bytes); Write-Host \"Before fix:\"; Write-Host $text.Substring(340, 100);'\"' hwpod cmd powershell -Command \"\"'$PS_CMD\" --spec .hwlab/hwpod-spec.yaml 2>&1 | node -e \" let d='\"'';process.stdin.on('data',c=>d+=c);process.stdin.on('end',()=>{ const parsed = JSON.parse(d); if (parsed.body && parsed.body.results) { parsed.body.results.forEach(r => console.log(r.output?.stdout || r.output?.stderr || JSON.stringify(r.output))); } else { console.log(JSON.stringify(parsed, null, 2)); } }); \" 2>&1 stdout: Windows PowerShell Copyright (C) Microsoft Corporation. All rights reserved. Install the latest PowerShell for new features and improvements! https://aka.ms/PSWindows PS F:\\Work\\HWLAB-CASE-F103\\.worktree\\caserun-d601-f103-v2-main-marker-download-uart-20260607052350-41954c34> exitCode=0",
          "bodyPreview": "FILEPATH='F:\\\\Work\\\\HWLAB-CASE-F103\\\\.worktree\\\\caserun-d601-f103-v2-main-marker-download-uart-20260607052350-41954c34\\\\projects\\\\01_baseline\\\\User\\\\main.c' PS_CMD='\"'$path = \"'\"'\"'$FILEPATH'\"'\"; \"'$bytes = [System.IO.File]::ReadAllBytes($path); $text = [System.Text.Encoding]::UTF8.GetString($bytes); Write-Host \"Before fix:\"; Write-Host $text.Substring(340, 100);'\"' hwpod cmd powershell -Command \"\"'$PS_CMD\" --spec .hwlab/hwpod-spec.yaml 2>&1 | node -e \" let d='\"'';process.stdin.on('data',c=>d+=c);process.stdin.on('end',()=>{ const parsed = JSON.parse(d); if (parsed.body && parsed.body.results) { parsed.body.results.forEach(r => console.log(r.output?.stdout || r.output?.stderr || JSON.stringify(r.output))); } else { console.log(JSON.stringify(parsed, null, 2)); } }); \" 2>&1 stdout: Windows PowerShell Copyright (C) Microsoft Corporation. All rights reserved. Install the latest PowerShell for new features and improvements! https://aka.ms/PSWindows PS F:\\Work\\HWLAB-CASE-F103\\.worktree\\caserun-d601-f103-v2-main-marker-download-uart-20260607052350-41954c34> exitCode=0",
          "exitCode": 0
        },
        {
          "source": "trace-row",
          "seq": 22065,
          "rowId": "tool:call_00_4ybHX763NCIzStwg3OHq6742",
          "header": "05:28:26 total=00:04:24 ok commandExecution",
          "command": "ls -la tools/hwpod-node.ts 2>&1",
          "normalizedCommand": "ls -la tools/hwpod-node.ts 2>&1",
          "bodyPreview": "ls -la tools/hwpod-node.ts 2>&1 stdout: -rw-r--r-- 1 root root 100 Jun 7 05:24 tools/hwpod-node.ts exitCode=0",
          "exitCode": 0
        },
        {
          "source": "trace-row",
          "seq": 22067,
          "rowId": "tool:call_00_xwgMzvOO1MpMzs7wYrHb3796",
          "header": "05:28:28 total=00:04:26 ok commandExecution",
          "command": "cat tools/hwpod-node.ts 2>&1",
          "normalizedCommand": "cat tools/hwpod-node.ts 2>&1",
          "bodyPreview": "cat tools/hwpod-node.ts 2>&1 stdout: #!/usr/bin/env bun import { mainHwpodNode } from \"./src/hwpod-node-lib.ts\"; await mainHwpodNode(); exitCode=0",
          "exitCode": 0
        },
        {
          "source": "trace-row",
          "seq": 22073,
          "rowId": "tool:call_00_1tNzjAhwnXvYgAgCKB9R0994",
          "header": "05:28:33 total=00:04:31 ok commandExecution",
          "command": "sed -n '416,435p' tools/src/hwpod-node-lib.ts 2>&1",
          "normalizedCommand": "sed -n '416,435p' tools/src/hwpod-node-lib.ts 2>&1",
          "bodyPreview": "sed -n '416,435p' tools/src/hwpod-node-lib.ts 2>&1 stdout: const relativePath = requiredText(args.path, \"path\"); const target = resolveWorkspacePath(args, relativePath); const before = await readTextFileState(target); assertExpectedSha(before, args.expectedSha, relativePath); const find = requiredRawString(args.find, \"find\"); const replace = rawString(args.replace ?? args.replacement); const normalizedFind = normalizeContentLineEndings(find, \"\\n\", false); const normalizedReplace = normalizeContentLineEndings(replace, \"\\n\", false); const normalizedContent = before.normalizedContent; const occurrences = countOccurrences(normalizedContent, normalizedF... exitCode=0",
          "exitCode": 0
        },
        {
          "source": "trace-row",
          "seq": 22121,
          "rowId": "tool:call_00_bDZyyxev1s7uTkSQhgLp7361",
          "header": "05:29:26 total=00:05:24 ok commandExecution",
          "command": "\"# Write using LF-only content with \\\\x0D\\\\x0A hex escapes hwpod workspace write --path projects/01_baseline/User/main.c --content-base64 'I2luY2x1ZGUgIi4vU1lTVEVNL3VzYXJ0L3VzYXJ0LmgiCiNpbmNsdWRlICJzdG0zMmYxeHhfaGFsLmgiCiNpbmNsdWRlICIuL1NZU1RFTS9zeXMvc3lzLmgiCiNpbmNsdWRlICIuL0JTUC9MRUQvbGVkLmgiCiNpbmNsdWRlICJqc29ucnBjX2hhbmRsZXIuaCIKI2luY2x1ZGUgImQ2MDFfbGNkLmgiCiNpbmNsdWRlICJkNjAxX2FybTJkX2RlbW8uaCIKI2luY2x1ZGUgImQ2MDFfZ3Bpby5oIgoKaW50IG1haW4odm9pZCkKewogICAgU3lzdGVtQ29yZUNsb2NrVXBkYXRlKCk7CiAgICBzeXNfc3RtMzJfY2xvY2tfaW5pdCg5KTsKICAgIEhBTF9Jbml0KCk7CiAgICBsZWRfaW5pdCgpOwogICAgdXNhcnRfaW5pdCgxMTUyMDApOwogICAgcHJpbnRmKCJbRDYwMS1GMTAzXSBDYXNlUnVuIFVBUlRceDBEXHgwQSIpOwogICAgcHJpbnRmKCIgIHJ1bklkOiBkNjAxLWYxMDMtdjItbWFpbi1tYXJrZXItZG93bmxvYWQtdWFydC0yMDI2MDYwNzA1MjM1MC00MTk1NGMzNFx4MERceDBBIik7CiAgICBwcmludGYoIlx4MERceDBBW0Q2MDEtRjEwM10gZGV2aWNlLXBvZCBMQ0QgYnJpbmctdXBceDBEXH...",
          "normalizedCommand": "# Write using LF-only content with \\\\x0D\\\\x0A hex escapes hwpod workspace write --path projects/01_baseline/User/main.c --content-base64 'I2luY2x1ZGUgIi4vU1lTVEVNL3VzYXJ0L3VzYXJ0LmgiCiNpbmNsdWRlICJzdG0zMmYxeHhfaGFsLmgiCiNpbmNsdWRlICIuL1NZU1RFTS9zeXMvc3lzLmgiCiNpbmNsdWRlICIuL0JTUC9MRUQvbGVkLmgiCiNpbmNsdWRlICJqc29ucnBjX2hhbmRsZXIuaCIKI2luY2x1ZGUgImQ2MDFfbGNkLmgiCiNpbmNsdWRlICJkNjAxX2FybTJkX2RlbW8uaCIKI2luY2x1ZGUgImQ2MDFfZ3Bpby5oIgoKaW50IG1haW4odm9pZCkKewogICAgU3lzdGVtQ29yZUNsb2NrVXBkYXRlKCk7CiAgICBzeXNfc3RtMzJfY2xvY2tfaW5pdCg5KTsKICAgIEhBTF9Jbml0KCk7CiAgICBsZWRfaW5pdCgpOwogICAgdXNhcnRfaW5pdCgxMTUyMDApOwogICAgcHJpbnRmKCJbRDYwMS1GMTAzXSBDYXNlUnVuIFVBUlRceDBEXHgwQSIpOwogICAgcHJpbnRmKCIgIHJ1bklkOiBkNjAxLWYxMDMtdjItbWFpbi1tYXJrZXItZG93bmxvYWQtdWFydC0yMDI2MDYwNzA1MjM1MC00MTk1NGMzNFx4MERceDBBIik7CiAgICBwcmludGYoIlx4MERceDBBW0Q2MDEtRjEwM10gZGV2aWNlLXBvZCBMQ0QgYnJpbmctdXBceDBEXH...",
          "bodyPreview": "\"# Write using LF-only content with \\\\x0D\\\\x0A hex escapes hwpod workspace write --path projects/01_baseline/User/main.c --content-base64 'I2luY2x1ZGUgIi4vU1lTVEVNL3VzYXJ0L3VzYXJ0LmgiCiNpbmNsdWRlICJzdG0zMmYxeHhfaGFsLmgiCiNpbmNsdWRlICIuL1NZU1RFTS9zeXMvc3lzLmgiCiNpbmNsdWRlICIuL0JTUC9MRUQvbGVkLmgiCiNpbmNsdWRlICJqc29ucnBjX2hhbmRsZXIuaCIKI2luY2x1ZGUgImQ2MDFfbGNkLmgiCiNpbmNsdWRlICJkNjAxX2FybTJkX2RlbW8uaCIKI2luY2x1ZGUgImQ2MDFfZ3Bpby5oIgoKaW50IG1haW4odm9pZCkKewogICAgU3lzdGVtQ29yZUNsb2NrVXBkYXRlKCk7CiAgICBzeXNfc3RtMzJfY2xvY2tfaW5pdCg5KTsKICAgIEhBTF9Jbml0KCk7CiAgICBsZWRfaW5pdCgpOwogICAgdXNhcnRfaW5pdCgxMTUyMDApOwogICAgcHJpbnRmKCJbRDYwMS1GMTAzXSBDYXNlUnVuIFVBUlRceDBEXHgwQSIpOwogICAgcHJpbnRmKCIgIHJ1bklkOiBkNjAxLWYxMDMtdjItbWFpbi1tYXJrZXItZG93bmxvYWQtdWFydC0yMDI2MDYwNzA1MjM1MC00MTk1NGMzNFx4MERceDBBIik7CiAgICBwcmludGYoIlx4MERceDBBW0Q2MDEtRjEwM10gZGV2aWNlLXBvZCBMQ0QgYnJpbmctdXBceDBEXH... stdout: { \"ok\": true, \"action\": \"hwpod-cli.invoke\", \"status\": \"completed\", \"specPath\": \".hwlab/hwpod-spec.yaml\", \"intent\": \"workspace.write\", \"contractVersion\": \"hwpod-node-ops-v1\", \"compilerInvocation\": { \"compiler\": \"hwpod-compiler-cli\", \"mode\": \"subprocess\", \"entrypoint\": \"tools/hwpod-compiler-cli.ts\", \"argv\": \n... clipped ..."
        },
        {
          "source": "trace-row",
          "seq": 22528,
          "rowId": "tool:call_00_WnmN9eoWLswNrkXrgAUA4968",
          "header": "05:29:30 total=00:05:28 ok commandExecution",
          "command": "hwpod workspace cat projects/01_baseline/User/main.c --spec .hwlab/hwpod-spec.yaml 2>&1 | node -e \" let d='';process.stdin.on('data',c=>d+=c);process.stdin.on('end',()=>{ const parsed = JSON.parse(d); const content = parsed.body.results[0].output.content; const lines = content.split('\\r\\n'); lines.forEach((l,i) => console.log(i + ': ' + l)); }); \" 2>&1",
          "normalizedCommand": "hwpod workspace cat projects/01_baseline/User/main.c --spec .hwlab/hwpod-spec.yaml 2>&1 | node -e \" let d='';process.stdin.on('data',c=>d+=c);process.stdin.on('end',()=>{ const parsed = JSON.parse(d); const content = parsed.body.results[0].output.content; const lines = content.split('\\r\\n'); lines.forEach((l,i) => console.log(i + ': ' + l)); }); \" 2>&1",
          "bodyPreview": "hwpod workspace cat projects/01_baseline/User/main.c --spec .hwlab/hwpod-spec.yaml 2>&1 | node -e \" let d='';process.stdin.on('data',c=>d+=c);process.stdin.on('end',()=>{ const parsed = JSON.parse(d); const content = parsed.body.results[0].output.content; const lines = content.split('\\r\\n'); lines.forEach((l,i) => console.log(i + ': ' + l)); }); \" 2>&1 stdout: 0: #include \"./SYSTEM/usart/usart.h\" 1: #include \"stm32f1xx_hal.h\" 2: #include \"./SYSTEM/sys/sys.h\" 3: #include \"./BSP/LED/led.h\" 4: #include \"jsonrpc_handler.h\" 5: #include \"d601_lcd.h\" 6: #include \"d601_arm2d_demo.h\" 7: #include \"d601_gpio.h\" 8: 9: int main(void) 10: { 11: SystemCoreClockUpdate(); 12: sys_stm32_clock_init(9); 13: HAL_Init(); 14: led_init(); 15: usart_init(115200); 16: printf(\"[D601-F103] CaseRun UART\\x0D\\x0A\"); 17: printf(\" runId: d601-f103-v2-main-marker-download-uart-20260607052350-41954c34\\x0D\\x0A\"); 18: printf(\"\\x0D\\x0A[D601-F103] device-pod LCD bring-up\\x0D\\x0A\"); 19... exitCode=0",
          "exitCode": 0
        },
        {
          "source": "trace-row",
          "seq": 23771,
          "rowId": "tool:call_00_WIg9nqfvGGIcklLmFe4S9293",
          "header": "05:29:42 total=00:05:40 ok commandExecution",
          "command": "hwpod job status 20260607_132936_ddc1dbc8 --spec .hwlab/hwpod-spec.yaml 2>&1 | node -e \" let d='';process.stdin.on('data',c=>d+=c);process.stdin.on('end',()=>{ const parsed = JSON.parse(d); const result = parsed.body?.results?.[0]; console.log(JSON.stringify(result?.output, null, 2)); }); \"",
          "normalizedCommand": "hwpod job status 20260607_132936_ddc1dbc8 --spec .hwlab/hwpod-spec.yaml 2>&1 | node -e \" let d='';process.stdin.on('data',c=>d+=c);process.stdin.on('end',()=>{ const parsed = JSON.parse(d); const result = parsed.body?.results?.[0]; console.log(JSON.stringify(result?.output, null, 2)); });",
          "bodyPreview": "hwpod job status 20260607_132936_ddc1dbc8 --spec .hwlab/hwpod-spec.yaml 2>&1 | node -e \" let d='';process.stdin.on('data',c=>d+=c);process.stdin.on('end',()=>{ const parsed = JSON.parse(d); const result = parsed.body?.results?.[0]; console.log(JSON.stringify(result?.output, null, 2)); }); \" stdout: { \"cwd\": \"C:\\\\Users\\\\liang\\\\.agents\\\\skills\\\\keil\", \"command\": [ \"py\", \"-3\", \"C:\\\\Users\\\\liang\\\\.agents\\\\skills\\\\keil\\\\keil-cli.py\", \"job-status\", \"20260607_132936_ddc1dbc8\" ], \"exitCode\": 0, \"stdout\": \"{\\r\\n \\\"job_id\\\": \\\"20260607_132936_ddc1dbc8\\\",\\r\\n \\\"command\\\": \\\"build\\\",\\r\\n \\\"status\\\": \\\"completed\\\",\\r\\n \\\"created_at\\\": \\\"2026-06-07T13:29:36.004423\\\",\\r\\n \\\"started_at\\\": \\\"2026-06-07T13:29:36.223223\\\",\\r\\n \\\"finished_at\\\": \\\"2026-06-07T13:29:40.701998\\\",\\r\\n \\\"return_code\\\": 0,\\r\\n \\\"success\\\": true,\\r\\n \\\"params\\\": {\\r\\n \\\"project\\\": \\\"F:\\\\\\\\Work\\\\\\\\HWLAB-CASE-F103\\\\\\\\.worktree\\\\\\\\... exitCode=0",
          "exitCode": 0
        },
        {
          "source": "trace-row",
          "seq": 25042,
          "rowId": "tool:call_00_J0aVMdinsIboKFyBG7Iv8570",
          "header": "05:29:51 total=00:05:49 ok commandExecution",
          "command": "# The download result doesn't have a job_id so let me check what help says hwpod download --help 2>&1 | head -20",
          "normalizedCommand": "# The download result doesn't have a job_id so let me check what help says hwpod download --help 2>&1 | head -20",
          "bodyPreview": "# The download result doesn't have a job_id so let me check what help says hwpod download --help 2>&1 | head -20 stdout: { \"ok\": true, \"action\": \"hwpod-cli.download.help\", \"status\": \"succeeded\", \"contractVersion\": \"hwpod-node-ops-v1\", \"usage\": [ \"hwpod download --spec .hwlab/hwpod-spec.yaml\", \"hwpod download --spec .hwlab/hwpod-spec.yaml --dry-run\" ], \"boundary\": \"Download compiles to a Keil flash cmd.run plan; do not add a download-specific hwpod-node op.\", \"observedAt\": \"2026-06-07T05:29:51.300Z\" } exitCode=0",
          "exitCode": 0
        },
        {
          "source": "trace-row",
          "seq": 21772,
          "rowId": "tool:call_00_KaA8xUaNbpSxJH4kzBdl6171",
          "header": "05:24:15 total=00:00:13 ok commandExecution",
          "command": "hwpod --version 2>&1; echo \"---\"; hwpod-ctl --help 2>&1 | head -20",
          "normalizedCommand": "hwpod --version 2>&1; echo \"---\"; hwpod-ctl --help 2>&1 | head -20",
          "bodyPreview": "hwpod --version 2>&1; echo \"---\"; hwpod-ctl --help 2>&1 | head -20 stdout: { \"ok\": true, \"action\": \"hwpod-cli.help\", \"status\": \"succeeded\", \"contractVersion\": \"hwpod-node-ops-v1\", \"usage\": [ \"bun tools/hwpod-cli.ts inspect --dry-run\", \"bun tools/hwpod-cli.ts workspace ls . --dry-run\", \"bun tools/hwpod-cli.ts workspace cat projects/01_baseline/User/main.c --spec .hwlab/hwpod-spec.yaml\", \"bun tools/hwpod-cli.ts workspace read projects/01_baseline/User/main.c --spec .hwlab/hwpod-spec.yaml\", \"cat patch.txt | bun tools/hwpod-cli.ts workspace apply-patch --spec .hwlab/hwpod-spec.yaml --reason \\\"edit subject workspace through hwpod-node\\\"\", \"bun tools/hwpod-cli.ts worksp... exitCode=0",
          "exitCode": 0
        },
        {
          "source": "trace-row",
          "seq": 21791,
          "rowId": "tool:call_00_bb4gZ79sy8dlSVlK0acW0897",
          "header": "05:24:28 total=00:00:26 ok commandExecution",
          "command": "hwpod workspace cat projects/01_baseline/User/main.c --spec .hwlab/hwpod-spec.yaml",
          "normalizedCommand": "hwpod workspace cat projects/01_baseline/User/main.c --spec .hwlab/hwpod-spec.yaml",
          "bodyPreview": "hwpod workspace cat projects/01_baseline/User/main.c --spec .hwlab/hwpod-spec.yaml stdout: { \"ok\": true, \"action\": \"hwpod-cli.invoke\", \"status\": \"completed\", \"specPath\": \".hwlab/hwpod-spec.yaml\", \"intent\": \"workspace.cat\", \"contractVersion\": \"hwpod-node-ops-v1\", \"compilerInvocation\": { \"compiler\": \"hwpod-compiler-cli\", \"mode\": \"subprocess\", \"entrypoint\": \"tools/hwpod-compiler-cli.ts\", \"argv\": [ \"compile\", \"--spec\", \".hwlab/hwpod-spec.yaml\", \"--intent\", \"workspace.cat\", \"--args\", \"<json>\" ], \"exitCode\": 0, \"action\": \"hwpod-compiler.compile\", \"contractVersion\": \"hwpod-node-ops-v1\", \"planId\": \"hwpod_plan_e318c5ba-ccbd-430f-b028-3efba14893d5\", \"source\": { \"compiler\": \"hwpod-compiler-... exitCode=0",
          "exitCode": 0
        },
        {
          "source": "trace-row",
          "seq": 21801,
          "rowId": "tool:call_00_FQlkmRXLp5NJ80OfOHdm3911",
          "header": "05:24:34 total=00:00:32 ok commandExecution",
          "command": "hwpod workspace cat projects/01_baseline/User/main.c --spec .hwlab/hwpod-spec.yaml",
          "normalizedCommand": "hwpod workspace cat projects/01_baseline/User/main.c --spec .hwlab/hwpod-spec.yaml",
          "bodyPreview": "hwpod workspace cat projects/01_baseline/User/main.c --spec .hwlab/hwpod-spec.yaml stdout: { \"ok\": true, \"action\": \"hwpod-cli.invoke\", \"status\": \"completed\", \"specPath\": \".hwlab/hwpod-spec.yaml\", \"intent\": \"workspace.cat\", \"contractVersion\": \"hwpod-node-ops-v1\", \"compilerInvocation\": { \"compiler\": \"hwpod-compiler-cli\", \"mode\": \"subprocess\", \"entrypoint\": \"tools/hwpod-compiler-cli.ts\", \"argv\": [ \"compile\", \"--spec\", \".hwlab/hwpod-spec.yaml\", \"--intent\", \"workspace.cat\", \"--args\", \"<json>\" ], \"exitCode\": 0, \"action\": \"hwpod-compiler.compile\", \"contractVersion\": \"hwpod-node-ops-v1\", \"planId\": \"hwpod_plan_821acc18-b9ae-4bfb-af26-a91df34694d1\", \"source\": { \"compiler\": \"hwpod-compiler-... exitCode=0",
          "exitCode": 0
        },
        {
          "source": "trace-row",
          "seq": 21807,
          "rowId": "tool:call_00_A8BYHnIt5FclzoBdN6vt5907",
          "header": "05:24:38 total=00:00:36 ok commandExecution",
          "command": "hwpod workspace replace --path projects/01_baseline/User/main.c --find ' printf(\"[D601-F103] CaseRun UART' --replace ' printf(\"[D601-F103] CaseRun UART\\\\r\\\\n\");' --spec .hwlab/hwpod-spec.yaml",
          "normalizedCommand": "hwpod workspace replace --path projects/01_baseline/User/main.c --find ' printf(\"[D601-F103] CaseRun UART' --replace ' printf(\"[D601-F103] CaseRun UART\\\\r\\\\n\");' --spec .hwlab/hwpod-spec.yaml",
          "bodyPreview": "hwpod workspace replace --path projects/01_baseline/User/main.c --find ' printf(\"[D601-F103] CaseRun UART' --replace ' printf(\"[D601-F103] CaseRun UART\\\\r\\\\n\");' --spec .hwlab/hwpod-spec.yaml stdout: { \"ok\": true, \"action\": \"hwpod-cli.invoke\", \"status\": \"completed\", \"specPath\": \".hwlab/hwpod-spec.yaml\", \"intent\": \"workspace.replace\", \"contractVersion\": \"hwpod-node-ops-v1\", \"compilerInvocation\": { \"compiler\": \"hwpod-compiler-cli\", \"mode\": \"subprocess\", \"entrypoint\": \"tools/hwpod-compiler-cli.ts\", \"argv\": [ \"compile\", \"--spec\", \".hwlab/hwpod-spec.yaml\", \"--intent\", \"workspace.replace\", \"--args\", \"<json>\" ], \"exitCode\": 0, \"action\": \"hwpod-compiler.compile\", \"contractVersion\": \"hwpod-node-ops-v1\", \"planId\": \"hwpod_plan_c53f0a9a-900e-42b5-b876-60544ed346cf\", \"source\": { \"compiler\": \"hwpod-c... exitCode=0",
          "exitCode": 0
        },
        {
          "source": "trace-row",
          "seq": 21811,
          "rowId": "tool:call_00_OqjkTNE2CdVacjKpYcca8817",
          "header": "05:24:41 total=00:00:39 ok commandExecution",
          "command": "hwpod workspace cat projects/01_baseline/User/main.c --spec .hwlab/hwpod-spec.yaml",
          "normalizedCommand": "hwpod workspace cat projects/01_baseline/User/main.c --spec .hwlab/hwpod-spec.yaml",
          "bodyPreview": "hwpod workspace cat projects/01_baseline/User/main.c --spec .hwlab/hwpod-spec.yaml stdout: { \"ok\": true, \"action\": \"hwpod-cli.invoke\", \"status\": \"completed\", \"specPath\": \".hwlab/hwpod-spec.yaml\", \"intent\": \"workspace.cat\", \"contractVersion\": \"hwpod-node-ops-v1\", \"compilerInvocation\": { \"compiler\": \"hwpod-compiler-cli\", \"mode\": \"subprocess\", \"entrypoint\": \"tools/hwpod-compiler-cli.ts\", \"argv\": [ \"compile\", \"--spec\", \".hwlab/hwpod-spec.yaml\", \"--intent\", \"workspace.cat\", \"--args\", \"<json>\" ], \"exitCode\": 0, \"action\": \"hwpod-compiler.compile\", \"contractVersion\": \"hwpod-node-ops-v1\", \"planId\": \"hwpod_plan_58f6194c-327f-47fe-a489-bab8bd0eceda\", \"source\": { \"compiler\": \"hwpod-compiler-... exitCode=0",
          "exitCode": 0
        },
        {
          "source": "trace-row",
          "seq": 21816,
          "rowId": "tool:call_00_KITFx2yLRjJCApePQY8U5958",
          "header": "05:24:45 total=00:00:43 ok commandExecution",
          "command": "hwpod workspace apply-patch --spec .hwlab/hwpod-spec.yaml --patchText '*** Begin Patch *** Update File: projects/01_baseline/User/main.c @@ #include \"./SYSTEM/usart/usart.h\" #include \"stm32f1xx_hal.h\" #include \"./SYSTEM/sys/sys.h\" #include \"./BSP/LED/led.h\" #include \"jsonrpc_handler.h\" #include \"d601_lcd.h\" #include \"d601_arm2d_demo.h\" #include \"d601_gpio.h\" int main(void) { SystemCoreClockUpdate(); sys_stm32_clock_init(9); HAL_Init(); led_init(); usart_init(115200); printf(\"[D601-F103] CaseRun UART \"); printf(\" [D601-F103] device-pod LCD bring-up \"); + printf(\" runId: d601-f103-v2-main-marker-download-uart-20260607052350-41954c34 \"); *** End Patch'",
          "normalizedCommand": "hwpod workspace apply-patch --spec .hwlab/hwpod-spec.yaml --patchText '*** Begin Patch *** Update File: projects/01_baseline/User/main.c @@ #include \"./SYSTEM/usart/usart.h\" #include \"stm32f1xx_hal.h\" #include \"./SYSTEM/sys/sys.h\" #include \"./BSP/LED/led.h\" #include \"jsonrpc_handler.h\" #include \"d601_lcd.h\" #include \"d601_arm2d_demo.h\" #include \"d601_gpio.h\" int main(void) { SystemCoreClockUpdate(); sys_stm32_clock_init(9); HAL_Init(); led_init(); usart_init(115200); printf(\"[D601-F103] CaseRun UART \"); printf(\" [D601-F103] device-pod LCD bring-up \"); + printf(\" runId: d601-f103-v2-main-marker-download-uart-20260607052350-41954c34 \"); *** End Patch",
          "bodyPreview": "hwpod workspace apply-patch --spec .hwlab/hwpod-spec.yaml --patchText '*** Begin Patch *** Update File: projects/01_baseline/User/main.c @@ #include \"./SYSTEM/usart/usart.h\" #include \"stm32f1xx_hal.h\" #include \"./SYSTEM/sys/sys.h\" #include \"./BSP/LED/led.h\" #include \"jsonrpc_handler.h\" #include \"d601_lcd.h\" #include \"d601_arm2d_demo.h\" #include \"d601_gpio.h\" int main(void) { SystemCoreClockUpdate(); sys_stm32_clock_init(9); HAL_Init(); led_init(); usart_init(115200); printf(\"[D601-F103] CaseRun UART \"); printf(\" [D601-F103] device-pod LCD bring-up \"); + printf(\" runId: d601-f103-v2-main-marker-download-uart-20260607052350-41954c34 \"); *** End Patch' stdout: { \"ok\": false, \"action\": \"hwpod-cli.invoke\", \"status\": \"failed\", \"specPath\": \".hwlab/hwpod-spec.yaml\", \"intent\": \"workspace.apply-patch\", \"contractVersion\": \"hwpod-node-ops-v1\", \"compilerInvocation\": { \"compiler\": \"hwpod-compiler-cli\", \"mode\": \"subprocess\", \"entrypoint\": \"tools/hwpod-compiler-cli.ts\", \"argv\": [ \"compile\", \"--spec\", \".hwlab/hwpod-spec.yaml\", \"--intent\", \"workspace.apply-patch\", \"--args\", \"<json>\" ], \"exitCode\": 0, \"action\": \"hwpod-compiler.compile\", \"contractVersion\": \"hwpod-node-ops-v1\", \"planId\": \"hwpod_plan_0c\n... clipped ..."
        },
        {
          "source": "trace-row",
          "seq": 21822,
          "rowId": "tool:call_00_hmPWb9Ly8EKUZE8WiK4S5543",
          "header": "05:24:50 total=00:00:48 ok commandExecution",
          "command": "hwpod workspace cat projects/01_baseline/User/main.c --spec .hwlab/hwpod-spec.yaml 2>&1 | grep -o '\"content\": *\"[\"'^\"]*\"'\"' | head -1",
          "normalizedCommand": "hwpod workspace cat projects/01_baseline/User/main.c --spec .hwlab/hwpod-spec.yaml 2>&1 | grep -o '\"content\": *\"[\"'^\"]*\"'\"' | head -1",
          "bodyPreview": "hwpod workspace cat projects/01_baseline/User/main.c --spec .hwlab/hwpod-spec.yaml 2>&1 | grep -o '\"content\": *\"[\"'^\"]*\"'\"' | head -1 stdout: \"content\": \"#include \\\" exitCode=0",
          "exitCode": 0
        }
      ]
    },
    "agentDiff": {
      "statusShort": "M projects/01_baseline/User/main.c",
      "diffStat": "projects/01_baseline/User/main.c | 10 ++++++----\n 1 file changed, 6 insertions(+), 4 deletions(-)",
      "diffPatchPath": "/root/hwlab-v02/.state/hwlab-cli/caserun/d601-f103-v2-main-marker-download-uart-20260607052350-41954c34/agent-diff.patch",
      "diffPatchSha256": "48f8cb96d019c89f8beca2169c3eeca056460b2d3a6ec7552579477dad8d2afe",
      "sourceRootStatusShort": "M projects/01_baseline/Projects/MDK-ARM/atk_f103.uvprojx",
      "sourceRootBaseline": {
        "label": "before-prepare",
        "statusShort": "M projects/01_baseline/Projects/MDK-ARM/atk_f103.uvprojx",
        "diffStat": ".../01_baseline/Projects/MDK-ARM/atk_f103.uvprojx   | 21 ++++++++++++++-------\n 1 file changed, 14 insertions(+), 7 deletions(-)",
        "diffSha256": "a847e886c801a597d96f40017f41c70262b024d5b6208bcc7ae343824c3c8d99",
        "diffBytes": 2029,
        "commands": {
          "status": {
            "label": "source-root-status",
            "httpStatus": 200,
            "exitCode": 0,
            "stdoutBytes": 56,
            "stderr": ""
          },
          "diffStat": {
            "label": "source-root-diff-stat",
            "httpStatus": 200,
            "exitCode": 0,
            "stdoutBytes": 128,
            "stderr": "warning: in the working copy of 'projects/01_baseline/Projects/MDK-ARM/atk_f103.uvprojx', LF will be replaced by CRLF the next time Git touches it"
          },
          "diffPatch": {
            "label": "source-root-diff-patch",
            "httpStatus": 200,
            "exitCode": 0,
            "stdoutBytes": 2029,
            "stderr": "warning: in the working copy of 'projects/01_baseline/Projects/MDK-ARM/atk_f103.uvprojx', LF will be replaced by CRLF the next time Git touches it"
          }
        }
      },
      "sourceRootAfterPrepare": {
        "label": "after-prepare",
        "statusShort": "M projects/01_baseline/Projects/MDK-ARM/atk_f103.uvprojx",
        "diffStat": ".../01_baseline/Projects/MDK-ARM/atk_f103.uvprojx   | 21 ++++++++++++++-------\n 1 file changed, 14 insertions(+), 7 deletions(-)",
        "diffSha256": "a847e886c801a597d96f40017f41c70262b024d5b6208bcc7ae343824c3c8d99",
        "diffBytes": 2029,
        "commands": {
          "status": {
            "label": "source-root-status",
            "httpStatus": 200,
            "exitCode": 0,
            "stdoutBytes": 56,
            "stderr": ""
          },
          "diffStat": {
            "label": "source-root-diff-stat",
            "httpStatus": 200,
            "exitCode": 0,
            "stdoutBytes": 128,
            "stderr": "warning: in the working copy of 'projects/01_baseline/Projects/MDK-ARM/atk_f103.uvprojx', LF will be replaced by CRLF the next time Git touches it"
          },
          "diffPatch": {
            "label": "source-root-diff-patch",
            "httpStatus": 200,
            "exitCode": 0,
            "stdoutBytes": 2029,
            "stderr": "warning: in the working copy of 'projects/01_baseline/Projects/MDK-ARM/atk_f103.uvprojx', LF will be replaced by CRLF the next time Git touches it"
          }
        }
      },
      "sourceRootAfterAgent": {
        "label": "after-agent",
        "statusShort": "M projects/01_baseline/Projects/MDK-ARM/atk_f103.uvprojx",
        "diffStat": ".../01_baseline/Projects/MDK-ARM/atk_f103.uvprojx   | 21 ++++++++++++++-------\n 1 file changed, 14 insertions(+), 7 deletions(-)",
        "diffSha256": "a847e886c801a597d96f40017f41c70262b024d5b6208bcc7ae343824c3c8d99",
        "diffBytes": 2029,
        "commands": {
          "status": {
            "label": "source-root-status",
            "httpStatus": 200,
            "exitCode": 0,
            "stdoutBytes": 56,
            "stderr": ""
          },
          "diffStat": {
            "label": "source-root-diff-stat",
            "httpStatus": 200,
            "exitCode": 0,
            "stdoutBytes": 128,
            "stderr": "warning: in the working copy of 'projects/01_baseline/Projects/MDK-ARM/atk_f103.uvprojx', LF will be replaced by CRLF the next time Git touches it"
          },
          "diffPatch": {
            "label": "source-root-diff-patch",
            "httpStatus": 200,
            "exitCode": 0,
            "stdoutBytes": 2029,
            "stderr": "warning: in the working copy of 'projects/01_baseline/Projects/MDK-ARM/atk_f103.uvprojx', LF will be replaced by CRLF the next time Git touches it"
          }
        }
      },
      "sourceRootChangedAfterPrepare": false,
      "sourceRootChangedAfterAgent": false,
      "requests": [
        {
          "label": "status",
          "httpStatus": 200,
          "exitCode": 0,
          "stdoutBytes": 34,
          "stderr": ""
        },
        {
          "label": "diff-stat",
          "httpStatus": 200,
          "exitCode": 0,
          "stdoutBytes": 97,
          "stderr": ""
        },
        {
          "label": "diff-patch",
          "httpStatus": 200,
          "exitCode": 0,
          "stdoutBytes": 1067,
          "stderr": ""
        },
        {
          "label": "source-root-baseline",
          "statusShort": "M projects/01_baseline/Projects/MDK-ARM/atk_f103.uvprojx",
          "diffSha256": "a847e886c801a597d96f40017f41c70262b024d5b6208bcc7ae343824c3c8d99"
        },
        {
          "label": "source-root-after-prepare",
          "statusShort": "M projects/01_baseline/Projects/MDK-ARM/atk_f103.uvprojx",
          "diffSha256": "a847e886c801a597d96f40017f41c70262b024d5b6208bcc7ae343824c3c8d99"
        },
        {
          "label": "source-root-after-agent",
          "statusShort": "M projects/01_baseline/Projects/MDK-ARM/atk_f103.uvprojx",
          "diffSha256": "a847e886c801a597d96f40017f41c70262b024d5b6208bcc7ae343824c3c8d99"
        }
      ]
    },
    "hwpod": {
      "source": "case-run-runner-post-agent-compile-check",
      "command": [
        "bun",
        "hwpod-cli.ts",
        "build",
        "--spec",
        "hwpod-spec.yaml",
        "--reason",
        "case-run d601-f103-v2-main-marker-download-uart d601-f103-v2-main-marker-download-uart-20260607052350-41954c34 compile-only"
      ],
      "exitCode": 0,
      "stdoutJson": {
        "ok": true,
        "action": "hwpod-cli.invoke",
        "status": "completed",
        "results": [
          {
            "opId": "op_01_cmd_run",
            "op": "cmd.run",
            "ok": true,
            "status": "completed",
            "output": {
              "cwd": "F:\\Work\\HWLAB-CASE-F103\\.worktree\\caserun-d601-f103-v2-main-marker-download-uart-20260607052350-41954c34",
              "command": [
                "py",
                "-3",
                "C:\\Users\\liang\\.agents\\skills\\keil\\keil-cli.py",
                "build",
                "-p",
                "F:\\Work\\HWLAB-CASE-F103\\.worktree\\caserun-d601-f103-v2-main-marker-download-uart-20260607052350-41954c34\\projects\\01_baseline\\Projects\\MDK-ARM\\atk_f103.uvprojx",
                "-t",
                "USART"
              ],
              "exitCode": 0,
              "stdout": "{\r\n  \"accepted\": true,\r\n  \"command\": \"build\",\r\n  \"mode\": \"async\",\r\n  \"job_id\": \"20260607_133016_b6ea9f8b\",\r\n  \"status\": \"queued\",\r\n  \"state_file\": \"C:\\\\Users\\\\liang\\\\.agents\\\\skills\\\\keil\\\\.state\\\\jobs\\\\20260607_133016_b6ea9f8b.json\",\r\n  \"check_command\": \"py -3 keil-cli.py job-status 20260607_133016_b6ea9f8b\",\r\n  \"hex_file_preview\": \"F:\\\\Work\\\\HWLAB-CASE-F103\\\\.worktree\\\\caserun-d601-f103-v2-main-marker-download-uart-20260607052350-41954c34\\\\projects\\\\01_baseline\\\\Output\\\\atk_f103.hex\",\r\n  \"axf_file_preview\": \"F:\\\\Work\\\\HWLAB-CASE-F103\\\\.worktree\\\\caserun-d601-f103-v2-main-marker-download-uart-20260607052350-41954c34\\\\projects\\\\01_baseline\\\\Output\\\\atk_f103.axf\"\r\n}\r\n",
              "stderr": "",
              "ok": true,
              "commandResolution": {
                "requested": "py",
                "command": "py",
                "resolved": false,
                "source": "process-path",
                "candidates": []
              }
            }
          }
        ]
      }
    },
    "keilJob": {
      "status": "completed",
      "returnCode": 0,
      "success": true,
      "artifacts": [
        "F:\\Work\\HWLAB-CASE-F103\\.worktree\\caserun-d601-f103-v2-main-marker-download-uart-20260607052350-41954c34\\projects\\01_baseline\\Output\\atk_f103.hex",
        "F:\\Work\\HWLAB-CASE-F103\\.worktree\\caserun-d601-f103-v2-main-marker-download-uart-20260607052350-41954c34\\projects\\01_baseline\\Output\\atk_f103.axf"
      ],
      "raw": {
        "job_id": "20260607_133016_b6ea9f8b",
        "command": "build",
        "status": "completed",
        "created_at": "2026-06-07T13:30:16.664343",
        "started_at": "2026-06-07T13:30:16.882865",
        "finished_at": "2026-06-07T13:30:19.641353",
        "return_code": 0,
        "success": true,
        "params": {
          "project": "F:\\Work\\HWLAB-CASE-F103\\.worktree\\caserun-d601-f103-v2-main-marker-download-uart-20260607052350-41954c34\\projects\\01_baseline\\Projects\\MDK-ARM\\atk_f103.uvprojx",
          "programmer": null,
          "probe": null,
          "target": "USART",
          "program_backend": null,
          "erase_mode": null
        },
        "result": {
          "return_code": 0,
          "success": true,
          "message": "Build completed successfully",
          "hex_file": "F:\\Work\\HWLAB-CASE-F103\\.worktree\\caserun-d601-f103-v2-main-marker-download-uart-20260607052350-41954c34\\projects\\01_baseline\\Output\\atk_f103.hex",
          "axf_file": "F:\\Work\\HWLAB-CASE-F103\\.worktree\\caserun-d601-f103-v2-main-marker-download-uart-20260607052350-41954c34\\projects\\01_baseline\\Output\\atk_f103.axf",
          "warning_count": 0,
          "target": "USART",
          "shared_output_cleanup": {
            "performed": false,
            "patterns": [],
            "removed_count": 0,
            "removed_files": []
          },
          "cleared_build_state_file": null,
          "build_state_file": "F:\\Work\\HWLAB-CASE-F103\\.worktree\\caserun-d601-f103-v2-main-marker-download-uart-20260607052350-41954c34\\projects\\01_baseline\\Projects\\MDK-ARM\\output\\.keil_target_build_state.json",
          "_log_file": "C:\\Users\\liang\\.agents\\skills\\keil\\logs\\20260607\\keil_build_20260607_133016.jsonl"
        },
        "log_file": "C:\\Users\\liang\\.agents\\skills\\keil\\logs\\20260607\\keil_build_20260607_133016.jsonl",
        "runner": {
          "argv": [
            "C:\\Users\\liang\\AppData\\Local\\Microsoft\\WindowsApps\\PythonSoftwareFoundation.Python.3.13_qbz5n2kfra8p0\\python.exe",
            "C:\\Users\\liang\\.agents\\skills\\keil\\keil-cli.py",
            "__job-runner",
            "--job-id",
            "20260607_133016_b6ea9f8b",
            "--target-command",
            "build",
            "--project",
            "F:\\Work\\HWLAB-CASE-F103\\.worktree\\caserun-d601-f103-v2-main-marker-download-uart-20260607052350-41954c34\\projects\\01_baseline\\Projects\\MDK-ARM\\atk_f103.uvprojx",
            "--target",
            "USART"
          ],
          "cwd": "C:\\Users\\liang\\.agents\\skills\\keil",
          "stdout_file": "C:\\Users\\liang\\.agents\\skills\\keil\\.state\\job-logs\\20260607_133016_b6ea9f8b.stdout.txt",
          "stderr_file": "C:\\Users\\liang\\.agents\\skills\\keil\\.state\\job-logs\\20260607_133016_b6ea9f8b.stderr.txt",
          "launched_at": "2026-06-07T13:30:16.667295",
          "pid": 37964
        },
        "state_file": "C:\\Users\\liang\\.agents\\skills\\keil\\.state\\jobs\\20260607_133016_b6ea9f8b.json",
        "runner_pid": 37964,
        "heartbeat_at": "2026-06-07T13:30:19.641356",
        "phase": "completed"
      },
      "jobId": "20260607_133016_b6ea9f8b",
      "polls": 2,
      "timedOut": false
    },
    "artifacts": [
      "F:\\Work\\HWLAB-CASE-F103\\.worktree\\caserun-d601-f103-v2-main-marker-download-uart-20260607052350-41954c34\\projects\\01_baseline\\Output\\atk_f103.hex",
      "F:\\Work\\HWLAB-CASE-F103\\.worktree\\caserun-d601-f103-v2-main-marker-download-uart-20260607052350-41954c34\\projects\\01_baseline\\Output\\atk_f103.axf"
    ],
    "decisions": {
      "autoEvaluation": false,
      "runnerPostAgentCompileCheck": "recorded",
      "reason": "flow-only run: CaseRun records agent, diff and compile evidence without auto-grading them"
    }
  }
}
