{
  "generatedAt": "2026-06-08T13:25:50.013Z",
  "cli": "hwlab-cli",
  "version": "0.2.0-client",
  "ok": true,
  "action": "case.run",
  "status": "completed",
  "caseId": "d601-f103-v2-arm2d-integration",
  "runId": "d601-f103-v2-arm2d-integration-20260608131849-6756a891",
  "runDir": "/root/hwlab-v02/.state/hwlab-cli/caserun/d601-f103-v2-arm2d-integration-20260608131849-6756a891",
  "compileOnly": true,
  "prepare": {
    "status": "prepared",
    "caseId": "d601-f103-v2-arm2d-integration",
    "runId": "d601-f103-v2-arm2d-integration-20260608131849-6756a891",
    "specPath": "/root/hwlab-v02/.state/hwlab-cli/caserun/d601-f103-v2-arm2d-integration-20260608131849-6756a891/.hwlab/hwpod-spec.yaml",
    "apiUrl": "http://74.48.78.17:19667",
    "subject": {
      "repoLocalPath": "F:\\Work\\HWLAB-CASE-F103",
      "commitId": "14a414da470013914b2a19229c36f2e9f8e2da4f",
      "worktreePath": "F:\\Work\\HWLAB-CASE-F103\\.worktree\\caserun-d601-f103-v2-arm2d-integration-20260608131849-6756a891"
    }
  },
  "agent": {
    "stageStatus": "completed",
    "baseUrl": "http://74.48.78.17:19666",
    "projectId": "prj_hwpod_workbench",
    "providerProfile": "dsflash-go",
    "conversationId": "cnv_case_d601-f103-v2-arm2d-integration_d601-f103-v2-arm2d-integration-20260608131849-6756a891",
    "sessionId": "ses_7c5a19d4-fe4c-4b28-8f6d-dd1d5871a7ae",
    "traceId": "trc_case_d601-f103-v2-arm2d-integration_b9aaf60daa9540d2b24953a14b862977",
    "promptPath": "/root/hwlab-v02/.state/hwlab-cli/caserun/d601-f103-v2-arm2d-integration-20260608131849-6756a891/agent-prompt.md",
    "promptSha256": "cbd9ffaa5d225fcc2aa87125faf0509435f089e6bfb3099bf5d526057bde4f35",
    "polls": 124,
    "timedOut": false,
    "timeoutMs": 1200000,
    "pollIntervalMs": 1000,
    "lastHttpStatus": 200,
    "nextPollCommand": "hwlab-cli client agent result trc_case_d601-f103-v2-arm2d-integration_b9aaf60daa9540d2b24953a14b862977",
    "traceCommand": "hwlab-cli client agent trace trc_case_d601-f103-v2-arm2d-integration_b9aaf60daa9540d2b24953a14b862977 --render web",
    "inspectCommand": "hwlab-cli client agent inspect --trace-id trc_case_d601-f103-v2-arm2d-integration_b9aaf60daa9540d2b24953a14b862977",
    "sessionCommand": "hwlab-cli client agent session status ses_7c5a19d4-fe4c-4b28-8f6d-dd1d5871a7ae",
    "traceLookup": {
      "source": "hwlab-cli.client.agent",
      "strategy": "id_plus_existing_cli",
      "note": "CaseRun records trace/session identity and reuses existing HWLAB Web-equivalent agent CLI for trace/result/inspect; it does not implement a separate trace query path.",
      "baseUrl": "http://74.48.78.17:19666",
      "traceId": "trc_case_d601-f103-v2-arm2d-integration_b9aaf60daa9540d2b24953a14b862977",
      "sessionId": "ses_7c5a19d4-fe4c-4b28-8f6d-dd1d5871a7ae",
      "conversationId": "cnv_case_d601-f103-v2-arm2d-integration_d601-f103-v2-arm2d-integration-20260608131849-6756a891",
      "commands": {
        "result": "hwlab-cli client agent result trc_case_d601-f103-v2-arm2d-integration_b9aaf60daa9540d2b24953a14b862977",
        "trace": "hwlab-cli client agent trace trc_case_d601-f103-v2-arm2d-integration_b9aaf60daa9540d2b24953a14b862977 --render web",
        "traceFull": "hwlab-cli client agent trace trc_case_d601-f103-v2-arm2d-integration_b9aaf60daa9540d2b24953a14b862977 --render web --full",
        "inspect": "hwlab-cli client agent inspect --trace-id trc_case_d601-f103-v2-arm2d-integration_b9aaf60daa9540d2b24953a14b862977",
        "sessionStatus": "hwlab-cli client agent session status ses_7c5a19d4-fe4c-4b28-8f6d-dd1d5871a7ae"
      }
    }
  },
  "agentTrace": {
    "traceId": "trc_case_d601-f103-v2-arm2d-integration_b9aaf60daa9540d2b24953a14b862977",
    "status": "completed",
    "httpStatus": 200,
    "source": "hwlab-cli.client.agent.trace",
    "lookup": {
      "source": "hwlab-cli.client.agent",
      "strategy": "id_plus_existing_cli",
      "note": "CaseRun records trace/session identity and reuses existing HWLAB Web-equivalent agent CLI for trace/result/inspect; it does not implement a separate trace query path.",
      "baseUrl": "http://74.48.78.17:19666",
      "traceId": "trc_case_d601-f103-v2-arm2d-integration_b9aaf60daa9540d2b24953a14b862977",
      "sessionId": "ses_7c5a19d4-fe4c-4b28-8f6d-dd1d5871a7ae",
      "conversationId": "cnv_case_d601-f103-v2-arm2d-integration_d601-f103-v2-arm2d-integration-20260608131849-6756a891",
      "commands": {
        "result": "hwlab-cli client agent result trc_case_d601-f103-v2-arm2d-integration_b9aaf60daa9540d2b24953a14b862977",
        "trace": "hwlab-cli client agent trace trc_case_d601-f103-v2-arm2d-integration_b9aaf60daa9540d2b24953a14b862977 --render web",
        "traceFull": "hwlab-cli client agent trace trc_case_d601-f103-v2-arm2d-integration_b9aaf60daa9540d2b24953a14b862977 --render web --full",
        "inspect": "hwlab-cli client agent inspect --trace-id trc_case_d601-f103-v2-arm2d-integration_b9aaf60daa9540d2b24953a14b862977",
        "sessionStatus": "hwlab-cli client agent session status ses_7c5a19d4-fe4c-4b28-8f6d-dd1d5871a7ae"
      }
    },
    "sourceEventCount": 6000,
    "renderedRowCount": 93,
    "commandCount": 56,
    "hwpodCommandCount": 44,
    "hwpodBuildCommandCount": 1,
    "keilJobCandidates": [
      "20260608_212341_709bfd89"
    ],
    "agentBuildJobIds": [
      "20260608_212341_709bfd89"
    ],
    "terminalStatus": "completed",
    "commands": [
      {
        "source": "trace-row",
        "seq": 12047,
        "rowId": "tool:call_00_hAuwwuXSqPpHzgYq43sc7525",
        "header": "13:19:28 total=00:00:29 ok commandExecution",
        "command": "export PATH=\"$PWD/tools:$PATH\" && hwpod-ctl spec validate --hwpod-id d601-f103-v2",
        "normalizedCommand": "hwpod-ctl spec validate --hwpod-id d601-f103-v2",
        "bodyPreview": "export PATH=\"$PWD/tools:$PATH\" && hwpod-ctl spec validate --hwpod-id d601-f103-v2\nstdout:\n{ \"ok\": true, \"action\": \"hwpod-ctl.spec.validate\", \"status\": \"succeeded\", \"specPath\": \"hwpod://d601-f103-v2\", \"hwpodId\": \"d601-f103-v2\", \"specAuthority\": \"preinstalled-verified-spec\", \"document\": { \"apiVersion\": \"hwlab.dev/v0alpha1\", \"kind\": \"Hwpod\", \"metadata\": { \"uid\": \"D601-F103-V2\", \"name\": \"d601-f103-v2\" }, \"spec\": { \"targetDevice\": { \"board\": \"D601-F103-V2\", \"mcu\": \"STM32F103\" }, \"workspace\": { \"path\": \"F:\\\\Work\\\\D601-HWLAB\", \"toolchain\": \"keil-mdk\", \"keilProject\": \"projects/01_baseline/Projects/MDK-ARM/atk_f103.uvprojx\", \"keilTarget\": \"USART\", \"keilCliPath\": \"C:\\\\Users\\\\liang\\\\.agent...\nexitCode=0",
        "exitCode": 0
      },
      {
        "source": "trace-row",
        "seq": 11964,
        "rowId": "tool:call_00_N8ZEBo9Uh2OIDIZyrrQK3134",
        "header": "13:21:25 total=00:02:26 ok commandExecution",
        "command": "'export PATH=\"$PWD/tools:$PATH\" && hwpod workspace insert-after '\"\\ --path \"projects/01_baseline/User/main.c\" \\ --anchor '#include \"d601_lcd.h\"' \\ --line '#include \"d601_arm2d_demo.h\"' \\ --hwpod-id d601-f103-v2 \\ --workspace-path \"F:\\Work\\HWLAB-CASE-F103\\.worktree\\caserun-d601-f103-v2-arm2d-integration-20260608131849-6756a891\" 2>&1\"",
        "normalizedCommand": "hwpod workspace insert-after '\"\\ --path \"projects/01_baseline/User/main.c\" \\ --anchor '#include \"d601_lcd.h\"' \\ --line '#include \"d601_arm2d_demo.h\"' \\ --hwpod-id d601-f103-v2 \\ --workspace-path \"F:\\Work\\HWLAB-CASE-F103\\.worktree\\caserun-d601-f103-v2-arm2d-integration-20260608131849-6756a891\" 2>&1",
        "bodyPreview": "'export PATH=\"$PWD/tools:$PATH\" && hwpod workspace insert-after '\"\\ --path \"projects/01_baseline/User/main.c\" \\ --anchor '#include \"d601_lcd.h\"' \\ --line '#include \"d601_arm2d_demo.h\"' \\ --hwpod-id d601-f103-v2 \\ --workspace-path \"F:\\Work\\HWLAB-CASE-F103\\.worktree\\caserun-d601-f103-v2-arm2d-integration-20260608131849-6756a891\" 2>&1\"\nstdout:\n{ \"ok\": true, \"action\": \"hwpod-cli.invoke\", \"status\": \"completed\", \"specPath\": \"hwpod://d601-f103-v2\", \"hwpodId\": \"d601-f103-v2\", \"specAuthority\": \"preinstalled-verified-spec\", \"intent\": \"workspace.insert-after\", \"contractVersion\": \"hwpod-node-ops-v1\", \"compilerInvocation\": { \"compiler\": \"hwpod-compiler-cli\", \"mode\": \"in-process\", \"entrypoint\": \"tools/src/hwpod-harness-lib.ts\", \"argv\": [ \"compile\", \"--hwpod-id\", \"d601-f103-v2\", \"--intent\", \"workspace.insert-after\", \"--args\", \"<json>\" ], \"exitCode\": 0, \"action\": \"hwpod-compiler.compile\", \"contractVersion\": \"hwpod-node-ops-v1\", \"planId\": \"hwp...\nexitCode=0",
        "exitCode": 0
      },
      {
        "source": "trace-row",
        "seq": 13577,
        "rowId": "tool:call_00_K5VApzVY1FforDb9DdUi0226",
        "header": "13:23:43 total=00:04:45 ok commandExecution",
        "command": "'export PATH=\"$PWD/tools:$PATH\" && hwpod build '\"\\ --hwpod-id d601-f103-v2 \\ --workspace-path \"F:\\Work\\HWLAB-CASE-F103\\.worktree\\caserun-d601-f103-v2-arm2d-integration-20260608131849-6756a891\" \\ --target USART 2>&1\"",
        "normalizedCommand": "hwpod build '\"\\ --hwpod-id d601-f103-v2 \\ --workspace-path \"F:\\Work\\HWLAB-CASE-F103\\.worktree\\caserun-d601-f103-v2-arm2d-integration-20260608131849-6756a891\" \\ --target USART 2>&1",
        "bodyPreview": "'export PATH=\"$PWD/tools:$PATH\" && hwpod build '\"\\ --hwpod-id d601-f103-v2 \\ --workspace-path \"F:\\Work\\HWLAB-CASE-F103\\.worktree\\caserun-d601-f103-v2-arm2d-integration-20260608131849-6756a891\" \\ --target USART 2>&1\"\nstdout:\n{ \"ok\": true, \"action\": \"hwpod-cli.invoke\", \"status\": \"completed\", \"specPath\": \"hwpod://d601-f103-v2\", \"hwpodId\": \"d601-f103-v2\", \"specAuthority\": \"preinstalled-verified-spec\", \"intent\": \"debug.build\", \"contractVersion\": \"hwpod-node-ops-v1\", \"compilerInvocation\": { \"compiler\": \"hwpod-compiler-cli\", \"mode\": \"in-process\", \"entrypoint\": \"tools/src/hwpod-harness-lib.ts\", \"argv\": [ \"compile\", \"--hwpod-id\", \"d601-f103-v2\", \"--intent\", \"debug.build\", \"--args\", \"<json>\" ], \"exitCode\": 0, \"action\": \"hwpod-compiler.compile\", \"contractVersion\": \"hwpod-node-ops-v1\", \"planId\": \"hwpod_plan_166b38bf-3958-...\nexitCode=0",
        "exitCode": 0
      },
      {
        "source": "trace-row",
        "seq": 11895,
        "rowId": "tool:call_01_qLmhfwfhWucUrLGfSYkf7006",
        "header": "13:20:03 total=00:01:04 ok commandExecution",
        "command": "'export PATH=\"$PWD/tools:$PATH\" && hwpod workspace ls --hwpod-id d601-f103-v2 --workspace-path \"F:'\"\\Work\\HWLAB-CASE-F103\\.worktree\\caserun-d601-f103-v2-arm2d-integration-20260608131849-6756a891\" projects/01_baseline/Middlewares/Arm-2D/Acceleration/arm-2d/ 2>&1\"",
        "normalizedCommand": "hwpod workspace ls --hwpod-id d601-f103-v2 --workspace-path \"F:'\"\\Work\\HWLAB-CASE-F103\\.worktree\\caserun-d601-f103-v2-arm2d-integration-20260608131849-6756a891\" projects/01_baseline/Middlewares/Arm-2D/Acceleration/arm-2d/ 2>&1",
        "bodyPreview": "'export PATH=\"$PWD/tools:$PATH\" && hwpod workspace ls --hwpod-id d601-f103-v2 --workspace-path \"F:'\"\\Work\\HWLAB-CASE-F103\\.worktree\\caserun-d601-f103-v2-arm2d-integration-20260608131849-6756a891\" projects/01_baseline/Middlewares/Arm-2D/Acceleration/arm-2d/ 2>&1\"\nstdout:\n{ \"ok\": false, \"action\": \"hwpod-cli.invoke\", \"status\": \"failed\", \"specPath\": \"hwpod://d601-f103-v2\", \"hwpodId\": \"d601-f103-v2\", \"specAuthority\": \"preinstalled-verified-spec\", \"intent\": \"workspace.ls\", \"contractVersion\": \"hwpod-node-ops-v1\", \"compilerInvocation\": { \"compiler\": \"hwpod-compiler-cli\", \"mode\": \"in-process\", \"entrypoint\": \"tools/src/hwpod-harness-lib.ts\", \"argv\": [ \"compile\", \"--hwpod-id\", \"d601-f103-v2\", \"--intent\", \"workspace.ls\", \"--args\", \"<json>\" ], \"exitCode\": 0, \"action\": \"hwpod-compiler.compile\", \"contractVersion\": \"hwpod-node-ops-v1\", \"planId\": \"hwpod_plan_a9b2870c-1039-...\nexitCode=1",
        "exitCode": 1
      },
      {
        "source": "trace-row",
        "seq": 11896,
        "rowId": "tool:call_00_d5Gor8AeMPezZc6wnl3p1181",
        "header": "13:20:03 total=00:01:04 ok commandExecution",
        "command": "'export PATH=\"$PWD/tools:$PATH\" && hwpod workspace ls --hwpod-id d601-f103-v2 --workspace-path \"F:'\"\\Work\\HWLAB-CASE-F103\\.worktree\\caserun-d601-f103-v2-arm2d-integration-20260608131849-6756a891\" projects/01_baseline/Middlewares/Arm-2D/Acceleration/ 2>&1\"",
        "normalizedCommand": "hwpod workspace ls --hwpod-id d601-f103-v2 --workspace-path \"F:'\"\\Work\\HWLAB-CASE-F103\\.worktree\\caserun-d601-f103-v2-arm2d-integration-20260608131849-6756a891\" projects/01_baseline/Middlewares/Arm-2D/Acceleration/ 2>&1",
        "bodyPreview": "'export PATH=\"$PWD/tools:$PATH\" && hwpod workspace ls --hwpod-id d601-f103-v2 --workspace-path \"F:'\"\\Work\\HWLAB-CASE-F103\\.worktree\\caserun-d601-f103-v2-arm2d-integration-20260608131849-6756a891\" projects/01_baseline/Middlewares/Arm-2D/Acceleration/ 2>&1\"\nstdout:\n{ \"ok\": true, \"action\": \"hwpod-cli.invoke\", \"status\": \"completed\", \"specPath\": \"hwpod://d601-f103-v2\", \"hwpodId\": \"d601-f103-v2\", \"specAuthority\": \"preinstalled-verified-spec\", \"intent\": \"workspace.ls\", \"contractVersion\": \"hwpod-node-ops-v1\", \"compilerInvocation\": { \"compiler\": \"hwpod-compiler-cli\", \"mode\": \"in-process\", \"entrypoint\": \"tools/src/hwpod-harness-lib.ts\", \"argv\": [ \"compile\", \"--hwpod-id\", \"d601-f103-v2\", \"--intent\", \"workspace.ls\", \"--args\", \"<json>\" ], \"exitCode\": 0, \"action\": \"hwpod-compiler.compile\", \"contractVersion\": \"hwpod-node-ops-v1\", \"planId\": \"hwpod_plan_4649498c-d17...\nexitCode=0",
        "exitCode": 0
      },
      {
        "source": "trace-row",
        "seq": 11899,
        "rowId": "tool:call_00_Kf1p7UbIFNopyeazdNVQ1569",
        "header": "13:20:07 total=00:01:08 ok commandExecution",
        "command": "'export PATH=\"$PWD/tools:$PATH\" && hwpod workspace ls --hwpod-id d601-f103-v2 --workspace-path \"F:'\"\\Work\\HWLAB-CASE-F103\\.worktree\\caserun-d601-f103-v2-arm2d-integration-20260608131849-6756a891\" projects/01_baseline/Middlewares/Arm-2D/Acceleration/Arm/ 2>&1\"",
        "normalizedCommand": "hwpod workspace ls --hwpod-id d601-f103-v2 --workspace-path \"F:'\"\\Work\\HWLAB-CASE-F103\\.worktree\\caserun-d601-f103-v2-arm2d-integration-20260608131849-6756a891\" projects/01_baseline/Middlewares/Arm-2D/Acceleration/Arm/ 2>&1",
        "bodyPreview": "'export PATH=\"$PWD/tools:$PATH\" && hwpod workspace ls --hwpod-id d601-f103-v2 --workspace-path \"F:'\"\\Work\\HWLAB-CASE-F103\\.worktree\\caserun-d601-f103-v2-arm2d-integration-20260608131849-6756a891\" projects/01_baseline/Middlewares/Arm-2D/Acceleration/Arm/ 2>&1\"\nstdout:\n{ \"ok\": true, \"action\": \"hwpod-cli.invoke\", \"status\": \"completed\", \"specPath\": \"hwpod://d601-f103-v2\", \"hwpodId\": \"d601-f103-v2\", \"specAuthority\": \"preinstalled-verified-spec\", \"intent\": \"workspace.ls\", \"contractVersion\": \"hwpod-node-ops-v1\", \"compilerInvocation\": { \"compiler\": \"hwpod-compiler-cli\", \"mode\": \"in-process\", \"entrypoint\": \"tools/src/hwpod-harness-lib.ts\", \"argv\": [ \"compile\", \"--hwpod-id\", \"d601-f103-v2\", \"--intent\", \"workspace.ls\", \"--args\", \"<json>\" ], \"exitCode\": 0, \"action\": \"hwpod-compiler.compile\", \"contractVersion\": \"hwpod-node-ops-v1\", \"planId\": \"hwpod_plan_96d11e5c-0d6...\nexitCode=0",
        "exitCode": 0
      },
      {
        "source": "trace-row",
        "seq": 11902,
        "rowId": "tool:call_00_UPMoD0HnBUc81eYmheW23307",
        "header": "13:20:11 total=00:01:12 ok commandExecution",
        "command": "'export PATH=\"$PWD/tools:$PATH\" && hwpod workspace ls --hwpod-id d601-f103-v2 --workspace-path \"F:'\"\\Work\\HWLAB-CASE-F103\\.worktree\\caserun-d601-f103-v2-arm2d-integration-20260608131849-6756a891\" projects/01_baseline/Middlewares/Arm-2D/Acceleration/Arm/ACI/ 2>&1\"",
        "normalizedCommand": "hwpod workspace ls --hwpod-id d601-f103-v2 --workspace-path \"F:'\"\\Work\\HWLAB-CASE-F103\\.worktree\\caserun-d601-f103-v2-arm2d-integration-20260608131849-6756a891\" projects/01_baseline/Middlewares/Arm-2D/Acceleration/Arm/ACI/ 2>&1",
        "bodyPreview": "'export PATH=\"$PWD/tools:$PATH\" && hwpod workspace ls --hwpod-id d601-f103-v2 --workspace-path \"F:'\"\\Work\\HWLAB-CASE-F103\\.worktree\\caserun-d601-f103-v2-arm2d-integration-20260608131849-6756a891\" projects/01_baseline/Middlewares/Arm-2D/Acceleration/Arm/ACI/ 2>&1\"\nstdout:\n{ \"ok\": true, \"action\": \"hwpod-cli.invoke\", \"status\": \"completed\", \"specPath\": \"hwpod://d601-f103-v2\", \"hwpodId\": \"d601-f103-v2\", \"specAuthority\": \"preinstalled-verified-spec\", \"intent\": \"workspace.ls\", \"contractVersion\": \"hwpod-node-ops-v1\", \"compilerInvocation\": { \"compiler\": \"hwpod-compiler-cli\", \"mode\": \"in-process\", \"entrypoint\": \"tools/src/hwpod-harness-lib.ts\", \"argv\": [ \"compile\", \"--hwpod-id\", \"d601-f103-v2\", \"--intent\", \"workspace.ls\", \"--args\", \"<json>\" ], \"exitCode\": 0, \"action\": \"hwpod-compiler.compile\", \"contractVersion\": \"hwpod-node-ops-v1\", \"planId\": \"hwpod_plan_7098b87d-7b5...\nexitCode=0",
        "exitCode": 0
      },
      {
        "source": "trace-row",
        "seq": 11906,
        "rowId": "tool:call_00_144plyBU10flZQraOwEx4794",
        "header": "13:20:16 total=00:01:18 ok commandExecution",
        "command": "'export PATH=\"$PWD/tools:$PATH\" && hwpod workspace rg \"arm_2d'\"\\.h\" --hwpod-id d601-f103-v2 --workspace-path \"F:\\Work\\HWLAB-CASE-F103\\.worktree\\caserun-d601-f103-v2-arm2d-integration-20260608131849-6756a891\" --context 0 --max-matches 30 projects/ 2>&1\"",
        "normalizedCommand": "hwpod workspace rg \"arm_2d'\"\\.h\" --hwpod-id d601-f103-v2 --workspace-path \"F:\\Work\\HWLAB-CASE-F103\\.worktree\\caserun-d601-f103-v2-arm2d-integration-20260608131849-6756a891\" --context 0 --max-matches 30 projects/ 2>&1",
        "bodyPreview": "'export PATH=\"$PWD/tools:$PATH\" && hwpod workspace rg \"arm_2d'\"\\.h\" --hwpod-id d601-f103-v2 --workspace-path \"F:\\Work\\HWLAB-CASE-F103\\.worktree\\caserun-d601-f103-v2-arm2d-integration-20260608131849-6756a891\" --context 0 --max-matches 30 projects/ 2>&1\"\nstdout:\n{ \"ok\": true, \"action\": \"hwpod-cli.invoke\", \"status\": \"completed\", \"specPath\": \"hwpod://d601-f103-v2\", \"hwpodId\": \"d601-f103-v2\", \"specAuthority\": \"preinstalled-verified-spec\", \"intent\": \"workspace.rg\", \"contractVersion\": \"hwpod-node-ops-v1\", \"compilerInvocation\": { \"compiler\": \"hwpod-compiler-cli\", \"mode\": \"in-process\", \"entrypoint\": \"tools/src/hwpod-harness-lib.ts\", \"argv\": [ \"compile\", \"--hwpod-id\", \"d601-f103-v2\", \"--intent\", \"workspace.rg\", \"--args\", \"<json>\" ], \"exitCode\": 0, \"action\": \"hwpod-compiler.compile\", \"contractVersion\": \"hwpod-node-ops-v1\", \"planId\": \"hwpod_plan_794e29c1-f89...\nexitCode=0",
        "exitCode": 0
      },
      {
        "source": "trace-row",
        "seq": 11913,
        "rowId": "tool:call_00_AXJ16092gUVj0urIC3NS8772",
        "header": "13:20:22 total=00:01:23 ok commandExecution",
        "command": "'export PATH=\"$PWD/tools:$PATH\" && hwpod workspace cat projects/01_baseline/Middlewares/Arm-2D/Library/Include/arm_2d.h --hwpod-id d601-f103-v2 --workspace-path \"F:'\"\\Work\\HWLAB-CASE-F103\\.worktree\\caserun-d601-f103-v2-arm2d-integration-20260608131849-6756a891\" 2>&1 | head -200\"",
        "normalizedCommand": "hwpod workspace cat projects/01_baseline/Middlewares/Arm-2D/Library/Include/arm_2d.h --hwpod-id d601-f103-v2 --workspace-path \"F:'\"\\Work\\HWLAB-CASE-F103\\.worktree\\caserun-d601-f103-v2-arm2d-integration-20260608131849-6756a891\" 2>&1 | head -200",
        "bodyPreview": "'export PATH=\"$PWD/tools:$PATH\" && hwpod workspace cat projects/01_baseline/Middlewares/Arm-2D/Library/Include/arm_2d.h --hwpod-id d601-f103-v2 --workspace-path \"F:'\"\\Work\\HWLAB-CASE-F103\\.worktree\\caserun-d601-f103-v2-arm2d-integration-20260608131849-6756a891\" 2>&1 | head -200\"\nstdout:\n{ \"ok\": true, \"action\": \"hwpod-cli.invoke\", \"status\": \"completed\", \"specPath\": \"hwpod://d601-f103-v2\", \"hwpodId\": \"d601-f103-v2\", \"specAuthority\": \"preinstalled-verified-spec\", \"intent\": \"workspace.cat\", \"contractVersion\": \"hwpod-node-ops-v1\", \"compilerInvocation\": { \"compiler\": \"hwpod-compiler-cli\", \"mode\": \"in-process\", \"entrypoint\": \"tools/src/hwpod-harness-lib.ts\", \"argv\": [ \"compile\", \"--hwpod-id\", \"d601-f103-v2\", \"--intent\", \"workspace.cat\", \"--args\", \"<json>\" ], \"exitCode\": 0, \"action\": \"hwpod-compiler.compile\", \"contractVersion\": \"hwpod-node-ops-v1\", \"planId\": \"hwpod_plan_02ff4f09-9...\nexitCode=0",
        "exitCode": 0
      },
      {
        "source": "trace-row",
        "seq": 11914,
        "rowId": "tool:call_01_KWGOgpuID0PC6TtoJjd50700",
        "header": "13:20:22 total=00:01:23 ok commandExecution",
        "command": "'export PATH=\"$PWD/tools:$PATH\" && hwpod workspace rg \"arm_2d_types'\"\\.h\" --hwpod-id d601-f103-v2 --workspace-path \"F:\\Work\\HWLAB-CASE-F103\\.worktree\\caserun-d601-f103-v2-arm2d-integration-20260608131849-6756a891\" --context 0 --max-matches 10 projects/ 2>&1 | grep -E \":(text|line)\" \"",
        "normalizedCommand": "hwpod workspace rg \"arm_2d_types'\"\\.h\" --hwpod-id d601-f103-v2 --workspace-path \"F:\\Work\\HWLAB-CASE-F103\\.worktree\\caserun-d601-f103-v2-arm2d-integration-20260608131849-6756a891\" --context 0 --max-matches 10 projects/ 2>&1 | grep -E \":(text|line)\"",
        "bodyPreview": "'export PATH=\"$PWD/tools:$PATH\" && hwpod workspace rg \"arm_2d_types'\"\\.h\" --hwpod-id d601-f103-v2 --workspace-path \"F:\\Work\\HWLAB-CASE-F103\\.worktree\\caserun-d601-f103-v2-arm2d-integration-20260608131849-6756a891\" --context 0 --max-matches 10 projects/ 2>&1 | grep -E \":(text|line)\" \"\nstdout:\ncommandExecution failed: /bin/sh -lc 'export PATH=\"$PWD/tools:$PATH\" && hwpod workspace rg \"arm_2d_types'\"\\\\.h\\\" --hwpod-id d601-f103-v2 --workspace-path \\\"F:\\\\Work\\\\HWLAB-CASE-F103\\\\.worktree\\\\caserun-d601-f103-v2-arm2d-integration-20260608131849-6756a891\\\" --context 0 --max-matches 10 projects/ 2>&1 | grep -E \\\":(text|line)\\\" \" exit=1 durationMs=604\nexitCode=1",
        "exitCode": 1
      },
      {
        "source": "trace-row",
        "seq": 11924,
        "rowId": "tool:call_00_dmGTJlNnKPeuXmhEgnCZ8031",
        "header": "13:20:27 total=00:01:28 ok commandExecution",
        "command": "'export PATH=\"$PWD/tools:$PATH\" && hwpod workspace cat projects/01_baseline/Middlewares/Arm-2D/Library/Include/arm_2d_types.h --hwpod-id d601-f103-v2 --workspace-path \"F:'\"\\Work\\HWLAB-CASE-F103\\.worktree\\caserun-d601-f103-v2-arm2d-integration-20260608131849-6756a891\" 2>&1\"",
        "normalizedCommand": "hwpod workspace cat projects/01_baseline/Middlewares/Arm-2D/Library/Include/arm_2d_types.h --hwpod-id d601-f103-v2 --workspace-path \"F:'\"\\Work\\HWLAB-CASE-F103\\.worktree\\caserun-d601-f103-v2-arm2d-integration-20260608131849-6756a891\" 2>&1",
        "bodyPreview": "'export PATH=\"$PWD/tools:$PATH\" && hwpod workspace cat projects/01_baseline/Middlewares/Arm-2D/Library/Include/arm_2d_types.h --hwpod-id d601-f103-v2 --workspace-path \"F:'\"\\Work\\HWLAB-CASE-F103\\.worktree\\caserun-d601-f103-v2-arm2d-integration-20260608131849-6756a891\" 2>&1\"\nstdout:\n{ \"ok\": true, \"action\": \"hwpod-cli.invoke\", \"status\": \"completed\", \"specPath\": \"hwpod://d601-f103-v2\", \"hwpodId\": \"d601-f103-v2\", \"specAuthority\": \"preinstalled-verified-spec\", \"intent\": \"workspace.cat\", \"contractVersion\": \"hwpod-node-ops-v1\", \"compilerInvocation\": { \"compiler\": \"hwpod-compiler-cli\", \"mode\": \"in-process\", \"entrypoint\": \"tools/src/hwpod-harness-lib.ts\", \"argv\": [ \"compile\", \"--hwpod-id\", \"d601-f103-v2\", \"--intent\", \"workspace.cat\", \"--args\", \"<json>\" ], \"exitCode\": 0, \"action\": \"hwpod-compiler.compile\", \"contractVersion\": \"hwpod-node-ops-v1\", \"planId\": \"hwpod_plan_83c0e3d6-a...\nexitCode=0",
        "exitCode": 0
      },
      {
        "source": "trace-row",
        "seq": 11932,
        "rowId": "tool:call_02_sVlm8IRnzFHTHOWuIFFV9082",
        "header": "13:20:33 total=00:01:35 ok commandExecution",
        "command": "'export PATH=\"$PWD/tools:$PATH\" && hwpod workspace rg \"arm_2d_rgb16_fill_colour\" --hwpod-id d601-f103-v2 --workspace-path \"F:'\"\\Work\\HWLAB-CASE-F103\\.worktree\\caserun-d601-f103-v2-arm2d-integration-20260608131849-6756a891\" --context 5 --max-matches 10 projects/01_baseline/Middlewares/Arm-2D/Library/Include/ 2>&1\"",
        "normalizedCommand": "hwpod workspace rg \"arm_2d_rgb16_fill_colour\" --hwpod-id d601-f103-v2 --workspace-path \"F:'\"\\Work\\HWLAB-CASE-F103\\.worktree\\caserun-d601-f103-v2-arm2d-integration-20260608131849-6756a891\" --context 5 --max-matches 10 projects/01_baseline/Middlewares/Arm-2D/Library/Include/ 2>&1",
        "bodyPreview": "'export PATH=\"$PWD/tools:$PATH\" && hwpod workspace rg \"arm_2d_rgb16_fill_colour\" --hwpod-id d601-f103-v2 --workspace-path \"F:'\"\\Work\\HWLAB-CASE-F103\\.worktree\\caserun-d601-f103-v2-arm2d-integration-20260608131849-6756a891\" --context 5 --max-matches 10 projects/01_baseline/Middlewares/Arm-2D/Library/Include/ 2>&1\"\nstdout:\n{ \"ok\": true, \"action\": \"hwpod-cli.invoke\", \"status\": \"completed\", \"specPath\": \"hwpod://d601-f103-v2\", \"hwpodId\": \"d601-f103-v2\", \"specAuthority\": \"preinstalled-verified-spec\", \"intent\": \"workspace.rg\", \"contractVersion\": \"hwpod-node-ops-v1\", \"compilerInvocation\": { \"compiler\": \"hwpod-compiler-cli\", \"mode\": \"in-process\", \"entrypoint\": \"tools/src/hwpod-harness-lib.ts\", \"argv\": [ \"compile\", \"--hwpod-id\", \"d601-f103-v2\", \"--intent\", \"workspace.rg\", \"--args\", \"<json>\" ], \"exitCode\": 0, \"action\": \"hwpod-compiler.compile\", \"contractVersion\": \"hwpod-node-ops-v1\", \"planId\": \"hwpod_plan_9e3e38f4-1ff...\nexitCode=0",
        "exitCode": 0
      },
      {
        "source": "trace-row",
        "seq": 11933,
        "rowId": "tool:call_01_hKIF1KwazG8ssBgw3wu21147",
        "header": "13:20:33 total=00:01:35 ok commandExecution",
        "command": "'export PATH=\"$PWD/tools:$PATH\" && hwpod workspace rg \"typedef struct arm_2d_region_t\" --hwpod-id d601-f103-v2 --workspace-path \"F:'\"\\Work\\HWLAB-CASE-F103\\.worktree\\caserun-d601-f103-v2-arm2d-integration-20260608131849-6756a891\" --context 10 --max-matches 5 projects/01_baseline/Middlewares/Arm-2D/Library/Include/ 2>&1\"",
        "normalizedCommand": "hwpod workspace rg \"typedef struct arm_2d_region_t\" --hwpod-id d601-f103-v2 --workspace-path \"F:'\"\\Work\\HWLAB-CASE-F103\\.worktree\\caserun-d601-f103-v2-arm2d-integration-20260608131849-6756a891\" --context 10 --max-matches 5 projects/01_baseline/Middlewares/Arm-2D/Library/Include/ 2>&1",
        "bodyPreview": "'export PATH=\"$PWD/tools:$PATH\" && hwpod workspace rg \"typedef struct arm_2d_region_t\" --hwpod-id d601-f103-v2 --workspace-path \"F:'\"\\Work\\HWLAB-CASE-F103\\.worktree\\caserun-d601-f103-v2-arm2d-integration-20260608131849-6756a891\" --context 10 --max-matches 5 projects/01_baseline/Middlewares/Arm-2D/Library/Include/ 2>&1\"\nstdout:\n{ \"ok\": true, \"action\": \"hwpod-cli.invoke\", \"status\": \"completed\", \"specPath\": \"hwpod://d601-f103-v2\", \"hwpodId\": \"d601-f103-v2\", \"specAuthority\": \"preinstalled-verified-spec\", \"intent\": \"workspace.rg\", \"contractVersion\": \"hwpod-node-ops-v1\", \"compilerInvocation\": { \"compiler\": \"hwpod-compiler-cli\", \"mode\": \"in-process\", \"entrypoint\": \"tools/src/hwpod-harness-lib.ts\", \"argv\": [ \"compile\", \"--hwpod-id\", \"d601-f103-v2\", \"--intent\", \"workspace.rg\", \"--args\", \"<json>\" ], \"exitCode\": 0, \"action\": \"hwpod-compiler.compile\", \"contractVersion\": \"hwpod-node-ops-v1\", \"planId\": \"hwpod_plan_4e56e1e5-53a...\nexitCode=0",
        "exitCode": 0
      },
      {
        "source": "trace-row",
        "seq": 12072,
        "rowId": "tool:call_00_kqvQJwzDo9G8HkNVl3Pn2420",
        "header": "13:19:48 total=00:00:49 ok commandExecution",
        "command": "'export PATH=\"$PWD/tools:$PATH\" && hwpod workspace cat projects/01_baseline/User/d601_arm2d_demo.c --hwpod-id d601-f103-v2 --workspace-path \"F:'\"\\Work\\HWLAB-CASE-F103\\.worktree\\caserun-d601-f103-v2-arm2d-integration-20260608131849-6756a891\"\"",
        "normalizedCommand": "hwpod workspace cat projects/01_baseline/User/d601_arm2d_demo.c --hwpod-id d601-f103-v2 --workspace-path \"F:'\"\\Work\\HWLAB-CASE-F103\\.worktree\\caserun-d601-f103-v2-arm2d-integration-20260608131849-6756a891\"",
        "bodyPreview": "'export PATH=\"$PWD/tools:$PATH\" && hwpod workspace cat projects/01_baseline/User/d601_arm2d_demo.c --hwpod-id d601-f103-v2 --workspace-path \"F:'\"\\Work\\HWLAB-CASE-F103\\.worktree\\caserun-d601-f103-v2-arm2d-integration-20260608131849-6756a891\"\"\nstdout:\n{ \"ok\": true, \"action\": \"hwpod-cli.invoke\", \"status\": \"completed\", \"specPath\": \"hwpod://d601-f103-v2\", \"hwpodId\": \"d601-f103-v2\", \"specAuthority\": \"preinstalled-verified-spec\", \"intent\": \"workspace.cat\", \"contractVersion\": \"hwpod-node-ops-v1\", \"compilerInvocation\": { \"compiler\": \"hwpod-compiler-cli\", \"mode\": \"in-process\", \"entrypoint\": \"tools/src/hwpod-harness-lib.ts\", \"argv\": [ \"compile\", \"--hwpod-id\", \"d601-f103-v2\", \"--intent\", \"workspace.cat\", \"--args\", \"<json>\" ], \"exitCode\": 0, \"action\": \"hwpod-compiler.compile\", \"contractVersion\": \"hwpod-node-ops-v1\", \"planId\": \"hwpod_plan_182acba2-0...\nexitCode=0",
        "exitCode": 0
      },
      {
        "source": "trace-row",
        "seq": 12075,
        "rowId": "tool:call_00_oSoWcwuaUiUxdlc8tU7V4220",
        "header": "13:19:53 total=00:00:55 ok commandExecution",
        "command": "'export PATH=\"$PWD/tools:$PATH\" && hwpod workspace ls --hwpod-id d601-f103-v2 --workspace-path \"F:'\"\\Work\\HWLAB-CASE-F103\\.worktree\\caserun-d601-f103-v2-arm2d-integration-20260608131849-6756a891\" projects/01_baseline/Middlewares/\"",
        "normalizedCommand": "hwpod workspace ls --hwpod-id d601-f103-v2 --workspace-path \"F:'\"\\Work\\HWLAB-CASE-F103\\.worktree\\caserun-d601-f103-v2-arm2d-integration-20260608131849-6756a891\" projects/01_baseline/Middlewares/",
        "bodyPreview": "'export PATH=\"$PWD/tools:$PATH\" && hwpod workspace ls --hwpod-id d601-f103-v2 --workspace-path \"F:'\"\\Work\\HWLAB-CASE-F103\\.worktree\\caserun-d601-f103-v2-arm2d-integration-20260608131849-6756a891\" projects/01_baseline/Middlewares/\"\nstdout:\n{ \"ok\": true, \"action\": \"hwpod-cli.invoke\", \"status\": \"completed\", \"specPath\": \"hwpod://d601-f103-v2\", \"hwpodId\": \"d601-f103-v2\", \"specAuthority\": \"preinstalled-verified-spec\", \"intent\": \"workspace.ls\", \"contractVersion\": \"hwpod-node-ops-v1\", \"compilerInvocation\": { \"compiler\": \"hwpod-compiler-cli\", \"mode\": \"in-process\", \"entrypoint\": \"tools/src/hwpod-harness-lib.ts\", \"argv\": [ \"compile\", \"--hwpod-id\", \"d601-f103-v2\", \"--intent\", \"workspace.ls\", \"--args\", \"<json>\" ], \"exitCode\": 0, \"action\": \"hwpod-compiler.compile\", \"contractVersion\": \"hwpod-node-ops-v1\", \"planId\": \"hwpod_plan_741b7a98-e67...\nexitCode=0",
        "exitCode": 0
      },
      {
        "source": "trace-row",
        "seq": 12078,
        "rowId": "tool:call_00_fQJTAiFfRICglgSNthSQ7968",
        "header": "13:19:58 total=00:00:59 ok commandExecution",
        "command": "'export PATH=\"$PWD/tools:$PATH\" && hwpod workspace ls --hwpod-id d601-f103-v2 --workspace-path \"F:'\"\\Work\\HWLAB-CASE-F103\\.worktree\\caserun-d601-f103-v2-arm2d-integration-20260608131849-6756a891\" projects/01_baseline/Middlewares/Arm-2D/ 2>&1 | head -80\"",
        "normalizedCommand": "hwpod workspace ls --hwpod-id d601-f103-v2 --workspace-path \"F:'\"\\Work\\HWLAB-CASE-F103\\.worktree\\caserun-d601-f103-v2-arm2d-integration-20260608131849-6756a891\" projects/01_baseline/Middlewares/Arm-2D/ 2>&1 | head -80",
        "bodyPreview": "'export PATH=\"$PWD/tools:$PATH\" && hwpod workspace ls --hwpod-id d601-f103-v2 --workspace-path \"F:'\"\\Work\\HWLAB-CASE-F103\\.worktree\\caserun-d601-f103-v2-arm2d-integration-20260608131849-6756a891\" projects/01_baseline/Middlewares/Arm-2D/ 2>&1 | head -80\"\nstdout:\n{ \"ok\": true, \"action\": \"hwpod-cli.invoke\", \"status\": \"completed\", \"specPath\": \"hwpod://d601-f103-v2\", \"hwpodId\": \"d601-f103-v2\", \"specAuthority\": \"preinstalled-verified-spec\", \"intent\": \"workspace.ls\", \"contractVersion\": \"hwpod-node-ops-v1\", \"compilerInvocation\": { \"compiler\": \"hwpod-compiler-cli\", \"mode\": \"in-process\", \"entrypoint\": \"tools/src/hwpod-harness-lib.ts\", \"argv\": [ \"compile\", \"--hwpod-id\", \"d601-f103-v2\", \"--intent\", \"workspace.ls\", \"--args\", \"<json>\" ], \"exitCode\": 0, \"action\": \"hwpod-compiler.compile\", \"contractVersion\": \"hwpod-node-ops-v1\", \"planId\": \"hwpod_plan_07add02c-842...\nexitCode=0",
        "exitCode": 0
      },
      {
        "source": "trace-row",
        "seq": 12189,
        "rowId": "tool:call_00_6w01hVCBE2aoDgDIL5z96542",
        "header": "13:23:22 total=00:04:23 ok commandExecution",
        "command": "'export PATH=\"$PWD/tools:$PATH\" && cat > /tmp/new_demo.c << '\"'ENDCODE' #include \"d601_arm2d_demo.h\" #include \"d601_lcd.h\" #include \"stm32f1xx_hal.h\" #include \"arm_2d.h\" #include <stdint.h> #include <string.h> #include <stdio.h> #define D601_ARM2D_PFB_WIDTH 240U #define D601_ARM2D_PFB_LINES 32U #define D601_RGB565(__R, __G, __B) \\ (uint16_t)((((uint16_t)(__R) & 0xF8U) << 8) | \\ (((uint16_t)(__G) & 0xFCU) << 3) | \\ ((uint16_t)(__B) >> 3)) #define D601_C_BG D601_RGB565( 2, 12, 28) #define D601_C_BANNER D601_RGB565( 6, 76, 118) #define D601_C_CARD D601_RGB565( 8, 36, 54) #define D601_C_PANEL D601_RGB565( 18, 34, 40) #define D601_C_FOOT D601_RGB565( 4, 22, 34) #define D601_C_AMBER D601_RGB565(248, 188, 54) #define D601_C_GREEN D601_RGB565( 44, 184, 118) #define D601_C_CYAN D601_RGB565( 42, 198, 216) #define D601_C_ORANGE D601_RGB565(238, 96, 54) #define D601_FPS_WIN...",
        "normalizedCommand": "export PATH=\"$PWD/tools:$PATH\" && cat > /tmp/new_demo.c << '\"'ENDCODE' #include \"d601_arm2d_demo.h\" #include \"d601_lcd.h\" #include \"stm32f1xx_hal.h\" #include \"arm_2d.h\" #include <stdint.h> #include <string.h> #include <stdio.h> #define D601_ARM2D_PFB_WIDTH 240U #define D601_ARM2D_PFB_LINES 32U #define D601_RGB565(__R, __G, __B) \\ (uint16_t)((((uint16_t)(__R) & 0xF8U) << 8) | \\ (((uint16_t)(__G) & 0xFCU) << 3) | \\ ((uint16_t)(__B) >> 3)) #define D601_C_BG D601_RGB565( 2, 12, 28) #define D601_C_BANNER D601_RGB565( 6, 76, 118) #define D601_C_CARD D601_RGB565( 8, 36, 54) #define D601_C_PANEL D601_RGB565( 18, 34, 40) #define D601_C_FOOT D601_RGB565( 4, 22, 34) #define D601_C_AMBER D601_RGB565(248, 188, 54) #define D601_C_GREEN D601_RGB565( 44, 184, 118) #define D601_C_CYAN D601_RGB565( 42, 198, 216) #define D601_C_ORANGE D601_RGB565(238, 96, 54) #define D601_FPS_WIN...",
        "bodyPreview": "'export PATH=\"$PWD/tools:$PATH\" && cat > /tmp/new_demo.c << '\"'ENDCODE' #include \"d601_arm2d_demo.h\" #include \"d601_lcd.h\" #include \"stm32f1xx_hal.h\" #include \"arm_2d.h\" #include <stdint.h> #include <string.h> #include <stdio.h> #define D601_ARM2D_PFB_WIDTH 240U #define D601_ARM2D_PFB_LINES 32U #define D601_RGB565(__R, __G, __B) \\ (uint16_t)((((uint16_t)(__R) & 0xF8U) << 8) | \\ (((uint16_t)(__G) & 0xFCU) << 3) | \\ ((uint16_t)(__B) >> 3)) #define D601_C_BG D601_RGB565( 2, 12, 28) #define D601_C_BANNER D601_RGB565( 6, 76, 118) #define D601_C_CARD D601_RGB565( 8, 36, 54) #define D601_C_PANEL D601_RGB565( 18, 34, 40) #define D601_C_FOOT D601_RGB565( 4, 22, 34) #define D601_C_AMBER D601_RGB565(248, 188, 54) #define D601_C_GREEN D601_RGB565( 44, 184, 118) #define D601_C_CYAN D601_RGB565( 42, 198, 216) #define D601_C_ORANGE D601_RGB565(238, 96, 54) #define D601_FPS_WIN...\nstdout:\nFile written: 6500 bytes\nexitCode=0",
        "exitCode": 0
      },
      {
        "source": "trace-row",
        "seq": 12383,
        "rowId": "tool:call_00_MTajHkjuB8ixh9WSF5qu6577",
        "header": "13:23:27 total=00:04:29 ok commandExecution",
        "command": "'export PATH=\"$PWD/tools:$PATH\" && hwpod workspace write '\"\\ --path \"projects/01_baseline/User/d601_arm2d_demo.c\" \\ --content \"\"'$(cat /tmp/new_demo.c)\" '\"\\ --hwpod-id d601-f103-v2 \\ --workspace-path \"F:\\Work\\HWLAB-CASE-F103\\.worktree\\caserun-d601-f103-v2-arm2d-integration-20260608131849-6756a891\" 2>&1\"",
        "normalizedCommand": "hwpod workspace write '\"\\ --path \"projects/01_baseline/User/d601_arm2d_demo.c\" \\ --content \"\"'$(cat /tmp/new_demo.c)\" '\"\\ --hwpod-id d601-f103-v2 \\ --workspace-path \"F:\\Work\\HWLAB-CASE-F103\\.worktree\\caserun-d601-f103-v2-arm2d-integration-20260608131849-6756a891\" 2>&1",
        "bodyPreview": "'export PATH=\"$PWD/tools:$PATH\" && hwpod workspace write '\"\\ --path \"projects/01_baseline/User/d601_arm2d_demo.c\" \\ --content \"\"'$(cat /tmp/new_demo.c)\" '\"\\ --hwpod-id d601-f103-v2 \\ --workspace-path \"F:\\Work\\HWLAB-CASE-F103\\.worktree\\caserun-d601-f103-v2-arm2d-integration-20260608131849-6756a891\" 2>&1\"\nstdout:\n{ \"ok\": true, \"action\": \"hwpod-cli.invoke\", \"status\": \"completed\", \"specPath\": \"hwpod://d601-f103-v2\", \"hwpodId\": \"d601-f103-v2\", \"specAuthority\": \"preinstalled-verified-spec\", \"intent\": \"workspace.write\", \"contractVersion\": \"hwpod-node-ops-v1\", \"compilerInvocation\": { \"compiler\": \"hwpod-compiler-cli\", \"mode\": \"in-process\", \"entrypoint\": \"tools/src/hwpod-harness-lib.ts\", \"argv\": [ \"compile\", \"--hwpod-id\", \"d601-f103-v2\", \"--intent\", \"workspace.write\", \"--args\", \"<json>\" ], \"exitCode\": 0, \"action\": \"hwpod-compiler.compile\", \"contractVersion\": \"hwpod-node-ops-v1\", \"planId\": \"hwpod_plan_1cd05d...\nexitCode=0",
        "exitCode": 0
      },
      {
        "source": "trace-row",
        "seq": 12775,
        "rowId": "tool:call_00_bEb2KBLd0k2QpDBxN1UX3869",
        "header": "13:23:33 total=00:04:34 ok commandExecution",
        "command": "'export PATH=\"$PWD/tools:$PATH\" && hwpod workspace rg \"''^void d601_arm2d_demo_task|''^static void arm2d_wait|''^static void arm2d_tile_bind|''^static void arm2d_fill_local\" --hwpod-id d601-f103-v2 --workspace-path \"F:'\"\\Work\\HWLAB-CASE-F103\\.worktree\\caserun-d601-f103-v2-arm2d-integration-20260608131849-6756a891\" --context 1 --max-matches 20 projects/01_baseline/User/d601_arm2d_demo.c 2>&1\"",
        "normalizedCommand": "hwpod workspace rg \"''^void d601_arm2d_demo_task|''^static void arm2d_wait|''^static void arm2d_tile_bind|''^static void arm2d_fill_local\" --hwpod-id d601-f103-v2 --workspace-path \"F:'\"\\Work\\HWLAB-CASE-F103\\.worktree\\caserun-d601-f103-v2-arm2d-integration-20260608131849-6756a891\" --context 1 --max-matches 20 projects/01_baseline/User/d601_arm2d_demo.c 2>&1",
        "bodyPreview": "'export PATH=\"$PWD/tools:$PATH\" && hwpod workspace rg \"''^void d601_arm2d_demo_task|''^static void arm2d_wait|''^static void arm2d_tile_bind|''^static void arm2d_fill_local\" --hwpod-id d601-f103-v2 --workspace-path \"F:'\"\\Work\\HWLAB-CASE-F103\\.worktree\\caserun-d601-f103-v2-arm2d-integration-20260608131849-6756a891\" --context 1 --max-matches 20 projects/01_baseline/User/d601_arm2d_demo.c 2>&1\"\nstdout:\n{ \"ok\": true, \"action\": \"hwpod-cli.invoke\", \"status\": \"completed\", \"specPath\": \"hwpod://d601-f103-v2\", \"hwpodId\": \"d601-f103-v2\", \"specAuthority\": \"preinstalled-verified-spec\", \"intent\": \"workspace.rg\", \"contractVersion\": \"hwpod-node-ops-v1\", \"compilerInvocation\": { \"compiler\": \"hwpod-compiler-cli\", \"mode\": \"in-process\", \"entrypoint\": \"tools/src/hwpod-harness-lib.ts\", \"argv\": [ \"compile\", \"--hwpod-id\", \"d601-f103-v2\", \"--intent\", \"workspace.rg\", \"--args\", \"<json>\" ], \"exitCode\": 0, \"action\": \"hwpod-compiler.compile\", \"contractVersion\": \"hwpod-node-ops-v1\", \"planId\": \"hwpod_plan_6d6e5dc9-e88...\nexitCode=0",
        "exitCode": 0
      },
      {
        "source": "trace-row",
        "seq": 14604,
        "rowId": "tool:call_00_BPtw23Oz5d9VH6WKWhm08753",
        "header": "13:23:59 total=00:05:01 ok commandExecution",
        "command": "'export PATH=\"$PWD/tools:$PATH\" && sleep 10 && hwpod job status 20260608_212341_709bfd89 --hwpod-id d601-f103-v2 --workspace-path \"F:'\"\\Work\\HWLAB-CASE-F103\\.worktree\\caserun-d601-f103-v2-arm2d-integration-20260608131849-6756a891\" 2>&1\"",
        "normalizedCommand": "hwpod job status 20260608_212341_709bfd89 --hwpod-id d601-f103-v2 --workspace-path \"F:'\"\\Work\\HWLAB-CASE-F103\\.worktree\\caserun-d601-f103-v2-arm2d-integration-20260608131849-6756a891\" 2>&1",
        "bodyPreview": "'export PATH=\"$PWD/tools:$PATH\" && sleep 10 && hwpod job status 20260608_212341_709bfd89 --hwpod-id d601-f103-v2 --workspace-path \"F:'\"\\Work\\HWLAB-CASE-F103\\.worktree\\caserun-d601-f103-v2-arm2d-integration-20260608131849-6756a891\" 2>&1\"\nstdout:\n{ \"ok\": true, \"action\": \"hwpod-cli.invoke\", \"status\": \"completed\", \"specPath\": \"hwpod://d601-f103-v2\", \"hwpodId\": \"d601-f103-v2\", \"specAuthority\": \"preinstalled-verified-spec\", \"intent\": \"debug.job-status\", \"contractVersion\": \"hwpod-node-ops-v1\", \"compilerInvocation\": { \"compiler\": \"hwpod-compiler-cli\", \"mode\": \"in-process\", \"entrypoint\": \"tools/src/hwpod-harness-lib.ts\", \"argv\": [ \"compile\", \"--hwpod-id\", \"d601-f103-v2\", \"--intent\", \"debug.job-status\", \"--args\", \"<json>\" ], \"exitCode\": 0, \"action\": \"hwpod-compiler.compile\", \"contractVersion\": \"hwpod-node-ops-v1\", \"planId\": \"hwpod_plan_1a60...\nexitCode=0",
        "exitCode": 0
      },
      {
        "source": "trace-row",
        "seq": 15229,
        "rowId": "tool:call_00_R3mV3icKJgapr2ekGT420187",
        "header": "13:24:09 total=00:05:10 ok commandExecution",
        "command": "'export PATH=\"$PWD/tools:$PATH\" && hwpod workspace rg \"Program Size:|Error|Warning\" --hwpod-id d601-f103-v2 --workspace-path \"F:'\"\\Work\\HWLAB-CASE-F103\\.worktree\\caserun-d601-f103-v2-arm2d-integration-20260608131849-6756a891\" --context 2 --max-matches 50 projects/01_baseline/Projects/MDK-ARM/output/ 2>&1\"",
        "normalizedCommand": "hwpod workspace rg \"Program Size:|Error|Warning\" --hwpod-id d601-f103-v2 --workspace-path \"F:'\"\\Work\\HWLAB-CASE-F103\\.worktree\\caserun-d601-f103-v2-arm2d-integration-20260608131849-6756a891\" --context 2 --max-matches 50 projects/01_baseline/Projects/MDK-ARM/output/ 2>&1",
        "bodyPreview": "'export PATH=\"$PWD/tools:$PATH\" && hwpod workspace rg \"Program Size:|Error|Warning\" --hwpod-id d601-f103-v2 --workspace-path \"F:'\"\\Work\\HWLAB-CASE-F103\\.worktree\\caserun-d601-f103-v2-arm2d-integration-20260608131849-6756a891\" --context 2 --max-matches 50 projects/01_baseline/Projects/MDK-ARM/output/ 2>&1\"\nstdout:\n{ \"ok\": true, \"action\": \"hwpod-cli.invoke\", \"status\": \"completed\", \"specPath\": \"hwpod://d601-f103-v2\", \"hwpodId\": \"d601-f103-v2\", \"specAuthority\": \"preinstalled-verified-spec\", \"intent\": \"workspace.rg\", \"contractVersion\": \"hwpod-node-ops-v1\", \"compilerInvocation\": { \"compiler\": \"hwpod-compiler-cli\", \"mode\": \"in-process\", \"entrypoint\": \"tools/src/hwpod-harness-lib.ts\", \"argv\": [ \"compile\", \"--hwpod-id\", \"d601-f103-v2\", \"--intent\", \"workspace.rg\", \"--args\", \"<json>\" ], \"exitCode\": 0, \"action\": \"hwpod-compiler.compile\", \"contractVersion\": \"hwpod-node-ops-v1\", \"planId\": \"hwpod_plan_44e09056-af9...\nexitCode=0",
        "exitCode": 0
      },
      {
        "source": "trace-row",
        "seq": 16083,
        "rowId": "tool:call_00_ET_AoWOAnE9XULDZLxg8Xuq5462",
        "header": "13:24:20 total=00:05:21 ok commandExecution",
        "command": "'export PATH=\"$PWD/tools:$PATH\" && echo \"=== main.c diff ===\" && hwpod workspace rg \"''^#include|d601_arm2d_demo_show|d601_arm2d_demo_task\" --hwpod-id d601-f103-v2 --workspace-path \"F:'\"\\Work\\HWLAB-CASE-F103\\.worktree\\caserun-d601-f103-v2-arm2d-integration-20260608131849-6756a891\" --context 1 --max-matches 20 projects/01_baseline/User/main.c 2>&1\"",
        "normalizedCommand": "hwpod workspace rg \"''^#include|d601_arm2d_demo_show|d601_arm2d_demo_task\" --hwpod-id d601-f103-v2 --workspace-path \"F:'\"\\Work\\HWLAB-CASE-F103\\.worktree\\caserun-d601-f103-v2-arm2d-integration-20260608131849-6756a891\" --context 1 --max-matches 20 projects/01_baseline/User/main.c 2>&1",
        "bodyPreview": "'export PATH=\"$PWD/tools:$PATH\" && echo \"=== main.c diff ===\" && hwpod workspace rg \"''^#include|d601_arm2d_demo_show|d601_arm2d_demo_task\" --hwpod-id d601-f103-v2 --workspace-path \"F:'\"\\Work\\HWLAB-CASE-F103\\.worktree\\caserun-d601-f103-v2-arm2d-integration-20260608131849-6756a891\" --context 1 --max-matches 20 projects/01_baseline/User/main.c 2>&1\"\nstdout:\n{ \"ok\": true, \"action\": \"hwpod-cli.invoke\", \"status\": \"completed\", \"specPath\": \"hwpod://d601-f103-v2\", \"hwpodId\": \"d601-f103-v2\", \"specAuthority\": \"preinstalled-verified-spec\", \"intent\": \"workspace.rg\", \"contractVersion\": \"hwpod-node-ops-v1\", \"compilerInvocation\": { \"compiler\": \"hwpod-compiler-cli\", \"mode\": \"in-process\", \"entrypoint\": \"tools/src/hwpod-harness-lib.ts\", \"argv\": [ \"compile\", \"--hwpod-id\", \"d601-f103-v2\", \"--intent\", \"workspace.rg\", \"--args\", \"<json>\" ], \"exitCode\": 0, \"action\": \"hwpod-compiler.compile\", \"contractVersion\": \"hwpod-node-ops-v1\", \"planId\": \"hwpod_plan_895d1daf-8fb...\nexitCode=0",
        "exitCode": 0
      },
      {
        "source": "trace-row",
        "seq": 11934,
        "rowId": "tool:call_00_oONzpa3nKzmOxf9BHQYV7013",
        "header": "13:20:33 total=00:01:35 ok commandExecution",
        "command": "'export PATH=\"$PWD/tools:$PATH\" && hwpod workspace rg \"typedef struct arm_2d_tile_t\" --hwpod-id d601-f103-v2 --workspace-path \"F:'\"\\Work\\HWLAB-CASE-F103\\.worktree\\caserun-d601-f103-v2-arm2d-integration-20260608131849-6756a891\" --context 20 --max-matches 5 projects/01_baseline/Middlewares/Arm-2D/Library/Include/ 2>&1\"",
        "normalizedCommand": "hwpod workspace rg \"typedef struct arm_2d_tile_t\" --hwpod-id d601-f103-v2 --workspace-path \"F:'\"\\Work\\HWLAB-CASE-F103\\.worktree\\caserun-d601-f103-v2-arm2d-integration-20260608131849-6756a891\" --context 20 --max-matches 5 projects/01_baseline/Middlewares/Arm-2D/Library/Include/ 2>&1",
        "bodyPreview": "'export PATH=\"$PWD/tools:$PATH\" && hwpod workspace rg \"typedef struct arm_2d_tile_t\" --hwpod-id d601-f103-v2 --workspace-path \"F:'\"\\Work\\HWLAB-CASE-F103\\.worktree\\caserun-d601-f103-v2-arm2d-integration-20260608131849-6756a891\" --context 20 --max-matches 5 projects/01_baseline/Middlewares/Arm-2D/Library/Include/ 2>&1\"\nstdout:\n{ \"ok\": true, \"action\": \"hwpod-cli.invoke\", \"status\": \"completed\", \"specPath\": \"hwpod://d601-f103-v2\", \"hwpodId\": \"d601-f103-v2\", \"specAuthority\": \"preinstalled-verified-spec\", \"intent\": \"workspace.rg\", \"contractVersion\": \"hwpod-node-ops-v1\", \"compilerInvocation\": { \"compiler\": \"hwpod-compiler-cli\", \"mode\": \"in-process\", \"entrypoint\": \"tools/src/hwpod-harness-lib.ts\", \"argv\": [ \"compile\", \"--hwpod-id\", \"d601-f103-v2\", \"--intent\", \"workspace.rg\", \"--args\", \"<json>\" ], \"exitCode\": 0, \"action\": \"hwpod-compiler.compile\", \"contractVersion\": \"hwpod-node-ops-v1\", \"planId\": \"hwpod_plan_ac7f7d6a-03a...\nexitCode=0",
        "exitCode": 0
      },
      {
        "source": "trace-row",
        "seq": 11942,
        "rowId": "tool:call_01_pjAPQHyjqcrgDbSWyCcb5144",
        "header": "13:20:39 total=00:01:40 ok commandExecution",
        "command": "'export PATH=\"$PWD/tools:$PATH\" && hwpod workspace rg \"struct arm_2d_tile_t\" --hwpod-id d601-f103-v2 --workspace-path \"F:'\"\\Work\\HWLAB-CASE-F103\\.worktree\\caserun-d601-f103-v2-arm2d-integration-20260608131849-6756a891\" --context 30 --max-matches 5 projects/01_baseline/Middlewares/Arm-2D/Library/Include/arm_2d_types.h 2>&1\"",
        "normalizedCommand": "hwpod workspace rg \"struct arm_2d_tile_t\" --hwpod-id d601-f103-v2 --workspace-path \"F:'\"\\Work\\HWLAB-CASE-F103\\.worktree\\caserun-d601-f103-v2-arm2d-integration-20260608131849-6756a891\" --context 30 --max-matches 5 projects/01_baseline/Middlewares/Arm-2D/Library/Include/arm_2d_types.h 2>&1",
        "bodyPreview": "'export PATH=\"$PWD/tools:$PATH\" && hwpod workspace rg \"struct arm_2d_tile_t\" --hwpod-id d601-f103-v2 --workspace-path \"F:'\"\\Work\\HWLAB-CASE-F103\\.worktree\\caserun-d601-f103-v2-arm2d-integration-20260608131849-6756a891\" --context 30 --max-matches 5 projects/01_baseline/Middlewares/Arm-2D/Library/Include/arm_2d_types.h 2>&1\"\nstdout:\n{ \"ok\": true, \"action\": \"hwpod-cli.invoke\", \"status\": \"completed\", \"specPath\": \"hwpod://d601-f103-v2\", \"hwpodId\": \"d601-f103-v2\", \"specAuthority\": \"preinstalled-verified-spec\", \"intent\": \"workspace.rg\", \"contractVersion\": \"hwpod-node-ops-v1\", \"compilerInvocation\": { \"compiler\": \"hwpod-compiler-cli\", \"mode\": \"in-process\", \"entrypoint\": \"tools/src/hwpod-harness-lib.ts\", \"argv\": [ \"compile\", \"--hwpod-id\", \"d601-f103-v2\", \"--intent\", \"workspace.rg\", \"--args\", \"<json>\" ], \"exitCode\": 0, \"action\": \"hwpod-compiler.compile\", \"contractVersion\": \"hwpod-node-ops-v1\", \"planId\": \"hwpod_plan_b20e4744-b76...\nexitCode=0",
        "exitCode": 0
      },
      {
        "source": "trace-row",
        "seq": 11945,
        "rowId": "tool:call_00_uWzdxa7v9uWguf0GMgVB4527",
        "header": "13:20:40 total=00:01:41 ok commandExecution",
        "command": "'export PATH=\"$PWD/tools:$PATH\" && hwpod workspace rg \"arm_2dp_rgb16_fill_colour\" --hwpod-id d601-f103-v2 --workspace-path \"F:'\"\\Work\\HWLAB-CASE-F103\\.worktree\\caserun-d601-f103-v2-arm2d-integration-20260608131849-6756a891\" --context 10 --max-matches 5 projects/01_baseline/Middlewares/Arm-2D/Library/Include/arm_2d_draw.h 2>&1\"",
        "normalizedCommand": "hwpod workspace rg \"arm_2dp_rgb16_fill_colour\" --hwpod-id d601-f103-v2 --workspace-path \"F:'\"\\Work\\HWLAB-CASE-F103\\.worktree\\caserun-d601-f103-v2-arm2d-integration-20260608131849-6756a891\" --context 10 --max-matches 5 projects/01_baseline/Middlewares/Arm-2D/Library/Include/arm_2d_draw.h 2>&1",
        "bodyPreview": "'export PATH=\"$PWD/tools:$PATH\" && hwpod workspace rg \"arm_2dp_rgb16_fill_colour\" --hwpod-id d601-f103-v2 --workspace-path \"F:'\"\\Work\\HWLAB-CASE-F103\\.worktree\\caserun-d601-f103-v2-arm2d-integration-20260608131849-6756a891\" --context 10 --max-matches 5 projects/01_baseline/Middlewares/Arm-2D/Library/Include/arm_2d_draw.h 2>&1\"\nstdout:\n{ \"ok\": true, \"action\": \"hwpod-cli.invoke\", \"status\": \"completed\", \"specPath\": \"hwpod://d601-f103-v2\", \"hwpodId\": \"d601-f103-v2\", \"specAuthority\": \"preinstalled-verified-spec\", \"intent\": \"workspace.rg\", \"contractVersion\": \"hwpod-node-ops-v1\", \"compilerInvocation\": { \"compiler\": \"hwpod-compiler-cli\", \"mode\": \"in-process\", \"entrypoint\": \"tools/src/hwpod-harness-lib.ts\", \"argv\": [ \"compile\", \"--hwpod-id\", \"d601-f103-v2\", \"--intent\", \"workspace.rg\", \"--args\", \"<json>\" ], \"exitCode\": 0, \"action\": \"hwpod-compiler.compile\", \"contractVersion\": \"hwpod-node-ops-v1\", \"planId\": \"hwpod_plan_3447d9c5-f8d...\nexitCode=0",
        "exitCode": 0
      },
      {
        "source": "trace-row",
        "seq": 11949,
        "rowId": "tool:call_00_hdfmamfDEfPOKHmhDcX54379",
        "header": "13:20:50 total=00:01:51 ok commandExecution",
        "command": "'export PATH=\"$PWD/tools:$PATH\" && hwpod workspace ls --hwpod-id d601-f103-v2 --workspace-path \"F:'\"\\Work\\HWLAB-CASE-F103\\.worktree\\caserun-d601-f103-v2-arm2d-integration-20260608131849-6756a891\" projects/01_baseline/Projects/ 2>&1\"",
        "normalizedCommand": "hwpod workspace ls --hwpod-id d601-f103-v2 --workspace-path \"F:'\"\\Work\\HWLAB-CASE-F103\\.worktree\\caserun-d601-f103-v2-arm2d-integration-20260608131849-6756a891\" projects/01_baseline/Projects/ 2>&1",
        "bodyPreview": "'export PATH=\"$PWD/tools:$PATH\" && hwpod workspace ls --hwpod-id d601-f103-v2 --workspace-path \"F:'\"\\Work\\HWLAB-CASE-F103\\.worktree\\caserun-d601-f103-v2-arm2d-integration-20260608131849-6756a891\" projects/01_baseline/Projects/ 2>&1\"\nstdout:\n{ \"ok\": true, \"action\": \"hwpod-cli.invoke\", \"status\": \"completed\", \"specPath\": \"hwpod://d601-f103-v2\", \"hwpodId\": \"d601-f103-v2\", \"specAuthority\": \"preinstalled-verified-spec\", \"intent\": \"workspace.ls\", \"contractVersion\": \"hwpod-node-ops-v1\", \"compilerInvocation\": { \"compiler\": \"hwpod-compiler-cli\", \"mode\": \"in-process\", \"entrypoint\": \"tools/src/hwpod-harness-lib.ts\", \"argv\": [ \"compile\", \"--hwpod-id\", \"d601-f103-v2\", \"--intent\", \"workspace.ls\", \"--args\", \"<json>\" ], \"exitCode\": 0, \"action\": \"hwpod-compiler.compile\", \"contractVersion\": \"hwpod-node-ops-v1\", \"planId\": \"hwpod_plan_a9ff89f3-022...\nexitCode=0",
        "exitCode": 0
      },
      {
        "source": "trace-row",
        "seq": 11957,
        "rowId": "tool:call_00_GG0mg53P3pOcaUGsiF4L1502",
        "header": "13:21:00 total=00:02:02 ok commandExecution",
        "command": "'export PATH=\"$PWD/tools:$PATH\" && hwpod workspace rg \"arm_2d_location_t\" --hwpod-id d601-f103-v2 --workspace-path \"F:'\"\\Work\\HWLAB-CASE-F103\\.worktree\\caserun-d601-f103-v2-arm2d-integration-20260608131849-6756a891\" --context 5 --max-matches 5 projects/01_baseline/Middlewares/Arm-2D/Library/Include/arm_2d_types.h 2>&1\"",
        "normalizedCommand": "hwpod workspace rg \"arm_2d_location_t\" --hwpod-id d601-f103-v2 --workspace-path \"F:'\"\\Work\\HWLAB-CASE-F103\\.worktree\\caserun-d601-f103-v2-arm2d-integration-20260608131849-6756a891\" --context 5 --max-matches 5 projects/01_baseline/Middlewares/Arm-2D/Library/Include/arm_2d_types.h 2>&1",
        "bodyPreview": "'export PATH=\"$PWD/tools:$PATH\" && hwpod workspace rg \"arm_2d_location_t\" --hwpod-id d601-f103-v2 --workspace-path \"F:'\"\\Work\\HWLAB-CASE-F103\\.worktree\\caserun-d601-f103-v2-arm2d-integration-20260608131849-6756a891\" --context 5 --max-matches 5 projects/01_baseline/Middlewares/Arm-2D/Library/Include/arm_2d_types.h 2>&1\"\nstdout:\n{ \"ok\": true, \"action\": \"hwpod-cli.invoke\", \"status\": \"completed\", \"specPath\": \"hwpod://d601-f103-v2\", \"hwpodId\": \"d601-f103-v2\", \"specAuthority\": \"preinstalled-verified-spec\", \"intent\": \"workspace.rg\", \"contractVersion\": \"hwpod-node-ops-v1\", \"compilerInvocation\": { \"compiler\": \"hwpod-compiler-cli\", \"mode\": \"in-process\", \"entrypoint\": \"tools/src/hwpod-harness-lib.ts\", \"argv\": [ \"compile\", \"--hwpod-id\", \"d601-f103-v2\", \"--intent\", \"workspace.rg\", \"--args\", \"<json>\" ], \"exitCode\": 0, \"action\": \"hwpod-compiler.compile\", \"contractVersion\": \"hwpod-node-ops-v1\", \"planId\": \"hwpod_plan_75b263c1-55c...\nexitCode=0",
        "exitCode": 0
      },
      {
        "source": "trace-row",
        "seq": 11958,
        "rowId": "tool:call_01_4QzCuqhI2TSv8wGwofBl2891",
        "header": "13:21:00 total=00:02:02 ok commandExecution",
        "command": "'export PATH=\"$PWD/tools:$PATH\" && hwpod workspace rg \"arm_2d_op_fill_cl_t\" --hwpod-id d601-f103-v2 --workspace-path \"F:'\"\\Work\\HWLAB-CASE-F103\\.worktree\\caserun-d601-f103-v2-arm2d-integration-20260608131849-6756a891\" --context 5 --max-matches 5 projects/01_baseline/Middlewares/Arm-2D/Library/Include/ 2>&1\"",
        "normalizedCommand": "hwpod workspace rg \"arm_2d_op_fill_cl_t\" --hwpod-id d601-f103-v2 --workspace-path \"F:'\"\\Work\\HWLAB-CASE-F103\\.worktree\\caserun-d601-f103-v2-arm2d-integration-20260608131849-6756a891\" --context 5 --max-matches 5 projects/01_baseline/Middlewares/Arm-2D/Library/Include/ 2>&1",
        "bodyPreview": "'export PATH=\"$PWD/tools:$PATH\" && hwpod workspace rg \"arm_2d_op_fill_cl_t\" --hwpod-id d601-f103-v2 --workspace-path \"F:'\"\\Work\\HWLAB-CASE-F103\\.worktree\\caserun-d601-f103-v2-arm2d-integration-20260608131849-6756a891\" --context 5 --max-matches 5 projects/01_baseline/Middlewares/Arm-2D/Library/Include/ 2>&1\"\nstdout:\n{ \"ok\": true, \"action\": \"hwpod-cli.invoke\", \"status\": \"completed\", \"specPath\": \"hwpod://d601-f103-v2\", \"hwpodId\": \"d601-f103-v2\", \"specAuthority\": \"preinstalled-verified-spec\", \"intent\": \"workspace.rg\", \"contractVersion\": \"hwpod-node-ops-v1\", \"compilerInvocation\": { \"compiler\": \"hwpod-compiler-cli\", \"mode\": \"in-process\", \"entrypoint\": \"tools/src/hwpod-harness-lib.ts\", \"argv\": [ \"compile\", \"--hwpod-id\", \"d601-f103-v2\", \"--intent\", \"workspace.rg\", \"--args\", \"<json>\" ], \"exitCode\": 0, \"action\": \"hwpod-compiler.compile\", \"contractVersion\": \"hwpod-node-ops-v1\", \"planId\": \"hwpod_plan_2133ad5c-955...\nexitCode=0",
        "exitCode": 0
      },
      {
        "source": "trace-row",
        "seq": 11969,
        "rowId": "tool:call_00_LlRJepjXNasOsruuVhP03520",
        "header": "13:21:33 total=00:02:34 ok commandExecution",
        "command": "'export PATH=\"$PWD/tools:$PATH\" && hwpod workspace insert-after '\"\\ --path \"projects/01_baseline/User/main.c\" \\ --anchor ' d601_gpio_init();' \\ --line ' d601_arm2d_demo_show();' \\ --hwpod-id d601-f103-v2 \\ --workspace-path \"F:\\Work\\HWLAB-CASE-F103\\.worktree\\caserun-d601-f103-v2-arm2d-integration-20260608131849-6756a891\" 2>&1\"",
        "normalizedCommand": "hwpod workspace insert-after '\"\\ --path \"projects/01_baseline/User/main.c\" \\ --anchor ' d601_gpio_init();' \\ --line ' d601_arm2d_demo_show();' \\ --hwpod-id d601-f103-v2 \\ --workspace-path \"F:\\Work\\HWLAB-CASE-F103\\.worktree\\caserun-d601-f103-v2-arm2d-integration-20260608131849-6756a891\" 2>&1",
        "bodyPreview": "'export PATH=\"$PWD/tools:$PATH\" && hwpod workspace insert-after '\"\\ --path \"projects/01_baseline/User/main.c\" \\ --anchor ' d601_gpio_init();' \\ --line ' d601_arm2d_demo_show();' \\ --hwpod-id d601-f103-v2 \\ --workspace-path \"F:\\Work\\HWLAB-CASE-F103\\.worktree\\caserun-d601-f103-v2-arm2d-integration-20260608131849-6756a891\" 2>&1\"\nstdout:\n{ \"ok\": true, \"action\": \"hwpod-cli.invoke\", \"status\": \"completed\", \"specPath\": \"hwpod://d601-f103-v2\", \"hwpodId\": \"d601-f103-v2\", \"specAuthority\": \"preinstalled-verified-spec\", \"intent\": \"workspace.insert-after\", \"contractVersion\": \"hwpod-node-ops-v1\", \"compilerInvocation\": { \"compiler\": \"hwpod-compiler-cli\", \"mode\": \"in-process\", \"entrypoint\": \"tools/src/hwpod-harness-lib.ts\", \"argv\": [ \"compile\", \"--hwpod-id\", \"d601-f103-v2\", \"--intent\", \"workspace.insert-after\", \"--args\", \"<json>\" ], \"exitCode\": 0, \"action\": \"hwpod-compiler.compile\", \"contractVersion\": \"hwpod-node-ops-v1\", \"planId\": \"hwp...\nexitCode=0",
        "exitCode": 0
      },
      {
        "source": "trace-row",
        "seq": 11972,
        "rowId": "tool:call_00_VDQXXrub2JslvCrMgONU2239",
        "header": "13:21:38 total=00:02:39 ok commandExecution",
        "command": "'export PATH=\"$PWD/tools:$PATH\" && hwpod workspace cat projects/01_baseline/User/main.c --hwpod-id d601-f103-v2 --workspace-path \"F:'\"\\Work\\HWLAB-CASE-F103\\.worktree\\caserun-d601-f103-v2-arm2d-integration-20260608131849-6756a891\" 2>&1\"",
        "normalizedCommand": "hwpod workspace cat projects/01_baseline/User/main.c --hwpod-id d601-f103-v2 --workspace-path \"F:'\"\\Work\\HWLAB-CASE-F103\\.worktree\\caserun-d601-f103-v2-arm2d-integration-20260608131849-6756a891\" 2>&1",
        "bodyPreview": "'export PATH=\"$PWD/tools:$PATH\" && hwpod workspace cat projects/01_baseline/User/main.c --hwpod-id d601-f103-v2 --workspace-path \"F:'\"\\Work\\HWLAB-CASE-F103\\.worktree\\caserun-d601-f103-v2-arm2d-integration-20260608131849-6756a891\" 2>&1\"\nstdout:\n{ \"ok\": true, \"action\": \"hwpod-cli.invoke\", \"status\": \"completed\", \"specPath\": \"hwpod://d601-f103-v2\", \"hwpodId\": \"d601-f103-v2\", \"specAuthority\": \"preinstalled-verified-spec\", \"intent\": \"workspace.cat\", \"contractVersion\": \"hwpod-node-ops-v1\", \"compilerInvocation\": { \"compiler\": \"hwpod-compiler-cli\", \"mode\": \"in-process\", \"entrypoint\": \"tools/src/hwpod-harness-lib.ts\", \"argv\": [ \"compile\", \"--hwpod-id\", \"d601-f103-v2\", \"--intent\", \"workspace.cat\", \"--args\", \"<json>\" ], \"exitCode\": 0, \"action\": \"hwpod-compiler.compile\", \"contractVersion\": \"hwpod-node-ops-v1\", \"planId\": \"hwpod_plan_02405a7e-1...\nexitCode=0",
        "exitCode": 0
      }
    ]
  },
  "traceLookup": {
    "source": "hwlab-cli.client.agent",
    "strategy": "id_plus_existing_cli",
    "note": "CaseRun records trace/session identity and reuses existing HWLAB Web-equivalent agent CLI for trace/result/inspect; it does not implement a separate trace query path.",
    "baseUrl": "http://74.48.78.17:19666",
    "traceId": "trc_case_d601-f103-v2-arm2d-integration_b9aaf60daa9540d2b24953a14b862977",
    "sessionId": "ses_7c5a19d4-fe4c-4b28-8f6d-dd1d5871a7ae",
    "conversationId": "cnv_case_d601-f103-v2-arm2d-integration_d601-f103-v2-arm2d-integration-20260608131849-6756a891",
    "commands": {
      "result": "hwlab-cli client agent result trc_case_d601-f103-v2-arm2d-integration_b9aaf60daa9540d2b24953a14b862977",
      "trace": "hwlab-cli client agent trace trc_case_d601-f103-v2-arm2d-integration_b9aaf60daa9540d2b24953a14b862977 --render web",
      "traceFull": "hwlab-cli client agent trace trc_case_d601-f103-v2-arm2d-integration_b9aaf60daa9540d2b24953a14b862977 --render web --full",
      "inspect": "hwlab-cli client agent inspect --trace-id trc_case_d601-f103-v2-arm2d-integration_b9aaf60daa9540d2b24953a14b862977",
      "sessionStatus": "hwlab-cli client agent session status ses_7c5a19d4-fe4c-4b28-8f6d-dd1d5871a7ae"
    }
  },
  "agentDiff": {
    "statusShort": "M projects/01_baseline/User/d601_arm2d_demo.c\n M projects/01_baseline/User/main.c",
    "diffStat": "projects/01_baseline/User/d601_arm2d_demo.c | 219 ++++++++++++++++++++++------\n projects/01_baseline/User/main.c            |   3 +\n 2 files changed, 174 insertions(+), 48 deletions(-)",
    "diffPatchPath": "/root/hwlab-v02/.state/hwlab-cli/caserun/d601-f103-v2-arm2d-integration-20260608131849-6756a891/agent-diff.patch",
    "diffPatchSha256": "635ea9a0af5837a00eab885ed4bd1ce82d0f821f018465a29db1209a0e32d43c",
    "sourceRootStatusShort": "M projects/01_baseline/Projects/MDK-ARM/atk_f103.uvprojx",
    "sourceRootBaseline": {
      "label": "before-prepare",
      "statusShort": "M projects/01_baseline/Projects/MDK-ARM/atk_f103.uvprojx",
      "diffStat": ".../01_baseline/Projects/MDK-ARM/atk_f103.uvprojx   | 21 ++++++++++++++-------\n 1 file changed, 14 insertions(+), 7 deletions(-)",
      "diffSha256": "a847e886c801a597d96f40017f41c70262b024d5b6208bcc7ae343824c3c8d99",
      "diffBytes": 2029,
      "commands": {
        "status": {
          "label": "source-root-status",
          "httpStatus": 200,
          "exitCode": 0,
          "stdoutBytes": 56,
          "stderr": ""
        },
        "diffStat": {
          "label": "source-root-diff-stat",
          "httpStatus": 200,
          "exitCode": 0,
          "stdoutBytes": 128,
          "stderr": "warning: in the working copy of 'projects/01_baseline/Projects/MDK-ARM/atk_f103.uvprojx', LF will be replaced by CRLF the next time Git touches it"
        },
        "diffPatch": {
          "label": "source-root-diff-patch",
          "httpStatus": 200,
          "exitCode": 0,
          "stdoutBytes": 2029,
          "stderr": "warning: in the working copy of 'projects/01_baseline/Projects/MDK-ARM/atk_f103.uvprojx', LF will be replaced by CRLF the next time Git touches it"
        }
      }
    },
    "sourceRootAfterPrepare": {
      "label": "after-prepare",
      "statusShort": "M projects/01_baseline/Projects/MDK-ARM/atk_f103.uvprojx",
      "diffStat": ".../01_baseline/Projects/MDK-ARM/atk_f103.uvprojx   | 21 ++++++++++++++-------\n 1 file changed, 14 insertions(+), 7 deletions(-)",
      "diffSha256": "a847e886c801a597d96f40017f41c70262b024d5b6208bcc7ae343824c3c8d99",
      "diffBytes": 2029,
      "commands": {
        "status": {
          "label": "source-root-status",
          "httpStatus": 200,
          "exitCode": 0,
          "stdoutBytes": 56,
          "stderr": ""
        },
        "diffStat": {
          "label": "source-root-diff-stat",
          "httpStatus": 200,
          "exitCode": 0,
          "stdoutBytes": 128,
          "stderr": "warning: in the working copy of 'projects/01_baseline/Projects/MDK-ARM/atk_f103.uvprojx', LF will be replaced by CRLF the next time Git touches it"
        },
        "diffPatch": {
          "label": "source-root-diff-patch",
          "httpStatus": 200,
          "exitCode": 0,
          "stdoutBytes": 2029,
          "stderr": "warning: in the working copy of 'projects/01_baseline/Projects/MDK-ARM/atk_f103.uvprojx', LF will be replaced by CRLF the next time Git touches it"
        }
      }
    },
    "sourceRootAfterAgent": {
      "label": "after-agent",
      "statusShort": "M projects/01_baseline/Projects/MDK-ARM/atk_f103.uvprojx",
      "diffStat": ".../01_baseline/Projects/MDK-ARM/atk_f103.uvprojx   | 21 ++++++++++++++-------\n 1 file changed, 14 insertions(+), 7 deletions(-)",
      "diffSha256": "a847e886c801a597d96f40017f41c70262b024d5b6208bcc7ae343824c3c8d99",
      "diffBytes": 2029,
      "commands": {
        "status": {
          "label": "source-root-status",
          "httpStatus": 200,
          "exitCode": 0,
          "stdoutBytes": 56,
          "stderr": ""
        },
        "diffStat": {
          "label": "source-root-diff-stat",
          "httpStatus": 200,
          "exitCode": 0,
          "stdoutBytes": 128,
          "stderr": "warning: in the working copy of 'projects/01_baseline/Projects/MDK-ARM/atk_f103.uvprojx', LF will be replaced by CRLF the next time Git touches it"
        },
        "diffPatch": {
          "label": "source-root-diff-patch",
          "httpStatus": 200,
          "exitCode": 0,
          "stdoutBytes": 2029,
          "stderr": "warning: in the working copy of 'projects/01_baseline/Projects/MDK-ARM/atk_f103.uvprojx', LF will be replaced by CRLF the next time Git touches it"
        }
      }
    },
    "sourceRootChangedAfterPrepare": false,
    "sourceRootChangedAfterAgent": false,
    "requests": [
      {
        "label": "status",
        "httpStatus": 200,
        "exitCode": 0,
        "stdoutBytes": 81,
        "stderr": ""
      },
      {
        "label": "diff-stat",
        "httpStatus": 200,
        "exitCode": 0,
        "stdoutBytes": 184,
        "stderr": ""
      },
      {
        "label": "diff-patch",
        "httpStatus": 200,
        "exitCode": 0,
        "stdoutBytes": 9642,
        "stderr": ""
      },
      {
        "label": "source-root-baseline",
        "statusShort": "M projects/01_baseline/Projects/MDK-ARM/atk_f103.uvprojx",
        "diffSha256": "a847e886c801a597d96f40017f41c70262b024d5b6208bcc7ae343824c3c8d99"
      },
      {
        "label": "source-root-after-prepare",
        "statusShort": "M projects/01_baseline/Projects/MDK-ARM/atk_f103.uvprojx",
        "diffSha256": "a847e886c801a597d96f40017f41c70262b024d5b6208bcc7ae343824c3c8d99"
      },
      {
        "label": "source-root-after-agent",
        "statusShort": "M projects/01_baseline/Projects/MDK-ARM/atk_f103.uvprojx",
        "diffSha256": "a847e886c801a597d96f40017f41c70262b024d5b6208bcc7ae343824c3c8d99"
      }
    ]
  },
  "build": {
    "status": "recorded",
    "autoEvaluation": false,
    "traceLookup": {
      "source": "hwlab-cli.client.agent",
      "strategy": "id_plus_existing_cli",
      "note": "CaseRun records trace/session identity and reuses existing HWLAB Web-equivalent agent CLI for trace/result/inspect; it does not implement a separate trace query path.",
      "baseUrl": "http://74.48.78.17:19666",
      "traceId": "trc_case_d601-f103-v2-arm2d-integration_b9aaf60daa9540d2b24953a14b862977",
      "sessionId": "ses_7c5a19d4-fe4c-4b28-8f6d-dd1d5871a7ae",
      "conversationId": "cnv_case_d601-f103-v2-arm2d-integration_d601-f103-v2-arm2d-integration-20260608131849-6756a891",
      "commands": {
        "result": "hwlab-cli client agent result trc_case_d601-f103-v2-arm2d-integration_b9aaf60daa9540d2b24953a14b862977",
        "trace": "hwlab-cli client agent trace trc_case_d601-f103-v2-arm2d-integration_b9aaf60daa9540d2b24953a14b862977 --render web",
        "traceFull": "hwlab-cli client agent trace trc_case_d601-f103-v2-arm2d-integration_b9aaf60daa9540d2b24953a14b862977 --render web --full",
        "inspect": "hwlab-cli client agent inspect --trace-id trc_case_d601-f103-v2-arm2d-integration_b9aaf60daa9540d2b24953a14b862977",
        "sessionStatus": "hwlab-cli client agent session status ses_7c5a19d4-fe4c-4b28-8f6d-dd1d5871a7ae"
      }
    },
    "agentTraceCommandCount": 56,
    "agentTraceHwpodCommandCount": 44,
    "agentStage": {
      "source": "agent-trace-commands",
      "autoEvaluation": false,
      "commands": [
        {
          "kind": "spec-validate",
          "seq": 12047,
          "exitCode": 0,
          "command": "hwpod-ctl spec validate --hwpod-id d601-f103-v2",
          "detail": "stdout: { \"ok\": true, \"action\": \"hwpod-ctl.spec.validate\", \"status\": \"succeeded\", \"specPath\": \"hwpod://d601-f103-v2\", \"hwpodId\": \"d601-f103-v2\", \"specAuthority\": \"preinstalled-verified-spec\", \"document\": { \"apiVersion\": \"hwlab.dev/v0alpha1\", \"kind\": \"Hwpod\", \"metadata\": { \"uid\": \"D601-F103-V2\", \"name\": \"d601-f103-v2\" }, \"spec\": { \"targetDevice\": { \"board\": \"D601-F103-V2\", \"mcu\": \"STM32F103\" }, \"workspace\": { \"path\": \"F:\\\\Work\\\\D601-HWLAB\", \"toolchain\": \"keil-mdk\", \"keilProject\": \"projects/01_baseline/Projects/MDK-ARM/atk_f103.uvprojx\", \"keilTarget\": \"USART\", \"keilCliPath\": \"C:\\\\Users\\\\liang\\\\.agent... exitCode=0"
        },
        {
          "kind": "workspace-edit",
          "seq": 11969,
          "exitCode": 0,
          "command": "hwpod workspace insert-after '\"\\ --path \"projects/01_baseline/User/main.c\" \\ --anchor ' d601_gpio_init();' \\ --line ' d601_arm2d_demo_show();' \\ --hwpod-id d601-f103-v2 \\ --workspace-path \"F:\\Work\\HWLAB-CASE-F103\\.worktree\\caserun-d601-f103-v2-arm2d-integration-20260608131849-6756a891\" 2>&1",
          "detail": "stdout: { \"ok\": true, \"action\": \"hwpod-cli.invoke\", \"status\": \"completed\", \"specPath\": \"hwpod://d601-f103-v2\", \"hwpodId\": \"d601-f103-v2\", \"specAuthority\": \"preinstalled-verified-spec\", \"intent\": \"workspace.insert-after\", \"contractVersion\": \"hwpod-node-ops-v1\", \"compilerInvocation\": { \"compiler\": \"hwpod-compiler-cli\", \"mode\": \"in-process\", \"entrypoint\": \"tools/src/hwpod-harness-lib.ts\", \"argv\": [ \"compile\", \"--hwpod-id\", \"d601-f103-v2\", \"--intent\", \"workspace.insert-after\", \"--args\", \"<json>\" ], \"exitCode\": 0, \"action\": \"hwpod-compiler.compile\", \"contractVersion\": \"hwpod-node-ops-v1\", \"planId\": \"hwp... exitCode=0"
        },
        {
          "kind": "build",
          "seq": 13577,
          "exitCode": 0,
          "command": "hwpod build '\"\\ --hwpod-id d601-f103-v2 \\ --workspace-path \"F:\\Work\\HWLAB-CASE-F103\\.worktree\\caserun-d601-f103-v2-arm2d-integration-20260608131849-6756a891\" \\ --target USART 2>&1",
          "detail": "stdout: { \"ok\": true, \"action\": \"hwpod-cli.invoke\", \"status\": \"completed\", \"specPath\": \"hwpod://d601-f103-v2\", \"hwpodId\": \"d601-f103-v2\", \"specAuthority\": \"preinstalled-verified-spec\", \"intent\": \"debug.build\", \"contractVersion\": \"hwpod-node-ops-v1\", \"compilerInvocation\": { \"compiler\": \"hwpod-compiler-cli\", \"mode\": \"in-process\", \"entrypoint\": \"tools/src/hwpod-harness-lib.ts\", \"argv\": [ \"compile\", \"--hwpod-id\", \"d601-f103-v2\", \"--intent\", \"debug.build\", \"--args\", \"<json>\" ], \"exitCode\": 0, \"action\": \"hwpod-compiler.compile\", \"contractVersion\": \"hwpod-node-ops-v1\", \"planId\": \"hwpod_plan_166b38bf-3958-... exitCode=0"
        },
        {
          "kind": "workspace-edit",
          "seq": 11964,
          "exitCode": 0,
          "command": "hwpod workspace insert-after '\"\\ --path \"projects/01_baseline/User/main.c\" \\ --anchor '#include \"d601_lcd.h\"' \\ --line '#include \"d601_arm2d_demo.h\"' \\ --hwpod-id d601-f103-v2 \\ --workspace-path \"F:\\Work\\HWLAB-CASE-F103\\.worktree\\caserun-d601-f103-v2-arm2d-integration-20260608131849-6756a891\" 2>&1",
          "detail": "stdout: { \"ok\": true, \"action\": \"hwpod-cli.invoke\", \"status\": \"completed\", \"specPath\": \"hwpod://d601-f103-v2\", \"hwpodId\": \"d601-f103-v2\", \"specAuthority\": \"preinstalled-verified-spec\", \"intent\": \"workspace.insert-after\", \"contractVersion\": \"hwpod-node-ops-v1\", \"compilerInvocation\": { \"compiler\": \"hwpod-compiler-cli\", \"mode\": \"in-process\", \"entrypoint\": \"tools/src/hwpod-harness-lib.ts\", \"argv\": [ \"compile\", \"--hwpod-id\", \"d601-f103-v2\", \"--intent\", \"workspace.insert-after\", \"--args\", \"<json>\" ], \"exitCode\": 0, \"action\": \"hwpod-compiler.compile\", \"contractVersion\": \"hwpod-node-ops-v1\", \"planId\": \"hwp... exitCode=0"
        },
        {
          "kind": "hwpod-other",
          "seq": 11895,
          "exitCode": 1,
          "command": "hwpod workspace ls --hwpod-id d601-f103-v2 --workspace-path \"F:'\"\\Work\\HWLAB-CASE-F103\\.worktree\\caserun-d601-f103-v2-arm2d-integration-20260608131849-6756a891\" projects/01_baseline/Middlewares/Arm-2D/Acceleration/arm-2d/ 2>&1",
          "detail": "stdout: { \"ok\": false, \"action\": \"hwpod-cli.invoke\", \"status\": \"failed\", \"specPath\": \"hwpod://d601-f103-v2\", \"hwpodId\": \"d601-f103-v2\", \"specAuthority\": \"preinstalled-verified-spec\", \"intent\": \"workspace.ls\", \"contractVersion\": \"hwpod-node-ops-v1\", \"compilerInvocation\": { \"compiler\": \"hwpod-compiler-cli\", \"mode\": \"in-process\", \"entrypoint\": \"tools/src/hwpod-harness-lib.ts\", \"argv\": [ \"compile\", \"--hwpod-id\", \"d601-f103-v2\", \"--intent\", \"workspace.ls\", \"--args\", \"<json>\" ], \"exitCode\": 0, \"action\": \"hwpod-compiler.compile\", \"contractVersion\": \"hwpod-node-ops-v1\", \"planId\": \"hwpod_plan_a9b2870c-1039-... exitCode=1"
        },
        {
          "kind": "hwpod-other",
          "seq": 11896,
          "exitCode": 0,
          "command": "hwpod workspace ls --hwpod-id d601-f103-v2 --workspace-path \"F:'\"\\Work\\HWLAB-CASE-F103\\.worktree\\caserun-d601-f103-v2-arm2d-integration-20260608131849-6756a891\" projects/01_baseline/Middlewares/Arm-2D/Acceleration/ 2>&1",
          "detail": "stdout: { \"ok\": true, \"action\": \"hwpod-cli.invoke\", \"status\": \"completed\", \"specPath\": \"hwpod://d601-f103-v2\", \"hwpodId\": \"d601-f103-v2\", \"specAuthority\": \"preinstalled-verified-spec\", \"intent\": \"workspace.ls\", \"contractVersion\": \"hwpod-node-ops-v1\", \"compilerInvocation\": { \"compiler\": \"hwpod-compiler-cli\", \"mode\": \"in-process\", \"entrypoint\": \"tools/src/hwpod-harness-lib.ts\", \"argv\": [ \"compile\", \"--hwpod-id\", \"d601-f103-v2\", \"--intent\", \"workspace.ls\", \"--args\", \"<json>\" ], \"exitCode\": 0, \"action\": \"hwpod-compiler.compile\", \"contractVersion\": \"hwpod-node-ops-v1\", \"planId\": \"hwpod_plan_4649498c-d17... exitCode=0"
        },
        {
          "kind": "hwpod-other",
          "seq": 11899,
          "exitCode": 0,
          "command": "hwpod workspace ls --hwpod-id d601-f103-v2 --workspace-path \"F:'\"\\Work\\HWLAB-CASE-F103\\.worktree\\caserun-d601-f103-v2-arm2d-integration-20260608131849-6756a891\" projects/01_baseline/Middlewares/Arm-2D/Acceleration/Arm/ 2>&1",
          "detail": "stdout: { \"ok\": true, \"action\": \"hwpod-cli.invoke\", \"status\": \"completed\", \"specPath\": \"hwpod://d601-f103-v2\", \"hwpodId\": \"d601-f103-v2\", \"specAuthority\": \"preinstalled-verified-spec\", \"intent\": \"workspace.ls\", \"contractVersion\": \"hwpod-node-ops-v1\", \"compilerInvocation\": { \"compiler\": \"hwpod-compiler-cli\", \"mode\": \"in-process\", \"entrypoint\": \"tools/src/hwpod-harness-lib.ts\", \"argv\": [ \"compile\", \"--hwpod-id\", \"d601-f103-v2\", \"--intent\", \"workspace.ls\", \"--args\", \"<json>\" ], \"exitCode\": 0, \"action\": \"hwpod-compiler.compile\", \"contractVersion\": \"hwpod-node-ops-v1\", \"planId\": \"hwpod_plan_96d11e5c-0d6... exitCode=0"
        },
        {
          "kind": "hwpod-other",
          "seq": 11902,
          "exitCode": 0,
          "command": "hwpod workspace ls --hwpod-id d601-f103-v2 --workspace-path \"F:'\"\\Work\\HWLAB-CASE-F103\\.worktree\\caserun-d601-f103-v2-arm2d-integration-20260608131849-6756a891\" projects/01_baseline/Middlewares/Arm-2D/Acceleration/Arm/ACI/ 2>&1",
          "detail": "stdout: { \"ok\": true, \"action\": \"hwpod-cli.invoke\", \"status\": \"completed\", \"specPath\": \"hwpod://d601-f103-v2\", \"hwpodId\": \"d601-f103-v2\", \"specAuthority\": \"preinstalled-verified-spec\", \"intent\": \"workspace.ls\", \"contractVersion\": \"hwpod-node-ops-v1\", \"compilerInvocation\": { \"compiler\": \"hwpod-compiler-cli\", \"mode\": \"in-process\", \"entrypoint\": \"tools/src/hwpod-harness-lib.ts\", \"argv\": [ \"compile\", \"--hwpod-id\", \"d601-f103-v2\", \"--intent\", \"workspace.ls\", \"--args\", \"<json>\" ], \"exitCode\": 0, \"action\": \"hwpod-compiler.compile\", \"contractVersion\": \"hwpod-node-ops-v1\", \"planId\": \"hwpod_plan_7098b87d-7b5... exitCode=0"
        },
        {
          "kind": "hwpod-other",
          "seq": 11906,
          "exitCode": 0,
          "command": "hwpod workspace rg \"arm_2d'\"\\.h\" --hwpod-id d601-f103-v2 --workspace-path \"F:\\Work\\HWLAB-CASE-F103\\.worktree\\caserun-d601-f103-v2-arm2d-integration-20260608131849-6756a891\" --context 0 --max-matches 30 projects/ 2>&1",
          "detail": "stdout: { \"ok\": true, \"action\": \"hwpod-cli.invoke\", \"status\": \"completed\", \"specPath\": \"hwpod://d601-f103-v2\", \"hwpodId\": \"d601-f103-v2\", \"specAuthority\": \"preinstalled-verified-spec\", \"intent\": \"workspace.rg\", \"contractVersion\": \"hwpod-node-ops-v1\", \"compilerInvocation\": { \"compiler\": \"hwpod-compiler-cli\", \"mode\": \"in-process\", \"entrypoint\": \"tools/src/hwpod-harness-lib.ts\", \"argv\": [ \"compile\", \"--hwpod-id\", \"d601-f103-v2\", \"--intent\", \"workspace.rg\", \"--args\", \"<json>\" ], \"exitCode\": 0, \"action\": \"hwpod-compiler.compile\", \"contractVersion\": \"hwpod-node-ops-v1\", \"planId\": \"hwpod_plan_794e29c1-f89... exitCode=0"
        },
        {
          "kind": "hwpod-other",
          "seq": 11913,
          "exitCode": 0,
          "command": "hwpod workspace cat projects/01_baseline/Middlewares/Arm-2D/Library/Include/arm_2d.h --hwpod-id d601-f103-v2 --workspace-path \"F:'\"\\Work\\HWLAB-CASE-F103\\.worktree\\caserun-d601-f103-v2-arm2d-integration-20260608131849-6756a891\" 2>&1 | head -200",
          "detail": "stdout: { \"ok\": true, \"action\": \"hwpod-cli.invoke\", \"status\": \"completed\", \"specPath\": \"hwpod://d601-f103-v2\", \"hwpodId\": \"d601-f103-v2\", \"specAuthority\": \"preinstalled-verified-spec\", \"intent\": \"workspace.cat\", \"contractVersion\": \"hwpod-node-ops-v1\", \"compilerInvocation\": { \"compiler\": \"hwpod-compiler-cli\", \"mode\": \"in-process\", \"entrypoint\": \"tools/src/hwpod-harness-lib.ts\", \"argv\": [ \"compile\", \"--hwpod-id\", \"d601-f103-v2\", \"--intent\", \"workspace.cat\", \"--args\", \"<json>\" ], \"exitCode\": 0, \"action\": \"hwpod-compiler.compile\", \"contractVersion\": \"hwpod-node-ops-v1\", \"planId\": \"hwpod_plan_02ff4f09-9... exitCode=0"
        },
        {
          "kind": "hwpod-other",
          "seq": 11914,
          "exitCode": 1,
          "command": "hwpod workspace rg \"arm_2d_types'\"\\.h\" --hwpod-id d601-f103-v2 --workspace-path \"F:\\Work\\HWLAB-CASE-F103\\.worktree\\caserun-d601-f103-v2-arm2d-integration-20260608131849-6756a891\" --context 0 --max-matches 10 projects/ 2>&1 | grep -E \":(text|line)\"",
          "detail": "stdout: commandExecution failed: /bin/sh -lc 'export PATH=\"$PWD/tools:$PATH\" && hwpod workspace rg \"arm_2d_types'\"\\\\.h\\\" --hwpod-id d601-f103-v2 --workspace-path \\\"F:\\\\Work\\\\HWLAB-CASE-F103\\\\.worktree\\\\caserun-d601-f103-v2-arm2d-integration-20260608131849-6756a891\\\" --context 0 --max-matches 10 projects/ 2>&1 | grep -E \\\":(text|line)\\\" \" exit=1 durationMs=604 exitCode=1"
        },
        {
          "kind": "hwpod-other",
          "seq": 11924,
          "exitCode": 0,
          "command": "hwpod workspace cat projects/01_baseline/Middlewares/Arm-2D/Library/Include/arm_2d_types.h --hwpod-id d601-f103-v2 --workspace-path \"F:'\"\\Work\\HWLAB-CASE-F103\\.worktree\\caserun-d601-f103-v2-arm2d-integration-20260608131849-6756a891\" 2>&1",
          "detail": "stdout: { \"ok\": true, \"action\": \"hwpod-cli.invoke\", \"status\": \"completed\", \"specPath\": \"hwpod://d601-f103-v2\", \"hwpodId\": \"d601-f103-v2\", \"specAuthority\": \"preinstalled-verified-spec\", \"intent\": \"workspace.cat\", \"contractVersion\": \"hwpod-node-ops-v1\", \"compilerInvocation\": { \"compiler\": \"hwpod-compiler-cli\", \"mode\": \"in-process\", \"entrypoint\": \"tools/src/hwpod-harness-lib.ts\", \"argv\": [ \"compile\", \"--hwpod-id\", \"d601-f103-v2\", \"--intent\", \"workspace.cat\", \"--args\", \"<json>\" ], \"exitCode\": 0, \"action\": \"hwpod-compiler.compile\", \"contractVersion\": \"hwpod-node-ops-v1\", \"planId\": \"hwpod_plan_83c0e3d6-a... exitCode=0"
        },
        {
          "kind": "hwpod-other",
          "seq": 11932,
          "exitCode": 0,
          "command": "hwpod workspace rg \"arm_2d_rgb16_fill_colour\" --hwpod-id d601-f103-v2 --workspace-path \"F:'\"\\Work\\HWLAB-CASE-F103\\.worktree\\caserun-d601-f103-v2-arm2d-integration-20260608131849-6756a891\" --context 5 --max-matches 10 projects/01_baseline/Middlewares/Arm-2D/Library/Include/ 2>&1",
          "detail": "stdout: { \"ok\": true, \"action\": \"hwpod-cli.invoke\", \"status\": \"completed\", \"specPath\": \"hwpod://d601-f103-v2\", \"hwpodId\": \"d601-f103-v2\", \"specAuthority\": \"preinstalled-verified-spec\", \"intent\": \"workspace.rg\", \"contractVersion\": \"hwpod-node-ops-v1\", \"compilerInvocation\": { \"compiler\": \"hwpod-compiler-cli\", \"mode\": \"in-process\", \"entrypoint\": \"tools/src/hwpod-harness-lib.ts\", \"argv\": [ \"compile\", \"--hwpod-id\", \"d601-f103-v2\", \"--intent\", \"workspace.rg\", \"--args\", \"<json>\" ], \"exitCode\": 0, \"action\": \"hwpod-compiler.compile\", \"contractVersion\": \"hwpod-node-ops-v1\", \"planId\": \"hwpod_plan_9e3e38f4-1ff... exitCode=0"
        },
        {
          "kind": "hwpod-other",
          "seq": 11933,
          "exitCode": 0,
          "command": "hwpod workspace rg \"typedef struct arm_2d_region_t\" --hwpod-id d601-f103-v2 --workspace-path \"F:'\"\\Work\\HWLAB-CASE-F103\\.worktree\\caserun-d601-f103-v2-arm2d-integration-20260608131849-6756a891\" --context 10 --max-matches 5 projects/01_baseline/Middlewares/Arm-2D/Library/Include/ 2>&1",
          "detail": "stdout: { \"ok\": true, \"action\": \"hwpod-cli.invoke\", \"status\": \"completed\", \"specPath\": \"hwpod://d601-f103-v2\", \"hwpodId\": \"d601-f103-v2\", \"specAuthority\": \"preinstalled-verified-spec\", \"intent\": \"workspace.rg\", \"contractVersion\": \"hwpod-node-ops-v1\", \"compilerInvocation\": { \"compiler\": \"hwpod-compiler-cli\", \"mode\": \"in-process\", \"entrypoint\": \"tools/src/hwpod-harness-lib.ts\", \"argv\": [ \"compile\", \"--hwpod-id\", \"d601-f103-v2\", \"--intent\", \"workspace.rg\", \"--args\", \"<json>\" ], \"exitCode\": 0, \"action\": \"hwpod-compiler.compile\", \"contractVersion\": \"hwpod-node-ops-v1\", \"planId\": \"hwpod_plan_4e56e1e5-53a... exitCode=0"
        },
        {
          "kind": "hwpod-other",
          "seq": 12072,
          "exitCode": 0,
          "command": "hwpod workspace cat projects/01_baseline/User/d601_arm2d_demo.c --hwpod-id d601-f103-v2 --workspace-path \"F:'\"\\Work\\HWLAB-CASE-F103\\.worktree\\caserun-d601-f103-v2-arm2d-integration-20260608131849-6756a891\"",
          "detail": "stdout: { \"ok\": true, \"action\": \"hwpod-cli.invoke\", \"status\": \"completed\", \"specPath\": \"hwpod://d601-f103-v2\", \"hwpodId\": \"d601-f103-v2\", \"specAuthority\": \"preinstalled-verified-spec\", \"intent\": \"workspace.cat\", \"contractVersion\": \"hwpod-node-ops-v1\", \"compilerInvocation\": { \"compiler\": \"hwpod-compiler-cli\", \"mode\": \"in-process\", \"entrypoint\": \"tools/src/hwpod-harness-lib.ts\", \"argv\": [ \"compile\", \"--hwpod-id\", \"d601-f103-v2\", \"--intent\", \"workspace.cat\", \"--args\", \"<json>\" ], \"exitCode\": 0, \"action\": \"hwpod-compiler.compile\", \"contractVersion\": \"hwpod-node-ops-v1\", \"planId\": \"hwpod_plan_182acba2-0... exitCode=0"
        },
        {
          "kind": "hwpod-other",
          "seq": 12075,
          "exitCode": 0,
          "command": "hwpod workspace ls --hwpod-id d601-f103-v2 --workspace-path \"F:'\"\\Work\\HWLAB-CASE-F103\\.worktree\\caserun-d601-f103-v2-arm2d-integration-20260608131849-6756a891\" projects/01_baseline/Middlewares/",
          "detail": "stdout: { \"ok\": true, \"action\": \"hwpod-cli.invoke\", \"status\": \"completed\", \"specPath\": \"hwpod://d601-f103-v2\", \"hwpodId\": \"d601-f103-v2\", \"specAuthority\": \"preinstalled-verified-spec\", \"intent\": \"workspace.ls\", \"contractVersion\": \"hwpod-node-ops-v1\", \"compilerInvocation\": { \"compiler\": \"hwpod-compiler-cli\", \"mode\": \"in-process\", \"entrypoint\": \"tools/src/hwpod-harness-lib.ts\", \"argv\": [ \"compile\", \"--hwpod-id\", \"d601-f103-v2\", \"--intent\", \"workspace.ls\", \"--args\", \"<json>\" ], \"exitCode\": 0, \"action\": \"hwpod-compiler.compile\", \"contractVersion\": \"hwpod-node-ops-v1\", \"planId\": \"hwpod_plan_741b7a98-e67... exitCode=0"
        },
        {
          "kind": "hwpod-other",
          "seq": 12078,
          "exitCode": 0,
          "command": "hwpod workspace ls --hwpod-id d601-f103-v2 --workspace-path \"F:'\"\\Work\\HWLAB-CASE-F103\\.worktree\\caserun-d601-f103-v2-arm2d-integration-20260608131849-6756a891\" projects/01_baseline/Middlewares/Arm-2D/ 2>&1 | head -80",
          "detail": "stdout: { \"ok\": true, \"action\": \"hwpod-cli.invoke\", \"status\": \"completed\", \"specPath\": \"hwpod://d601-f103-v2\", \"hwpodId\": \"d601-f103-v2\", \"specAuthority\": \"preinstalled-verified-spec\", \"intent\": \"workspace.ls\", \"contractVersion\": \"hwpod-node-ops-v1\", \"compilerInvocation\": { \"compiler\": \"hwpod-compiler-cli\", \"mode\": \"in-process\", \"entrypoint\": \"tools/src/hwpod-harness-lib.ts\", \"argv\": [ \"compile\", \"--hwpod-id\", \"d601-f103-v2\", \"--intent\", \"workspace.ls\", \"--args\", \"<json>\" ], \"exitCode\": 0, \"action\": \"hwpod-compiler.compile\", \"contractVersion\": \"hwpod-node-ops-v1\", \"planId\": \"hwpod_plan_07add02c-842... exitCode=0"
        },
        {
          "kind": "workspace-edit",
          "seq": 12383,
          "exitCode": 0,
          "command": "hwpod workspace write '\"\\ --path \"projects/01_baseline/User/d601_arm2d_demo.c\" \\ --content \"\"'$(cat /tmp/new_demo.c)\" '\"\\ --hwpod-id d601-f103-v2 \\ --workspace-path \"F:\\Work\\HWLAB-CASE-F103\\.worktree\\caserun-d601-f103-v2-arm2d-integration-20260608131849-6756a891\" 2>&1",
          "detail": "stdout: { \"ok\": true, \"action\": \"hwpod-cli.invoke\", \"status\": \"completed\", \"specPath\": \"hwpod://d601-f103-v2\", \"hwpodId\": \"d601-f103-v2\", \"specAuthority\": \"preinstalled-verified-spec\", \"intent\": \"workspace.write\", \"contractVersion\": \"hwpod-node-ops-v1\", \"compilerInvocation\": { \"compiler\": \"hwpod-compiler-cli\", \"mode\": \"in-process\", \"entrypoint\": \"tools/src/hwpod-harness-lib.ts\", \"argv\": [ \"compile\", \"--hwpod-id\", \"d601-f103-v2\", \"--intent\", \"workspace.write\", \"--args\", \"<json>\" ], \"exitCode\": 0, \"action\": \"hwpod-compiler.compile\", \"contractVersion\": \"hwpod-node-ops-v1\", \"planId\": \"hwpod_plan_1cd05d... exitCode=0"
        },
        {
          "kind": "hwpod-other",
          "seq": 12775,
          "exitCode": 0,
          "command": "hwpod workspace rg \"''^void d601_arm2d_demo_task|''^static void arm2d_wait|''^static void arm2d_tile_bind|''^static void arm2d_fill_local\" --hwpod-id d601-f103-v2 --workspace-path \"F:'\"\\Work\\HWLAB-CASE-F103\\.worktree\\caserun-d601-f103-v2-arm2d-integration-20260608131849-6756a891\" --context 1 --max-matches 20 projects/01_baseline/User/d601_arm2d_demo.c 2>&1",
          "detail": "stdout: { \"ok\": true, \"action\": \"hwpod-cli.invoke\", \"status\": \"completed\", \"specPath\": \"hwpod://d601-f103-v2\", \"hwpodId\": \"d601-f103-v2\", \"specAuthority\": \"preinstalled-verified-spec\", \"intent\": \"workspace.rg\", \"contractVersion\": \"hwpod-node-ops-v1\", \"compilerInvocation\": { \"compiler\": \"hwpod-compiler-cli\", \"mode\": \"in-process\", \"entrypoint\": \"tools/src/hwpod-harness-lib.ts\", \"argv\": [ \"compile\", \"--hwpod-id\", \"d601-f103-v2\", \"--intent\", \"workspace.rg\", \"--args\", \"<json>\" ], \"exitCode\": 0, \"action\": \"hwpod-compiler.compile\", \"contractVersion\": \"hwpod-node-ops-v1\", \"planId\": \"hwpod_plan_6d6e5dc9-e88... exitCode=0"
        },
        {
          "kind": "hwpod-other",
          "seq": 14604,
          "exitCode": 0,
          "command": "hwpod job status 20260608_212341_709bfd89 --hwpod-id d601-f103-v2 --workspace-path \"F:'\"\\Work\\HWLAB-CASE-F103\\.worktree\\caserun-d601-f103-v2-arm2d-integration-20260608131849-6756a891\" 2>&1",
          "detail": "stdout: { \"ok\": true, \"action\": \"hwpod-cli.invoke\", \"status\": \"completed\", \"specPath\": \"hwpod://d601-f103-v2\", \"hwpodId\": \"d601-f103-v2\", \"specAuthority\": \"preinstalled-verified-spec\", \"intent\": \"debug.job-status\", \"contractVersion\": \"hwpod-node-ops-v1\", \"compilerInvocation\": { \"compiler\": \"hwpod-compiler-cli\", \"mode\": \"in-process\", \"entrypoint\": \"tools/src/hwpod-harness-lib.ts\", \"argv\": [ \"compile\", \"--hwpod-id\", \"d601-f103-v2\", \"--intent\", \"debug.job-status\", \"--args\", \"<json>\" ], \"exitCode\": 0, \"action\": \"hwpod-compiler.compile\", \"contractVersion\": \"hwpod-node-ops-v1\", \"planId\": \"hwpod_plan_1a60... exitCode=0"
        },
        {
          "kind": "hwpod-other",
          "seq": 15229,
          "exitCode": 0,
          "command": "hwpod workspace rg \"Program Size:|Error|Warning\" --hwpod-id d601-f103-v2 --workspace-path \"F:'\"\\Work\\HWLAB-CASE-F103\\.worktree\\caserun-d601-f103-v2-arm2d-integration-20260608131849-6756a891\" --context 2 --max-matches 50 projects/01_baseline/Projects/MDK-ARM/output/ 2>&1",
          "detail": "stdout: { \"ok\": true, \"action\": \"hwpod-cli.invoke\", \"status\": \"completed\", \"specPath\": \"hwpod://d601-f103-v2\", \"hwpodId\": \"d601-f103-v2\", \"specAuthority\": \"preinstalled-verified-spec\", \"intent\": \"workspace.rg\", \"contractVersion\": \"hwpod-node-ops-v1\", \"compilerInvocation\": { \"compiler\": \"hwpod-compiler-cli\", \"mode\": \"in-process\", \"entrypoint\": \"tools/src/hwpod-harness-lib.ts\", \"argv\": [ \"compile\", \"--hwpod-id\", \"d601-f103-v2\", \"--intent\", \"workspace.rg\", \"--args\", \"<json>\" ], \"exitCode\": 0, \"action\": \"hwpod-compiler.compile\", \"contractVersion\": \"hwpod-node-ops-v1\", \"planId\": \"hwpod_plan_44e09056-af9... exitCode=0"
        },
        {
          "kind": "hwpod-other",
          "seq": 16083,
          "exitCode": 0,
          "command": "hwpod workspace rg \"''^#include|d601_arm2d_demo_show|d601_arm2d_demo_task\" --hwpod-id d601-f103-v2 --workspace-path \"F:'\"\\Work\\HWLAB-CASE-F103\\.worktree\\caserun-d601-f103-v2-arm2d-integration-20260608131849-6756a891\" --context 1 --max-matches 20 projects/01_baseline/User/main.c 2>&1",
          "detail": "stdout: { \"ok\": true, \"action\": \"hwpod-cli.invoke\", \"status\": \"completed\", \"specPath\": \"hwpod://d601-f103-v2\", \"hwpodId\": \"d601-f103-v2\", \"specAuthority\": \"preinstalled-verified-spec\", \"intent\": \"workspace.rg\", \"contractVersion\": \"hwpod-node-ops-v1\", \"compilerInvocation\": { \"compiler\": \"hwpod-compiler-cli\", \"mode\": \"in-process\", \"entrypoint\": \"tools/src/hwpod-harness-lib.ts\", \"argv\": [ \"compile\", \"--hwpod-id\", \"d601-f103-v2\", \"--intent\", \"workspace.rg\", \"--args\", \"<json>\" ], \"exitCode\": 0, \"action\": \"hwpod-compiler.compile\", \"contractVersion\": \"hwpod-node-ops-v1\", \"planId\": \"hwpod_plan_895d1daf-8fb... exitCode=0"
        },
        {
          "kind": "hwpod-other",
          "seq": 11934,
          "exitCode": 0,
          "command": "hwpod workspace rg \"typedef struct arm_2d_tile_t\" --hwpod-id d601-f103-v2 --workspace-path \"F:'\"\\Work\\HWLAB-CASE-F103\\.worktree\\caserun-d601-f103-v2-arm2d-integration-20260608131849-6756a891\" --context 20 --max-matches 5 projects/01_baseline/Middlewares/Arm-2D/Library/Include/ 2>&1",
          "detail": "stdout: { \"ok\": true, \"action\": \"hwpod-cli.invoke\", \"status\": \"completed\", \"specPath\": \"hwpod://d601-f103-v2\", \"hwpodId\": \"d601-f103-v2\", \"specAuthority\": \"preinstalled-verified-spec\", \"intent\": \"workspace.rg\", \"contractVersion\": \"hwpod-node-ops-v1\", \"compilerInvocation\": { \"compiler\": \"hwpod-compiler-cli\", \"mode\": \"in-process\", \"entrypoint\": \"tools/src/hwpod-harness-lib.ts\", \"argv\": [ \"compile\", \"--hwpod-id\", \"d601-f103-v2\", \"--intent\", \"workspace.rg\", \"--args\", \"<json>\" ], \"exitCode\": 0, \"action\": \"hwpod-compiler.compile\", \"contractVersion\": \"hwpod-node-ops-v1\", \"planId\": \"hwpod_plan_ac7f7d6a-03a... exitCode=0"
        },
        {
          "kind": "hwpod-other",
          "seq": 11942,
          "exitCode": 0,
          "command": "hwpod workspace rg \"struct arm_2d_tile_t\" --hwpod-id d601-f103-v2 --workspace-path \"F:'\"\\Work\\HWLAB-CASE-F103\\.worktree\\caserun-d601-f103-v2-arm2d-integration-20260608131849-6756a891\" --context 30 --max-matches 5 projects/01_baseline/Middlewares/Arm-2D/Library/Include/arm_2d_types.h 2>&1",
          "detail": "stdout: { \"ok\": true, \"action\": \"hwpod-cli.invoke\", \"status\": \"completed\", \"specPath\": \"hwpod://d601-f103-v2\", \"hwpodId\": \"d601-f103-v2\", \"specAuthority\": \"preinstalled-verified-spec\", \"intent\": \"workspace.rg\", \"contractVersion\": \"hwpod-node-ops-v1\", \"compilerInvocation\": { \"compiler\": \"hwpod-compiler-cli\", \"mode\": \"in-process\", \"entrypoint\": \"tools/src/hwpod-harness-lib.ts\", \"argv\": [ \"compile\", \"--hwpod-id\", \"d601-f103-v2\", \"--intent\", \"workspace.rg\", \"--args\", \"<json>\" ], \"exitCode\": 0, \"action\": \"hwpod-compiler.compile\", \"contractVersion\": \"hwpod-node-ops-v1\", \"planId\": \"hwpod_plan_b20e4744-b76... exitCode=0"
        },
        {
          "kind": "hwpod-other",
          "seq": 11945,
          "exitCode": 0,
          "command": "hwpod workspace rg \"arm_2dp_rgb16_fill_colour\" --hwpod-id d601-f103-v2 --workspace-path \"F:'\"\\Work\\HWLAB-CASE-F103\\.worktree\\caserun-d601-f103-v2-arm2d-integration-20260608131849-6756a891\" --context 10 --max-matches 5 projects/01_baseline/Middlewares/Arm-2D/Library/Include/arm_2d_draw.h 2>&1",
          "detail": "stdout: { \"ok\": true, \"action\": \"hwpod-cli.invoke\", \"status\": \"completed\", \"specPath\": \"hwpod://d601-f103-v2\", \"hwpodId\": \"d601-f103-v2\", \"specAuthority\": \"preinstalled-verified-spec\", \"intent\": \"workspace.rg\", \"contractVersion\": \"hwpod-node-ops-v1\", \"compilerInvocation\": { \"compiler\": \"hwpod-compiler-cli\", \"mode\": \"in-process\", \"entrypoint\": \"tools/src/hwpod-harness-lib.ts\", \"argv\": [ \"compile\", \"--hwpod-id\", \"d601-f103-v2\", \"--intent\", \"workspace.rg\", \"--args\", \"<json>\" ], \"exitCode\": 0, \"action\": \"hwpod-compiler.compile\", \"contractVersion\": \"hwpod-node-ops-v1\", \"planId\": \"hwpod_plan_3447d9c5-f8d... exitCode=0"
        },
        {
          "kind": "hwpod-other",
          "seq": 11949,
          "exitCode": 0,
          "command": "hwpod workspace ls --hwpod-id d601-f103-v2 --workspace-path \"F:'\"\\Work\\HWLAB-CASE-F103\\.worktree\\caserun-d601-f103-v2-arm2d-integration-20260608131849-6756a891\" projects/01_baseline/Projects/ 2>&1",
          "detail": "stdout: { \"ok\": true, \"action\": \"hwpod-cli.invoke\", \"status\": \"completed\", \"specPath\": \"hwpod://d601-f103-v2\", \"hwpodId\": \"d601-f103-v2\", \"specAuthority\": \"preinstalled-verified-spec\", \"intent\": \"workspace.ls\", \"contractVersion\": \"hwpod-node-ops-v1\", \"compilerInvocation\": { \"compiler\": \"hwpod-compiler-cli\", \"mode\": \"in-process\", \"entrypoint\": \"tools/src/hwpod-harness-lib.ts\", \"argv\": [ \"compile\", \"--hwpod-id\", \"d601-f103-v2\", \"--intent\", \"workspace.ls\", \"--args\", \"<json>\" ], \"exitCode\": 0, \"action\": \"hwpod-compiler.compile\", \"contractVersion\": \"hwpod-node-ops-v1\", \"planId\": \"hwpod_plan_a9ff89f3-022... exitCode=0"
        },
        {
          "kind": "hwpod-other",
          "seq": 11957,
          "exitCode": 0,
          "command": "hwpod workspace rg \"arm_2d_location_t\" --hwpod-id d601-f103-v2 --workspace-path \"F:'\"\\Work\\HWLAB-CASE-F103\\.worktree\\caserun-d601-f103-v2-arm2d-integration-20260608131849-6756a891\" --context 5 --max-matches 5 projects/01_baseline/Middlewares/Arm-2D/Library/Include/arm_2d_types.h 2>&1",
          "detail": "stdout: { \"ok\": true, \"action\": \"hwpod-cli.invoke\", \"status\": \"completed\", \"specPath\": \"hwpod://d601-f103-v2\", \"hwpodId\": \"d601-f103-v2\", \"specAuthority\": \"preinstalled-verified-spec\", \"intent\": \"workspace.rg\", \"contractVersion\": \"hwpod-node-ops-v1\", \"compilerInvocation\": { \"compiler\": \"hwpod-compiler-cli\", \"mode\": \"in-process\", \"entrypoint\": \"tools/src/hwpod-harness-lib.ts\", \"argv\": [ \"compile\", \"--hwpod-id\", \"d601-f103-v2\", \"--intent\", \"workspace.rg\", \"--args\", \"<json>\" ], \"exitCode\": 0, \"action\": \"hwpod-compiler.compile\", \"contractVersion\": \"hwpod-node-ops-v1\", \"planId\": \"hwpod_plan_75b263c1-55c... exitCode=0"
        },
        {
          "kind": "hwpod-other",
          "seq": 11958,
          "exitCode": 0,
          "command": "hwpod workspace rg \"arm_2d_op_fill_cl_t\" --hwpod-id d601-f103-v2 --workspace-path \"F:'\"\\Work\\HWLAB-CASE-F103\\.worktree\\caserun-d601-f103-v2-arm2d-integration-20260608131849-6756a891\" --context 5 --max-matches 5 projects/01_baseline/Middlewares/Arm-2D/Library/Include/ 2>&1",
          "detail": "stdout: { \"ok\": true, \"action\": \"hwpod-cli.invoke\", \"status\": \"completed\", \"specPath\": \"hwpod://d601-f103-v2\", \"hwpodId\": \"d601-f103-v2\", \"specAuthority\": \"preinstalled-verified-spec\", \"intent\": \"workspace.rg\", \"contractVersion\": \"hwpod-node-ops-v1\", \"compilerInvocation\": { \"compiler\": \"hwpod-compiler-cli\", \"mode\": \"in-process\", \"entrypoint\": \"tools/src/hwpod-harness-lib.ts\", \"argv\": [ \"compile\", \"--hwpod-id\", \"d601-f103-v2\", \"--intent\", \"workspace.rg\", \"--args\", \"<json>\" ], \"exitCode\": 0, \"action\": \"hwpod-compiler.compile\", \"contractVersion\": \"hwpod-node-ops-v1\", \"planId\": \"hwpod_plan_2133ad5c-955... exitCode=0"
        },
        {
          "kind": "hwpod-other",
          "seq": 11972,
          "exitCode": 0,
          "command": "hwpod workspace cat projects/01_baseline/User/main.c --hwpod-id d601-f103-v2 --workspace-path \"F:'\"\\Work\\HWLAB-CASE-F103\\.worktree\\caserun-d601-f103-v2-arm2d-integration-20260608131849-6756a891\" 2>&1",
          "detail": "stdout: { \"ok\": true, \"action\": \"hwpod-cli.invoke\", \"status\": \"completed\", \"specPath\": \"hwpod://d601-f103-v2\", \"hwpodId\": \"d601-f103-v2\", \"specAuthority\": \"preinstalled-verified-spec\", \"intent\": \"workspace.cat\", \"contractVersion\": \"hwpod-node-ops-v1\", \"compilerInvocation\": { \"compiler\": \"hwpod-compiler-cli\", \"mode\": \"in-process\", \"entrypoint\": \"tools/src/hwpod-harness-lib.ts\", \"argv\": [ \"compile\", \"--hwpod-id\", \"d601-f103-v2\", \"--intent\", \"workspace.cat\", \"--args\", \"<json>\" ], \"exitCode\": 0, \"action\": \"hwpod-compiler.compile\", \"contractVersion\": \"hwpod-node-ops-v1\", \"planId\": \"hwpod_plan_02405a7e-1... exitCode=0"
        }
      ],
      "kinds": [
        "spec-validate",
        "workspace-edit",
        "build",
        "hwpod-other"
      ]
    },
    "hwpodExitCode": 0,
    "hwpodSource": "case-run-runner-post-agent-compile-check",
    "jobId": "20260608_212444_9b5e910a",
    "keilStatus": "completed",
    "artifacts": [
      "F:\\Work\\HWLAB-CASE-F103\\.worktree\\caserun-d601-f103-v2-arm2d-integration-20260608131849-6756a891\\projects\\01_baseline\\Output\\atk_f103.hex",
      "F:\\Work\\HWLAB-CASE-F103\\.worktree\\caserun-d601-f103-v2-arm2d-integration-20260608131849-6756a891\\projects\\01_baseline\\Output\\atk_f103.axf"
    ],
    "buildJobs": {
      "agentBuildJobIds": [
        "20260608_212341_709bfd89"
      ],
      "postAgentCompileJobId": "20260608_212444_9b5e910a",
      "relationship": "agent-build-observed-plus-runner-post-agent-check",
      "runnerPostAgentCompileCheck": "recorded"
    }
  },
  "collect": {
    "caseRepo": "/root/hwlab-case-registry",
    "caseRepoRunDir": "/root/hwlab-case-registry/runs/d601-f103-v2-arm2d-integration/d601-f103-v2-arm2d-integration-20260608131849-6756a891",
    "caseRepoFiles": [
      "runs/d601-f103-v2-arm2d-integration/d601-f103-v2-arm2d-integration-20260608131849-6756a891/evidence.json",
      "runs/d601-f103-v2-arm2d-integration/d601-f103-v2-arm2d-integration-20260608131849-6756a891/summary.md",
      "runs/d601-f103-v2-arm2d-integration/d601-f103-v2-arm2d-integration-20260608131849-6756a891/aggregate.md",
      "runs/d601-f103-v2-arm2d-integration/d601-f103-v2-arm2d-integration-20260608131849-6756a891/agent-messages.json",
      "runs/d601-f103-v2-arm2d-integration/d601-f103-v2-arm2d-integration-20260608131849-6756a891/agent-trace.md",
      "runs/d601-f103-v2-arm2d-integration/d601-f103-v2-arm2d-integration-20260608131849-6756a891/agent-transcript.md",
      "runs/d601-f103-v2-arm2d-integration/d601-f103-v2-arm2d-integration-20260608131849-6756a891/final-response.md",
      "runs/d601-f103-v2-arm2d-integration/d601-f103-v2-arm2d-integration-20260608131849-6756a891/run.json",
      "runs/d601-f103-v2-arm2d-integration/d601-f103-v2-arm2d-integration-20260608131849-6756a891/result.json",
      "runs/d601-f103-v2-arm2d-integration/d601-f103-v2-arm2d-integration-20260608131849-6756a891/agent-trace.json",
      "runs/d601-f103-v2-arm2d-integration/d601-f103-v2-arm2d-integration-20260608131849-6756a891/agent-prompt.md",
      "runs/d601-f103-v2-arm2d-integration/d601-f103-v2-arm2d-integration-20260608131849-6756a891/agent-diff.patch",
      "runs/d601-f103-v2-arm2d-integration/d601-f103-v2-arm2d-integration-20260608131849-6756a891/.hwlab/hwpod-spec.yaml",
      "runs/d601-f103-v2-arm2d-integration/d601-f103-v2-arm2d-integration-20260608131849-6756a891/worker.stdout.log",
      "runs/d601-f103-v2-arm2d-integration/d601-f103-v2-arm2d-integration-20260608131849-6756a891/worker.stderr.log",
      "runs/d601-f103-v2-arm2d-integration/d601-f103-v2-arm2d-integration-20260608131849-6756a891/artifact-manifest.json"
    ],
    "artifactManifestPath": "/root/hwlab-case-registry/runs/d601-f103-v2-arm2d-integration/d601-f103-v2-arm2d-integration-20260608131849-6756a891/artifact-manifest.json",
    "artifactCount": 16,
    "skippedFiles": [],
    "registrySync": {
      "status": "pushed",
      "path": "runs/d601-f103-v2-arm2d-integration/d601-f103-v2-arm2d-integration-20260608131849-6756a891",
      "paths": [
        "runs/d601-f103-v2-arm2d-integration/d601-f103-v2-arm2d-integration-20260608131849-6756a891"
      ],
      "commitMessage": "data: archive caserun d601-f103-v2-arm2d-integration-20260608131849-6756a891",
      "commitSha": "618cf38",
      "commitStdout": "[main 618cf38] data: archive caserun d601-f103-v2-arm2d-integration-20260608131849-6756a891\n 10 files changed, 4249 insertions(+), 2639 deletions(-)\n",
      "pushStderr": "To github.com:pikasTech/hwlab-case-registry.git\n   0fcd7d4..618cf38  main -> main\n"
    },
    "trace": {
      "traceId": "trc_case_d601-f103-v2-arm2d-integration_b9aaf60daa9540d2b24953a14b862977",
      "sessionId": "ses_7c5a19d4-fe4c-4b28-8f6d-dd1d5871a7ae",
      "conversationId": "cnv_case_d601-f103-v2-arm2d-integration_d601-f103-v2-arm2d-integration-20260608131849-6756a891",
      "providerProfile": "dsflash-go",
      "projectId": "prj_hwpod_workbench",
      "source": "hwlab-cli.client.agent.trace",
      "lookup": {
        "source": "hwlab-cli.client.agent",
        "strategy": "id_plus_existing_cli",
        "note": "CaseRun records trace/session identity and reuses existing HWLAB Web-equivalent agent CLI for trace/result/inspect; it does not implement a separate trace query path.",
        "baseUrl": "http://74.48.78.17:19666",
        "traceId": "trc_case_d601-f103-v2-arm2d-integration_b9aaf60daa9540d2b24953a14b862977",
        "sessionId": "ses_7c5a19d4-fe4c-4b28-8f6d-dd1d5871a7ae",
        "conversationId": "cnv_case_d601-f103-v2-arm2d-integration_d601-f103-v2-arm2d-integration-20260608131849-6756a891",
        "commands": {
          "result": "hwlab-cli client agent result trc_case_d601-f103-v2-arm2d-integration_b9aaf60daa9540d2b24953a14b862977",
          "trace": "hwlab-cli client agent trace trc_case_d601-f103-v2-arm2d-integration_b9aaf60daa9540d2b24953a14b862977 --render web",
          "traceFull": "hwlab-cli client agent trace trc_case_d601-f103-v2-arm2d-integration_b9aaf60daa9540d2b24953a14b862977 --render web --full",
          "inspect": "hwlab-cli client agent inspect --trace-id trc_case_d601-f103-v2-arm2d-integration_b9aaf60daa9540d2b24953a14b862977",
          "sessionStatus": "hwlab-cli client agent session status ses_7c5a19d4-fe4c-4b28-8f6d-dd1d5871a7ae"
        }
      },
      "status": "completed",
      "terminalStatus": "completed",
      "commandCount": 56,
      "hwpodCommandCount": 44,
      "hwpodBuildCommandCount": 1,
      "keilJobCandidates": [
        "20260608_212341_709bfd89"
      ],
      "agentBuildJobIds": [
        "20260608_212341_709bfd89"
      ]
    },
    "traceLookup": {
      "source": "hwlab-cli.client.agent",
      "strategy": "id_plus_existing_cli",
      "note": "CaseRun records trace/session identity and reuses existing HWLAB Web-equivalent agent CLI for trace/result/inspect; it does not implement a separate trace query path.",
      "baseUrl": "http://74.48.78.17:19666",
      "traceId": "trc_case_d601-f103-v2-arm2d-integration_b9aaf60daa9540d2b24953a14b862977",
      "sessionId": "ses_7c5a19d4-fe4c-4b28-8f6d-dd1d5871a7ae",
      "conversationId": "cnv_case_d601-f103-v2-arm2d-integration_d601-f103-v2-arm2d-integration-20260608131849-6756a891",
      "commands": {
        "result": "hwlab-cli client agent result trc_case_d601-f103-v2-arm2d-integration_b9aaf60daa9540d2b24953a14b862977",
        "trace": "hwlab-cli client agent trace trc_case_d601-f103-v2-arm2d-integration_b9aaf60daa9540d2b24953a14b862977 --render web",
        "traceFull": "hwlab-cli client agent trace trc_case_d601-f103-v2-arm2d-integration_b9aaf60daa9540d2b24953a14b862977 --render web --full",
        "inspect": "hwlab-cli client agent inspect --trace-id trc_case_d601-f103-v2-arm2d-integration_b9aaf60daa9540d2b24953a14b862977",
        "sessionStatus": "hwlab-cli client agent session status ses_7c5a19d4-fe4c-4b28-8f6d-dd1d5871a7ae"
      }
    },
    "aggregate": {
      "path": "aggregate.md",
      "bytes": 86580,
      "sha256": "37ea19bc5c8e911a1119b5b2e08d0c7b2ff847e2a3690d3c9b2353f1a64ff35b",
      "primaryEntry": true,
      "aggregationOnly": true,
      "autoEvaluation": false
    },
    "agentStage": {
      "source": "agent-trace-commands",
      "autoEvaluation": false,
      "commands": [
        {
          "kind": "spec-validate",
          "seq": 12432,
          "exitCode": 0,
          "command": "hwpod-ctl spec validate --hwpod-id d601-f103-v2",
          "detail": "stdout: { \"ok\": true, \"action\": \"hwpod-ctl.spec.validate\", \"status\": \"succeeded\", \"specPath\": \"hwpod://d601-f103-v2\", \"hwpodId\": \"d601-f103-v2\", \"specAuthority\": \"preinstalled-verified-spec\", \"document\": { \"apiVersion\": \"hwlab.dev/v0alpha1\", \"kind\": \"Hwpod\", \"metadata\": { \"uid\": \"D601-F103-V2\", \"name\": \"d601-f103-v2\" }, \"spec\": { \"targetDevice\": { \"board\": \"D601-F103-V2\", \"mcu\": \"STM32F103\" }, \"workspace\": { \"path\": \"F:\\\\Work\\\\D601-HWLAB\", \"toolchain\": \"keil-mdk\", \"keilProject\": \"projects/01_baseline/Projects/MDK-ARM/atk_f103.uvprojx\", \"keilTarget\": \"USART\", \"keilCliPath\": \"C:\\\\Users\\\\liang\\\\.agent... exitCode=0"
        },
        {
          "kind": "workspace-edit",
          "seq": 12548,
          "exitCode": 0,
          "command": "hwpod workspace insert-after '\"\\ --path \"projects/01_baseline/User/main.c\" \\ --anchor ' jsonrpc_process();' \\ --line ' d601_arm2d_demo_task();' \\ --hwpod-id d601-f103-v2 \\ --workspace-path \"F:\\Work\\HWLAB-CASE-F103\\.worktree\\caserun-d601-f103-v2-arm2d-integration-20260608131849-6756a891\" 2>&1",
          "detail": "stdout: { \"ok\": true, \"action\": \"hwpod-cli.invoke\", \"status\": \"completed\", \"specPath\": \"hwpod://d601-f103-v2\", \"hwpodId\": \"d601-f103-v2\", \"specAuthority\": \"preinstalled-verified-spec\", \"intent\": \"workspace.insert-after\", \"contractVersion\": \"hwpod-node-ops-v1\", \"compilerInvocation\": { \"compiler\": \"hwpod-compiler-cli\", \"mode\": \"in-process\", \"entrypoint\": \"tools/src/hwpod-harness-lib.ts\", \"argv\": [ \"compile\", \"--hwpod-id\", \"d601-f103-v2\", \"--intent\", \"workspace.insert-after\", \"--args\", \"<json>\" ], \"exitCode\": 0, \"action\": \"hwpod-compiler.compile\", \"contractVersion\": \"hwpod-node-ops-v1\", \"planId\": \"hwp... exitCode=0"
        },
        {
          "kind": "build",
          "seq": 13577,
          "exitCode": 0,
          "command": "hwpod build '\"\\ --hwpod-id d601-f103-v2 \\ --workspace-path \"F:\\Work\\HWLAB-CASE-F103\\.worktree\\caserun-d601-f103-v2-arm2d-integration-20260608131849-6756a891\" \\ --target USART 2>&1",
          "detail": "stdout: { \"ok\": true, \"action\": \"hwpod-cli.invoke\", \"status\": \"completed\", \"specPath\": \"hwpod://d601-f103-v2\", \"hwpodId\": \"d601-f103-v2\", \"specAuthority\": \"preinstalled-verified-spec\", \"intent\": \"debug.build\", \"contractVersion\": \"hwpod-node-ops-v1\", \"compilerInvocation\": { \"compiler\": \"hwpod-compiler-cli\", \"mode\": \"in-process\", \"entrypoint\": \"tools/src/hwpod-harness-lib.ts\", \"argv\": [ \"compile\", \"--hwpod-id\", \"d601-f103-v2\", \"--intent\", \"debug.build\", \"--args\", \"<json>\" ], \"exitCode\": 0, \"action\": \"hwpod-compiler.compile\", \"contractVersion\": \"hwpod-node-ops-v1\", \"planId\": \"hwpod_plan_166b38bf-3958-... exitCode=0"
        },
        {
          "kind": "workspace-edit",
          "seq": 12365,
          "exitCode": 0,
          "command": "hwpod workspace apply-patch '\"\\ --hwpod-id d601-f103-v2 \\ --workspace-path \"F:\\Work\\HWLAB-CASE-F103\\.worktree\\caserun-d601-f103-v2-arm2d-integration-20260608131849-6756a891\" \\ --reason \"Rewrite d601_arm2d_demo.c with full ARM-2D demo implementation\" 2>&1",
          "detail": "stdout: { \"ok\": true, \"action\": \"hwpod-cli.invoke\", \"status\": \"completed\", \"specPath\": \"hwpod://d601-f103-v2\", \"hwpodId\": \"d601-f103-v2\", \"specAuthority\": \"preinstalled-verified-spec\", \"intent\": \"workspace.apply-patch\", \"contractVersion\": \"hwpod-node-ops-v1\", \"compilerInvocation\": { \"compiler\": \"hwpod-compiler-cli\", \"mode\": \"in-process\", \"entrypoint\": \"tools/src/hwpod-harness-lib.ts\", \"argv\": [ \"compile\", \"--hwpod-id\", \"d601-f103-v2\", \"--intent\", \"workspace.apply-patch\", \"--args\", \"<json>\" ], \"exitCode\": 0, \"action\": \"hwpod-compiler.compile\", \"contractVersion\": \"hwpod-node-ops-v1\", \"planId\": \"hwpod... exitCode=0"
        },
        {
          "kind": "workspace-edit",
          "seq": 12359,
          "exitCode": 1,
          "command": "hwpod workspace apply-patch \\ --hwpod-id d601-f103-v2 \\ --workspace-path \"F:\\Work\\HWLAB-CASE-F103\\.worktree\\caserun-d601-f103-v2-arm2d-integration-20260608131849-6756a891\" \\ --reason \"Rewrite d601_arm2d_demo.c with full ARM-2D demo implementation\" \\ --patch-content \"\"'$(cat)\" *** Update File: projects/01_baseline/User/d601_arm2d_demo.c @@ -1,104 +1,232 @@ +#include \"d601_arm2d_demo.h\" +#include \"d601_lcd.h\" +#include \"stm32f1xx_hal.h\" +#include \"arm_2d.h\" + +#include <stdint.h> +#include <string.h> +#include <stdio.h> + +/* PFB and display constants */ +#define D601_ARM2D_PFB_WIDTH 240U +#define D601_ARM2D_PFB_LINES 32U + +/* RGB565 colour helper macro */ +#define D601_RGB565(__R, __G, __B) '\"\\ + (uint16_t)((((uint16_t)(__R) & 0xF8U) << 8) | \\ + (((uint16_t)(__G) & 0xFCU) << 3) | \\ + ((uint16_t)(__B) >...",
          "detail": "stdout: { \"ok\": false, \"action\": \"hwpod-cli.invoke\", \"status\": \"failed\", \"specPath\": \"hwpod://d601-f103-v2\", \"hwpodId\": \"d601-f103-v2\", \"specAuthority\": \"preinstalled-verified-spec\", \"intent\": \"workspace.apply-patch\", \"contractVersion\": \"hwpod-node-ops-v1\", \"compilerInvocation\": { \"compiler\": \"hwpod-compiler-cli\", \"mode\": \"in ... clipped ..."
        },
        {
          "kind": "hwpod-other",
          "seq": 12372,
          "exitCode": 0,
          "command": "hwpod workspace cat projects/01_baseline/User/main.c --hwpod-id d601-f103-v2 --workspace-path \"F:'\"\\Work\\HWLAB-CASE-F103\\.worktree\\caserun-d601-f103-v2-arm2d-integration-20260608131849-6756a891\" 2>&1",
          "detail": "stdout: { \"ok\": true, \"action\": \"hwpod-cli.invoke\", \"status\": \"completed\", \"specPath\": \"hwpod://d601-f103-v2\", \"hwpodId\": \"d601-f103-v2\", \"specAuthority\": \"preinstalled-verified-spec\", \"intent\": \"workspace.cat\", \"contractVersion\": \"hwpod-node-ops-v1\", \"compilerInvocation\": { \"compiler\": \"hwpod-compiler-cli\", \"mode\": \"in-process\", \"entrypoint\": \"tools/src/hwpod-harness-lib.ts\", \"argv\": [ \"compile\", \"--hwpod-id\", \"d601-f103-v2\", \"--intent\", \"workspace.cat\", \"--args\", \"<json>\" ], \"exitCode\": 0, \"action\": \"hwpod-compiler.compile\", \"contractVersion\": \"hwpod-node-ops-v1\", \"planId\": \"hwpod_plan_921bb276-7... exitCode=0"
        },
        {
          "kind": "hwpod-other",
          "seq": 12373,
          "exitCode": 0,
          "command": "hwpod workspace cat projects/01_baseline/User/d601_arm2d_demo.c --hwpod-id d601-f103-v2 --workspace-path \"F:'\"\\Work\\HWLAB-CASE-F103\\.worktree\\caserun-d601-f103-v2-arm2d-integration-20260608131849-6756a891\" 2>&1",
          "detail": "stdout: { \"ok\": true, \"action\": \"hwpod-cli.invoke\", \"status\": \"completed\", \"specPath\": \"hwpod://d601-f103-v2\", \"hwpodId\": \"d601-f103-v2\", \"specAuthority\": \"preinstalled-verified-spec\", \"intent\": \"workspace.cat\", \"contractVersion\": \"hwpod-node-ops-v1\", \"compilerInvocation\": { \"compiler\": \"hwpod-compiler-cli\", \"mode\": \"in-process\", \"entrypoint\": \"tools/src/hwpod-harness-lib.ts\", \"argv\": [ \"compile\", \"--hwpod-id\", \"d601-f103-v2\", \"--intent\", \"workspace.cat\", \"--args\", \"<json>\" ], \"exitCode\": 0, \"action\": \"hwpod-compiler.compile\", \"contractVersion\": \"hwpod-node-ops-v1\", \"planId\": \"hwpod_plan_cd0d96c3-3... exitCode=0"
        },
        {
          "kind": "hwpod-other",
          "seq": 12377,
          "exitCode": 0,
          "command": "hwpod workspace rg \"''^void d601_arm2d_demo_task\" --hwpod-id d601-f103-v2 --workspace-path \"F:'\"\\Work\\HWLAB-CASE-F103\\.worktree\\caserun-d601-f103-v2-arm2d-integration-20260608131849-6756a891\" --context 3 --max-matches 10 projects/01_baseline/User/d601_arm2d_demo.c 2>&1",
          "detail": "stdout: { \"ok\": true, \"action\": \"hwpod-cli.invoke\", \"status\": \"completed\", \"specPath\": \"hwpod://d601-f103-v2\", \"hwpodId\": \"d601-f103-v2\", \"specAuthority\": \"preinstalled-verified-spec\", \"intent\": \"workspace.rg\", \"contractVersion\": \"hwpod-node-ops-v1\", \"compilerInvocation\": { \"compiler\": \"hwpod-compiler-cli\", \"mode\": \"in-process\", \"entrypoint\": \"tools/src/hwpod-harness-lib.ts\", \"argv\": [ \"compile\", \"--hwpod-id\", \"d601-f103-v2\", \"--intent\", \"workspace.rg\", \"--args\", \"<json>\" ], \"exitCode\": 0, \"action\": \"hwpod-compiler.compile\", \"contractVersion\": \"hwpod-node-ops-v1\", \"planId\": \"hwpod_plan_21713733-903... exitCode=0"
        },
        {
          "kind": "workspace-edit",
          "seq": 12383,
          "exitCode": 0,
          "command": "hwpod workspace write '\"\\ --path \"projects/01_baseline/User/d601_arm2d_demo.c\" \\ --content \"\"'$(cat /tmp/new_demo.c)\" '\"\\ --hwpod-id d601-f103-v2 \\ --workspace-path \"F:\\Work\\HWLAB-CASE-F103\\.worktree\\caserun-d601-f103-v2-arm2d-integration-20260608131849-6756a891\" 2>&1",
          "detail": "stdout: { \"ok\": true, \"action\": \"hwpod-cli.invoke\", \"status\": \"completed\", \"specPath\": \"hwpod://d601-f103-v2\", \"hwpodId\": \"d601-f103-v2\", \"specAuthority\": \"preinstalled-verified-spec\", \"intent\": \"workspace.write\", \"contractVersion\": \"hwpod-node-ops-v1\", \"compilerInvocation\": { \"compiler\": \"hwpod-compiler-cli\", \"mode\": \"in-process\", \"entrypoint\": \"tools/src/hwpod-harness-lib.ts\", \"argv\": [ \"compile\", \"--hwpod-id\", \"d601-f103-v2\", \"--intent\", \"workspace.write\", \"--args\", \"<json>\" ], \"exitCode\": 0, \"action\": \"hwpod-compiler.compile\", \"contractVersion\": \"hwpod-node-ops-v1\", \"planId\": \"hwpod_plan_1cd05d... exitCode=0"
        },
        {
          "kind": "hwpod-other",
          "seq": 12402,
          "exitCode": 127,
          "command": "hwpod && command -v hwpod-ctl",
          "detail": "stdout: exitCode=127"
        },
        {
          "kind": "hwpod-other",
          "seq": 12531,
          "exitCode": 0,
          "command": "hwpod workspace rg \"arm_2d_op_fill_cl_t\" --hwpod-id d601-f103-v2 --workspace-path \"F:'\"\\Work\\HWLAB-CASE-F103\\.worktree\\caserun-d601-f103-v2-arm2d-integration-20260608131849-6756a891\" --context 5 --max-matches 5 projects/01_baseline/Middlewares/Arm-2D/Library/Include/ 2>&1",
          "detail": "stdout: { \"ok\": true, \"action\": \"hwpod-cli.invoke\", \"status\": \"completed\", \"specPath\": \"hwpod://d601-f103-v2\", \"hwpodId\": \"d601-f103-v2\", \"specAuthority\": \"preinstalled-verified-spec\", \"intent\": \"workspace.rg\", \"contractVersion\": \"hwpod-node-ops-v1\", \"compilerInvocation\": { \"compiler\": \"hwpod-compiler-cli\", \"mode\": \"in-process\", \"entrypoint\": \"tools/src/hwpod-harness-lib.ts\", \"argv\": [ \"compile\", \"--hwpod-id\", \"d601-f103-v2\", \"--intent\", \"workspace.rg\", \"--args\", \"<json>\" ], \"exitCode\": 0, \"action\": \"hwpod-compiler.compile\", \"contractVersion\": \"hwpod-node-ops-v1\", \"planId\": \"hwpod_plan_2133ad5c-955... exitCode=0"
        },
        {
          "kind": "workspace-edit",
          "seq": 12537,
          "exitCode": 0,
          "command": "hwpod workspace insert-after '\"\\ --path \"projects/01_baseline/User/main.c\" \\ --anchor '#include \"d601_lcd.h\"' \\ --line '#include \"d601_arm2d_demo.h\"' \\ --hwpod-id d601-f103-v2 \\ --workspace-path \"F:\\Work\\HWLAB-CASE-F103\\.worktree\\caserun-d601-f103-v2-arm2d-integration-20260608131849-6756a891\" 2>&1",
          "detail": "stdout: { \"ok\": true, \"action\": \"hwpod-cli.invoke\", \"status\": \"completed\", \"specPath\": \"hwpod://d601-f103-v2\", \"hwpodId\": \"d601-f103-v2\", \"specAuthority\": \"preinstalled-verified-spec\", \"intent\": \"workspace.insert-after\", \"contractVersion\": \"hwpod-node-ops-v1\", \"compilerInvocation\": { \"compiler\": \"hwpod-compiler-cli\", \"mode\": \"in-process\", \"entrypoint\": \"tools/src/hwpod-harness-lib.ts\", \"argv\": [ \"compile\", \"--hwpod-id\", \"d601-f103-v2\", \"--intent\", \"workspace.insert-after\", \"--args\", \"<json>\" ], \"exitCode\": 0, \"action\": \"hwpod-compiler.compile\", \"contractVersion\": \"hwpod-node-ops-v1\", \"planId\": \"hwp... exitCode=0"
        },
        {
          "kind": "workspace-edit",
          "seq": 12542,
          "exitCode": 0,
          "command": "hwpod workspace insert-after '\"\\ --path \"projects/01_baseline/User/main.c\" \\ --anchor ' d601_gpio_init();' \\ --line ' d601_arm2d_demo_show();' \\ --hwpod-id d601-f103-v2 \\ --workspace-path \"F:\\Work\\HWLAB-CASE-F103\\.worktree\\caserun-d601-f103-v2-arm2d-integration-20260608131849-6756a891\" 2>&1",
          "detail": "stdout: { \"ok\": true, \"action\": \"hwpod-cli.invoke\", \"status\": \"completed\", \"specPath\": \"hwpod://d601-f103-v2\", \"hwpodId\": \"d601-f103-v2\", \"specAuthority\": \"preinstalled-verified-spec\", \"intent\": \"workspace.insert-after\", \"contractVersion\": \"hwpod-node-ops-v1\", \"compilerInvocation\": { \"compiler\": \"hwpod-compiler-cli\", \"mode\": \"in-process\", \"entrypoint\": \"tools/src/hwpod-harness-lib.ts\", \"argv\": [ \"compile\", \"--hwpod-id\", \"d601-f103-v2\", \"--intent\", \"workspace.insert-after\", \"--args\", \"<json>\" ], \"exitCode\": 0, \"action\": \"hwpod-compiler.compile\", \"contractVersion\": \"hwpod-node-ops-v1\", \"planId\": \"hwp... exitCode=0"
        },
        {
          "kind": "hwpod-other",
          "seq": 12545,
          "exitCode": 0,
          "command": "hwpod workspace cat projects/01_baseline/User/main.c --hwpod-id d601-f103-v2 --workspace-path \"F:'\"\\Work\\HWLAB-CASE-F103\\.worktree\\caserun-d601-f103-v2-arm2d-integration-20260608131849-6756a891\" 2>&1",
          "detail": "stdout: { \"ok\": true, \"action\": \"hwpod-cli.invoke\", \"status\": \"completed\", \"specPath\": \"hwpod://d601-f103-v2\", \"hwpodId\": \"d601-f103-v2\", \"specAuthority\": \"preinstalled-verified-spec\", \"intent\": \"workspace.cat\", \"contractVersion\": \"hwpod-node-ops-v1\", \"compilerInvocation\": { \"compiler\": \"hwpod-compiler-cli\", \"mode\": \"in-process\", \"entrypoint\": \"tools/src/hwpod-harness-lib.ts\", \"argv\": [ \"compile\", \"--hwpod-id\", \"d601-f103-v2\", \"--intent\", \"workspace.cat\", \"--args\", \"<json>\" ], \"exitCode\": 0, \"action\": \"hwpod-compiler.compile\", \"contractVersion\": \"hwpod-node-ops-v1\", \"planId\": \"hwpod_plan_02405a7e-1... exitCode=0"
        },
        {
          "kind": "hwpod-other",
          "seq": 12775,
          "exitCode": 0,
          "command": "hwpod workspace rg \"''^void d601_arm2d_demo_task|''^static void arm2d_wait|''^static void arm2d_tile_bind|''^static void arm2d_fill_local\" --hwpod-id d601-f103-v2 --workspace-path \"F:'\"\\Work\\HWLAB-CASE-F103\\.worktree\\caserun-d601-f103-v2-arm2d-integration-20260608131849-6756a891\" --context 1 --max-matches 20 projects/01_baseline/User/d601_arm2d_demo.c 2>&1",
          "detail": "stdout: { \"ok\": true, \"action\": \"hwpod-cli.invoke\", \"status\": \"completed\", \"specPath\": \"hwpod://d601-f103-v2\", \"hwpodId\": \"d601-f103-v2\", \"specAuthority\": \"preinstalled-verified-spec\", \"intent\": \"workspace.rg\", \"contractVersion\": \"hwpod-node-ops-v1\", \"compilerInvocation\": { \"compiler\": \"hwpod-compiler-cli\", \"mode\": \"in-process\", \"entrypoint\": \"tools/src/hwpod-harness-lib.ts\", \"argv\": [ \"compile\", \"--hwpod-id\", \"d601-f103-v2\", \"--intent\", \"workspace.rg\", \"--args\", \"<json>\" ], \"exitCode\": 0, \"action\": \"hwpod-compiler.compile\", \"contractVersion\": \"hwpod-node-ops-v1\", \"planId\": \"hwpod_plan_6d6e5dc9-e88... exitCode=0"
        },
        {
          "kind": "hwpod-other",
          "seq": 14604,
          "exitCode": 0,
          "command": "hwpod job status 20260608_212341_709bfd89 --hwpod-id d601-f103-v2 --workspace-path \"F:'\"\\Work\\HWLAB-CASE-F103\\.worktree\\caserun-d601-f103-v2-arm2d-integration-20260608131849-6756a891\" 2>&1",
          "detail": "stdout: { \"ok\": true, \"action\": \"hwpod-cli.invoke\", \"status\": \"completed\", \"specPath\": \"hwpod://d601-f103-v2\", \"hwpodId\": \"d601-f103-v2\", \"specAuthority\": \"preinstalled-verified-spec\", \"intent\": \"debug.job-status\", \"contractVersion\": \"hwpod-node-ops-v1\", \"compilerInvocation\": { \"compiler\": \"hwpod-compiler-cli\", \"mode\": \"in-process\", \"entrypoint\": \"tools/src/hwpod-harness-lib.ts\", \"argv\": [ \"compile\", \"--hwpod-id\", \"d601-f103-v2\", \"--intent\", \"debug.job-status\", \"--args\", \"<json>\" ], \"exitCode\": 0, \"action\": \"hwpod-compiler.compile\", \"contractVersion\": \"hwpod-node-ops-v1\", \"planId\": \"hwpod_plan_1a60... exitCode=0"
        },
        {
          "kind": "hwpod-other",
          "seq": 15229,
          "exitCode": 0,
          "command": "hwpod workspace rg \"Program Size:|Error|Warning\" --hwpod-id d601-f103-v2 --workspace-path \"F:'\"\\Work\\HWLAB-CASE-F103\\.worktree\\caserun-d601-f103-v2-arm2d-integration-20260608131849-6756a891\" --context 2 --max-matches 50 projects/01_baseline/Projects/MDK-ARM/output/ 2>&1",
          "detail": "stdout: { \"ok\": true, \"action\": \"hwpod-cli.invoke\", \"status\": \"completed\", \"specPath\": \"hwpod://d601-f103-v2\", \"hwpodId\": \"d601-f103-v2\", \"specAuthority\": \"preinstalled-verified-spec\", \"intent\": \"workspace.rg\", \"contractVersion\": \"hwpod-node-ops-v1\", \"compilerInvocation\": { \"compiler\": \"hwpod-compiler-cli\", \"mode\": \"in-process\", \"entrypoint\": \"tools/src/hwpod-harness-lib.ts\", \"argv\": [ \"compile\", \"--hwpod-id\", \"d601-f103-v2\", \"--intent\", \"workspace.rg\", \"--args\", \"<json>\" ], \"exitCode\": 0, \"action\": \"hwpod-compiler.compile\", \"contractVersion\": \"hwpod-node-ops-v1\", \"planId\": \"hwpod_plan_44e09056-af9... exitCode=0"
        },
        {
          "kind": "hwpod-other",
          "seq": 16083,
          "exitCode": 0,
          "command": "hwpod workspace rg \"''^#include|d601_arm2d_demo_show|d601_arm2d_demo_task\" --hwpod-id d601-f103-v2 --workspace-path \"F:'\"\\Work\\HWLAB-CASE-F103\\.worktree\\caserun-d601-f103-v2-arm2d-integration-20260608131849-6756a891\" --context 1 --max-matches 20 projects/01_baseline/User/main.c 2>&1",
          "detail": "stdout: { \"ok\": true, \"action\": \"hwpod-cli.invoke\", \"status\": \"completed\", \"specPath\": \"hwpod://d601-f103-v2\", \"hwpodId\": \"d601-f103-v2\", \"specAuthority\": \"preinstalled-verified-spec\", \"intent\": \"workspace.rg\", \"contractVersion\": \"hwpod-node-ops-v1\", \"compilerInvocation\": { \"compiler\": \"hwpod-compiler-cli\", \"mode\": \"in-process\", \"entrypoint\": \"tools/src/hwpod-harness-lib.ts\", \"argv\": [ \"compile\", \"--hwpod-id\", \"d601-f103-v2\", \"--intent\", \"workspace.rg\", \"--args\", \"<json>\" ], \"exitCode\": 0, \"action\": \"hwpod-compiler.compile\", \"contractVersion\": \"hwpod-node-ops-v1\", \"planId\": \"hwpod_plan_895d1daf-8fb... exitCode=0"
        },
        {
          "kind": "hwpod-other",
          "seq": 12416,
          "exitCode": 0,
          "command": "hwpod && command -v hwpod-ctl",
          "detail": "stdout: /home/agentrun/workspaces/gitbundle-b4fc4ccdb18c58e2/workspace/tools/hwpod /home/agentrun/workspaces/gitbundle-b4fc4ccdb18c58e2/workspace/tools/hwpod-ctl exitCode=0"
        },
        {
          "kind": "hwpod-other",
          "seq": 12434,
          "exitCode": 0,
          "command": "hwpod workspace --help 2>&1 || hwpod --help 2>&1 | head -40",
          "detail": "stdout: { \"ok\": true, \"action\": \"hwpod-cli.workspace.help\", \"status\": \"succeeded\", \"contractVersion\": \"hwpod-node-ops-v1\", \"command\": \"workspace\", \"subcommand\": null, \"usage\": [ \"hwpod workspace ls [path] --hwpod-id d601-f103-v2 --workspace-path <run-worktree>\", \"hwpod workspace cat <path> --hwpod-id d601-f103-v2 --workspace-path <run-worktree>\", \"hwpod workspace read <path> --hwpod-id d601-f103-v2 --workspace-path <run-worktree>\", \"hwpod workspace rg <pattern> [path] --context 3 --max-matches 20 --hwpod-id d601-f103-v2 --workspace-path <run-worktree>\", \"hwpod workspace write --path <path> --conten... exitCode=0"
        },
        {
          "kind": "hwpod-other",
          "seq": 12439,
          "exitCode": 0,
          "command": "hwpod workspace ls projects/01_baseline/ --hwpod-id d601-f103-v2 --workspace-path \"F:'\"\\Work\\HWLAB-CASE-F103\\.worktree\\caserun-d601-f103-v2-arm2d-integration-20260608131849-6756a891\"",
          "detail": "stdout: { \"ok\": true, \"action\": \"hwpod-cli.invoke\", \"status\": \"completed\", \"specPath\": \"hwpod://d601-f103-v2\", \"hwpodId\": \"d601-f103-v2\", \"specAuthority\": \"preinstalled-verified-spec\", \"intent\": \"workspace.ls\", \"contractVersion\": \"hwpod-node-ops-v1\", \"compilerInvocation\": { \"compiler\": \"hwpod-compiler-cli\", \"mode\": \"in-process\", \"entrypoint\": \"tools/src/hwpod-harness-lib.ts\", \"argv\": [ \"compile\", \"--hwpod-id\", \"d601-f103-v2\", \"--intent\", \"workspace.ls\", \"--args\", \"<json>\" ], \"exitCode\": 0, \"action\": \"hwpod-compiler.compile\", \"contractVersion\": \"hwpod-node-ops-v1\", \"planId\": \"hwpod_plan_e200051b-c38... exitCode=0"
        },
        {
          "kind": "hwpod-other",
          "seq": 12440,
          "exitCode": 0,
          "command": "hwpod workspace ls projects/01_baseline/User/ --hwpod-id d601-f103-v2 --workspace-path \"F:'\"\\Work\\HWLAB-CASE-F103\\.worktree\\caserun-d601-f103-v2-arm2d-integration-20260608131849-6756a891\"",
          "detail": "stdout: { \"ok\": true, \"action\": \"hwpod-cli.invoke\", \"status\": \"completed\", \"specPath\": \"hwpod://d601-f103-v2\", \"hwpodId\": \"d601-f103-v2\", \"specAuthority\": \"preinstalled-verified-spec\", \"intent\": \"workspace.ls\", \"contractVersion\": \"hwpod-node-ops-v1\", \"compilerInvocation\": { \"compiler\": \"hwpod-compiler-cli\", \"mode\": \"in-process\", \"entrypoint\": \"tools/src/hwpod-harness-lib.ts\", \"argv\": [ \"compile\", \"--hwpod-id\", \"d601-f103-v2\", \"--intent\", \"workspace.ls\", \"--args\", \"<json>\" ], \"exitCode\": 0, \"action\": \"hwpod-compiler.compile\", \"contractVersion\": \"hwpod-node-ops-v1\", \"planId\": \"hwpod_plan_75bfe06e-0d2... exitCode=0"
        },
        {
          "kind": "hwpod-other",
          "seq": 12446,
          "exitCode": 0,
          "command": "hwpod workspace cat projects/01_baseline/User/d601_arm2d_demo.h --hwpod-id d601-f103-v2 --workspace-path \"F:'\"\\Work\\HWLAB-CASE-F103\\.worktree\\caserun-d601-f103-v2-arm2d-integration-20260608131849-6756a891\"",
          "detail": "stdout: { \"ok\": true, \"action\": \"hwpod-cli.invoke\", \"status\": \"completed\", \"specPath\": \"hwpod://d601-f103-v2\", \"hwpodId\": \"d601-f103-v2\", \"specAuthority\": \"preinstalled-verified-spec\", \"intent\": \"workspace.cat\", \"contractVersion\": \"hwpod-node-ops-v1\", \"compilerInvocation\": { \"compiler\": \"hwpod-compiler-cli\", \"mode\": \"in-process\", \"entrypoint\": \"tools/src/hwpod-harness-lib.ts\", \"argv\": [ \"compile\", \"--hwpod-id\", \"d601-f103-v2\", \"--intent\", \"workspace.cat\", \"--args\", \"<json>\" ], \"exitCode\": 0, \"action\": \"hwpod-compiler.compile\", \"contractVersion\": \"hwpod-node-ops-v1\", \"planId\": \"hwpod_plan_a3115be7-1... exitCode=0"
        },
        {
          "kind": "hwpod-other",
          "seq": 12449,
          "exitCode": 0,
          "command": "hwpod workspace cat projects/01_baseline/User/d601_lcd.h --hwpod-id d601-f103-v2 --workspace-path \"F:'\"\\Work\\HWLAB-CASE-F103\\.worktree\\caserun-d601-f103-v2-arm2d-integration-20260608131849-6756a891\"",
          "detail": "stdout: { \"ok\": true, \"action\": \"hwpod-cli.invoke\", \"status\": \"completed\", \"specPath\": \"hwpod://d601-f103-v2\", \"hwpodId\": \"d601-f103-v2\", \"specAuthority\": \"preinstalled-verified-spec\", \"intent\": \"workspace.cat\", \"contractVersion\": \"hwpod-node-ops-v1\", \"compilerInvocation\": { \"compiler\": \"hwpod-compiler-cli\", \"mode\": \"in-process\", \"entrypoint\": \"tools/src/hwpod-harness-lib.ts\", \"argv\": [ \"compile\", \"--hwpod-id\", \"d601-f103-v2\", \"--intent\", \"workspace.cat\", \"--args\", \"<json>\" ], \"exitCode\": 0, \"action\": \"hwpod-compiler.compile\", \"contractVersion\": \"hwpod-node-ops-v1\", \"planId\": \"hwpod_plan_c5cdcdbc-e... exitCode=0"
        },
        {
          "kind": "hwpod-other",
          "seq": 12450,
          "exitCode": 0,
          "command": "hwpod workspace cat projects/01_baseline/User/main.c --hwpod-id d601-f103-v2 --workspace-path \"F:'\"\\Work\\HWLAB-CASE-F103\\.worktree\\caserun-d601-f103-v2-arm2d-integration-20260608131849-6756a891\"",
          "detail": "stdout: { \"ok\": true, \"action\": \"hwpod-cli.invoke\", \"status\": \"completed\", \"specPath\": \"hwpod://d601-f103-v2\", \"hwpodId\": \"d601-f103-v2\", \"specAuthority\": \"preinstalled-verified-spec\", \"intent\": \"workspace.cat\", \"contractVersion\": \"hwpod-node-ops-v1\", \"compilerInvocation\": { \"compiler\": \"hwpod-compiler-cli\", \"mode\": \"in-process\", \"entrypoint\": \"tools/src/hwpod-harness-lib.ts\", \"argv\": [ \"compile\", \"--hwpod-id\", \"d601-f103-v2\", \"--intent\", \"workspace.cat\", \"--args\", \"<json>\" ], \"exitCode\": 0, \"action\": \"hwpod-compiler.compile\", \"contractVersion\": \"hwpod-node-ops-v1\", \"planId\": \"hwpod_plan_5df33183-0... exitCode=0"
        },
        {
          "kind": "hwpod-other",
          "seq": 12456,
          "exitCode": 1,
          "command": "hwpod workspace ls --hwpod-id d601-f103-v2 --workspace-path \"F:'\"\\Work\\HWLAB-CASE-F103\\.worktree\\caserun-d601-f103-v2-arm2d-integration-20260608131849-6756a891\" Middlewares/",
          "detail": "stdout: { \"ok\": false, \"action\": \"hwpod-cli.invoke\", \"status\": \"failed\", \"specPath\": \"hwpod://d601-f103-v2\", \"hwpodId\": \"d601-f103-v2\", \"specAuthority\": \"preinstalled-verified-spec\", \"intent\": \"workspace.ls\", \"contractVersion\": \"hwpod-node-ops-v1\", \"compilerInvocation\": { \"compiler\": \"hwpod-compiler-cli\", \"mode\": \"in-process\", \"entrypoint\": \"tools/src/hwpod-harness-lib.ts\", \"argv\": [ \"compile\", \"--hwpod-id\", \"d601-f103-v2\", \"--intent\", \"workspace.ls\", \"--args\", \"<json>\" ], \"exitCode\": 0, \"action\": \"hwpod-compiler.compile\", \"contractVersion\": \"hwpod-node-ops-v1\", \"planId\": \"hwpod_plan_bf7b418b-d5c0-... exitCode=1"
        },
        {
          "kind": "hwpod-other",
          "seq": 12457,
          "exitCode": 0,
          "command": "hwpod workspace cat projects/01_baseline/User/d601_arm2d_demo.c --hwpod-id d601-f103-v2 --workspace-path \"F:'\"\\Work\\HWLAB-CASE-F103\\.worktree\\caserun-d601-f103-v2-arm2d-integration-20260608131849-6756a891\"",
          "detail": "stdout: { \"ok\": true, \"action\": \"hwpod-cli.invoke\", \"status\": \"completed\", \"specPath\": \"hwpod://d601-f103-v2\", \"hwpodId\": \"d601-f103-v2\", \"specAuthority\": \"preinstalled-verified-spec\", \"intent\": \"workspace.cat\", \"contractVersion\": \"hwpod-node-ops-v1\", \"compilerInvocation\": { \"compiler\": \"hwpod-compiler-cli\", \"mode\": \"in-process\", \"entrypoint\": \"tools/src/hwpod-harness-lib.ts\", \"argv\": [ \"compile\", \"--hwpod-id\", \"d601-f103-v2\", \"--intent\", \"workspace.cat\", \"--args\", \"<json>\" ], \"exitCode\": 0, \"action\": \"hwpod-compiler.compile\", \"contractVersion\": \"hwpod-node-ops-v1\", \"planId\": \"hwpod_plan_182acba2-0... exitCode=0"
        }
      ],
      "kinds": [
        "spec-validate",
        "workspace-edit",
        "build",
        "hwpod-other"
      ]
    },
    "status": "recorded",
    "autoEvaluation": false
  },
  "aggregate": {
    "path": "aggregate.md",
    "bytes": 86579,
    "sha256": "cc7a5b5f3a371108cd07bb03bca94bdfb8ac3909c162d38c39856391b131aaa3",
    "primaryEntry": true,
    "aggregationOnly": true,
    "autoEvaluation": false
  },
  "evidence": {
    "contractVersion": "hwpod-case-run-evidence-v1",
    "caseId": "d601-f103-v2-arm2d-integration",
    "runId": "d601-f103-v2-arm2d-integration-20260608131849-6756a891",
    "compileOnly": true,
    "autoEvaluation": false,
    "status": "recorded",
    "observedAt": "2026-06-08T13:24:50.001Z",
    "apiUrl": "http://74.48.78.17:19667",
    "subject": {
      "repoLocalPath": "F:\\Work\\HWLAB-CASE-F103",
      "commitId": "14a414da470013914b2a19229c36f2e9f8e2da4f",
      "subdir": "projects/01_baseline",
      "worktreePath": "F:\\Work\\HWLAB-CASE-F103\\.worktree\\caserun-d601-f103-v2-arm2d-integration-20260608131849-6756a891",
      "workspacePath": "F:\\Work\\HWLAB-CASE-F103\\.worktree\\caserun-d601-f103-v2-arm2d-integration-20260608131849-6756a891",
      "setup": {
        "httpStatus": 200,
        "planId": "case_subject_c435a46e-7151-4a97-b533-0c85cbcf631b",
        "nodeId": "node-d601-f103-v2",
        "exitCode": 0,
        "stdout": "HEAD is now at 14a414d feat: add arm2d-skill to subject repo for case 04 agent reference\n14a414da470013914b2a19229c36f2e9f8e2da4f\ncaseRunKeilSidecars {\"copied\":1,\"copiedFiles\":[{\"ext\":\".uvoptx\",\"source\":\"projects\\\\01_baseline\\\\Projects\\\\MDK-ARM\\\\atk_f103.uvoptx\",\"destination\":\".worktree\\\\caserun-d601-f103-v2-arm2d-integration-20260608131849-6756a891\\\\projects\\\\01_baseline\\\\Projects\\\\MDK-ARM\\\\atk_f103.uvoptx\"}],\"missing\":[\"projects\\\\01_baseline\\\\Projects\\\\MDK-ARM\\\\atk_f103.uvopt\"],\"sourceBase\":\"projects\\\\01_baseline\\\\Projects\\\\MDK-ARM\\\\atk_f103\",\"destinationBase\":\".worktree\\\\caserun-d601-f103-v2-arm2d-integration-20260608131849-6756a891\\\\projects\\\\01_baseline\\\\Projects\\\\MDK-ARM\\\\atk_f103\"}",
        "stderr": "Preparing worktree (detached HEAD 14a414d)",
        "keilSidecars": {
          "copied": 1,
          "copiedFiles": [
            {
              "ext": ".uvoptx",
              "source": "projects\\01_baseline\\Projects\\MDK-ARM\\atk_f103.uvoptx",
              "destination": ".worktree\\caserun-d601-f103-v2-arm2d-integration-20260608131849-6756a891\\projects\\01_baseline\\Projects\\MDK-ARM\\atk_f103.uvoptx"
            }
          ],
          "missing": [
            "projects\\01_baseline\\Projects\\MDK-ARM\\atk_f103.uvopt"
          ],
          "sourceBase": "projects\\01_baseline\\Projects\\MDK-ARM\\atk_f103",
          "destinationBase": ".worktree\\caserun-d601-f103-v2-arm2d-integration-20260608131849-6756a891\\projects\\01_baseline\\Projects\\MDK-ARM\\atk_f103",
          "line": "caseRunKeilSidecars {\"copied\":1,\"copiedFiles\":[{\"ext\":\".uvoptx\",\"source\":\"projects\\\\01_baseline\\\\Projects\\\\MDK-ARM\\\\atk_f103.uvoptx\",\"destination\":\".worktree\\\\caserun-d601-f103-v2-arm2d-integration-20260608131849-6756a891\\\\projects\\\\01_baseline\\\\Projects\\\\MDK-ARM\\\\atk_f103.uvoptx\"}],\"missing\":[\"projects\\\\01_baseline\\\\Projects\\\\MDK-ARM\\\\atk_f103.uvopt\"],\"sourceBase\":\"projects\\\\01_baseline\\\\Projects\\\\MDK-ARM\\\\atk_f103\",\"destinationBase\":\".worktree\\\\caserun-d601-f103-v2-arm2d-integration-20260608131849-6756a891\\\\projects\\\\01_baseline\\\\Projects\\\\MDK-ARM\\\\atk_f103\"}"
        }
      },
      "sourceRootBaseline": {
        "label": "before-prepare",
        "statusShort": "M projects/01_baseline/Projects/MDK-ARM/atk_f103.uvprojx",
        "diffStat": ".../01_baseline/Projects/MDK-ARM/atk_f103.uvprojx   | 21 ++++++++++++++-------\n 1 file changed, 14 insertions(+), 7 deletions(-)",
        "diffSha256": "a847e886c801a597d96f40017f41c70262b024d5b6208bcc7ae343824c3c8d99",
        "diffBytes": 2029,
        "commands": {
          "status": {
            "label": "source-root-status",
            "httpStatus": 200,
            "exitCode": 0,
            "stdoutBytes": 56,
            "stderr": ""
          },
          "diffStat": {
            "label": "source-root-diff-stat",
            "httpStatus": 200,
            "exitCode": 0,
            "stdoutBytes": 128,
            "stderr": "warning: in the working copy of 'projects/01_baseline/Projects/MDK-ARM/atk_f103.uvprojx', LF will be replaced by CRLF the next time Git touches it"
          },
          "diffPatch": {
            "label": "source-root-diff-patch",
            "httpStatus": 200,
            "exitCode": 0,
            "stdoutBytes": 2029,
            "stderr": "warning: in the working copy of 'projects/01_baseline/Projects/MDK-ARM/atk_f103.uvprojx', LF will be replaced by CRLF the next time Git touches it"
          }
        }
      },
      "sourceRootAfterPrepare": {
        "label": "after-prepare",
        "statusShort": "M projects/01_baseline/Projects/MDK-ARM/atk_f103.uvprojx",
        "diffStat": ".../01_baseline/Projects/MDK-ARM/atk_f103.uvprojx   | 21 ++++++++++++++-------\n 1 file changed, 14 insertions(+), 7 deletions(-)",
        "diffSha256": "a847e886c801a597d96f40017f41c70262b024d5b6208bcc7ae343824c3c8d99",
        "diffBytes": 2029,
        "commands": {
          "status": {
            "label": "source-root-status",
            "httpStatus": 200,
            "exitCode": 0,
            "stdoutBytes": 56,
            "stderr": ""
          },
          "diffStat": {
            "label": "source-root-diff-stat",
            "httpStatus": 200,
            "exitCode": 0,
            "stdoutBytes": 128,
            "stderr": "warning: in the working copy of 'projects/01_baseline/Projects/MDK-ARM/atk_f103.uvprojx', LF will be replaced by CRLF the next time Git touches it"
          },
          "diffPatch": {
            "label": "source-root-diff-patch",
            "httpStatus": 200,
            "exitCode": 0,
            "stdoutBytes": 2029,
            "stderr": "warning: in the working copy of 'projects/01_baseline/Projects/MDK-ARM/atk_f103.uvprojx', LF will be replaced by CRLF the next time Git touches it"
          }
        }
      }
    },
    "agentTask": {
      "workspace": "subjectWorktree",
      "providerProfile": "deepseek",
      "projectId": "prj_hwpod_workbench",
      "timeoutMs": 1200000,
      "promptSha256": "5cb8b327b9352c560a03be622c3810c65e580fff6a31e9711c7a96dbcb6911e8",
      "constraints": [
        "先在 .agents/skills/arm2d-skill/ 中按目录 depth-first 读取全部 skill 参考文件（ARM-2D API 用法、Tile 操作模式、PFB 刷新策略和最佳实践），再从工作区读取 projects/01_baseline/User/d601_arm2d_demo.h、d601_lcd.h 作为上下文；头文件类型定义以项目内的 arm_2d.h、arm_2d_types.h 为校验基准；不要把搜索范围扩成全仓库摸索",
        "只能修改 projects/01_baseline/User/main.c 和 projects/01_baseline/User/d601_arm2d_demo.c",
        "main.c 只加3行：include + show() + task()",
        "d601_arm2d_demo.c 需要重新实现函数体，不能只恢复原来的代码",
        "只做 compile-only build check，不要下载，也不要运行 UART",
        "ARM-2D 库已在 Middlewares/Arm-2D/，d601_lcd 已实现",
        "d601_lcd 已提供 bitmap/string 入口；实现时围绕 LCD bitmap 绘制、stripe/PFB 刷新、FPS 文本和 show()/task() 周期刷新组织代码"
      ]
    },
    "agent": {
      "stageStatus": "completed",
      "baseUrl": "http://74.48.78.17:19666",
      "projectId": "prj_hwpod_workbench",
      "providerProfile": "dsflash-go",
      "conversationId": "cnv_case_d601-f103-v2-arm2d-integration_d601-f103-v2-arm2d-integration-20260608131849-6756a891",
      "sessionId": "ses_7c5a19d4-fe4c-4b28-8f6d-dd1d5871a7ae",
      "traceId": "trc_case_d601-f103-v2-arm2d-integration_b9aaf60daa9540d2b24953a14b862977",
      "promptPath": "/root/hwlab-v02/.state/hwlab-cli/caserun/d601-f103-v2-arm2d-integration-20260608131849-6756a891/agent-prompt.md",
      "promptSha256": "cbd9ffaa5d225fcc2aa87125faf0509435f089e6bfb3099bf5d526057bde4f35",
      "polls": 124,
      "timedOut": false,
      "timeoutMs": 1200000,
      "pollIntervalMs": 1000,
      "lastHttpStatus": 200,
      "nextPollCommand": "hwlab-cli client agent result trc_case_d601-f103-v2-arm2d-integration_b9aaf60daa9540d2b24953a14b862977",
      "traceCommand": "hwlab-cli client agent trace trc_case_d601-f103-v2-arm2d-integration_b9aaf60daa9540d2b24953a14b862977 --render web",
      "inspectCommand": "hwlab-cli client agent inspect --trace-id trc_case_d601-f103-v2-arm2d-integration_b9aaf60daa9540d2b24953a14b862977",
      "sessionCommand": "hwlab-cli client agent session status ses_7c5a19d4-fe4c-4b28-8f6d-dd1d5871a7ae",
      "traceLookup": {
        "source": "hwlab-cli.client.agent",
        "strategy": "id_plus_existing_cli",
        "note": "CaseRun records trace/session identity and reuses existing HWLAB Web-equivalent agent CLI for trace/result/inspect; it does not implement a separate trace query path.",
        "baseUrl": "http://74.48.78.17:19666",
        "traceId": "trc_case_d601-f103-v2-arm2d-integration_b9aaf60daa9540d2b24953a14b862977",
        "sessionId": "ses_7c5a19d4-fe4c-4b28-8f6d-dd1d5871a7ae",
        "conversationId": "cnv_case_d601-f103-v2-arm2d-integration_d601-f103-v2-arm2d-integration-20260608131849-6756a891",
        "commands": {
          "result": "hwlab-cli client agent result trc_case_d601-f103-v2-arm2d-integration_b9aaf60daa9540d2b24953a14b862977",
          "trace": "hwlab-cli client agent trace trc_case_d601-f103-v2-arm2d-integration_b9aaf60daa9540d2b24953a14b862977 --render web",
          "traceFull": "hwlab-cli client agent trace trc_case_d601-f103-v2-arm2d-integration_b9aaf60daa9540d2b24953a14b862977 --render web --full",
          "inspect": "hwlab-cli client agent inspect --trace-id trc_case_d601-f103-v2-arm2d-integration_b9aaf60daa9540d2b24953a14b862977",
          "sessionStatus": "hwlab-cli client agent session status ses_7c5a19d4-fe4c-4b28-8f6d-dd1d5871a7ae"
        }
      }
    },
    "traceLookup": {
      "source": "hwlab-cli.client.agent",
      "strategy": "id_plus_existing_cli",
      "note": "CaseRun records trace/session identity and reuses existing HWLAB Web-equivalent agent CLI for trace/result/inspect; it does not implement a separate trace query path.",
      "baseUrl": "http://74.48.78.17:19666",
      "traceId": "trc_case_d601-f103-v2-arm2d-integration_b9aaf60daa9540d2b24953a14b862977",
      "sessionId": "ses_7c5a19d4-fe4c-4b28-8f6d-dd1d5871a7ae",
      "conversationId": "cnv_case_d601-f103-v2-arm2d-integration_d601-f103-v2-arm2d-integration-20260608131849-6756a891",
      "commands": {
        "result": "hwlab-cli client agent result trc_case_d601-f103-v2-arm2d-integration_b9aaf60daa9540d2b24953a14b862977",
        "trace": "hwlab-cli client agent trace trc_case_d601-f103-v2-arm2d-integration_b9aaf60daa9540d2b24953a14b862977 --render web",
        "traceFull": "hwlab-cli client agent trace trc_case_d601-f103-v2-arm2d-integration_b9aaf60daa9540d2b24953a14b862977 --render web --full",
        "inspect": "hwlab-cli client agent inspect --trace-id trc_case_d601-f103-v2-arm2d-integration_b9aaf60daa9540d2b24953a14b862977",
        "sessionStatus": "hwlab-cli client agent session status ses_7c5a19d4-fe4c-4b28-8f6d-dd1d5871a7ae"
      }
    },
    "agentTrace": {
      "traceId": "trc_case_d601-f103-v2-arm2d-integration_b9aaf60daa9540d2b24953a14b862977",
      "status": "completed",
      "httpStatus": 200,
      "source": "hwlab-cli.client.agent.trace",
      "lookup": {
        "source": "hwlab-cli.client.agent",
        "strategy": "id_plus_existing_cli",
        "note": "CaseRun records trace/session identity and reuses existing HWLAB Web-equivalent agent CLI for trace/result/inspect; it does not implement a separate trace query path.",
        "baseUrl": "http://74.48.78.17:19666",
        "traceId": "trc_case_d601-f103-v2-arm2d-integration_b9aaf60daa9540d2b24953a14b862977",
        "sessionId": "ses_7c5a19d4-fe4c-4b28-8f6d-dd1d5871a7ae",
        "conversationId": "cnv_case_d601-f103-v2-arm2d-integration_d601-f103-v2-arm2d-integration-20260608131849-6756a891",
        "commands": {
          "result": "hwlab-cli client agent result trc_case_d601-f103-v2-arm2d-integration_b9aaf60daa9540d2b24953a14b862977",
          "trace": "hwlab-cli client agent trace trc_case_d601-f103-v2-arm2d-integration_b9aaf60daa9540d2b24953a14b862977 --render web",
          "traceFull": "hwlab-cli client agent trace trc_case_d601-f103-v2-arm2d-integration_b9aaf60daa9540d2b24953a14b862977 --render web --full",
          "inspect": "hwlab-cli client agent inspect --trace-id trc_case_d601-f103-v2-arm2d-integration_b9aaf60daa9540d2b24953a14b862977",
          "sessionStatus": "hwlab-cli client agent session status ses_7c5a19d4-fe4c-4b28-8f6d-dd1d5871a7ae"
        }
      },
      "sourceEventCount": 6000,
      "renderedRowCount": 93,
      "commandCount": 56,
      "hwpodCommandCount": 44,
      "hwpodBuildCommandCount": 1,
      "keilJobCandidates": [
        "20260608_212341_709bfd89"
      ],
      "agentBuildJobIds": [
        "20260608_212341_709bfd89"
      ],
      "terminalStatus": "completed",
      "commands": [
        {
          "source": "trace-row",
          "seq": 12047,
          "rowId": "tool:call_00_hAuwwuXSqPpHzgYq43sc7525",
          "header": "13:19:28 total=00:00:29 ok commandExecution",
          "command": "export PATH=\"$PWD/tools:$PATH\" && hwpod-ctl spec validate --hwpod-id d601-f103-v2",
          "normalizedCommand": "hwpod-ctl spec validate --hwpod-id d601-f103-v2",
          "bodyPreview": "export PATH=\"$PWD/tools:$PATH\" && hwpod-ctl spec validate --hwpod-id d601-f103-v2\nstdout:\n{ \"ok\": true, \"action\": \"hwpod-ctl.spec.validate\", \"status\": \"succeeded\", \"specPath\": \"hwpod://d601-f103-v2\", \"hwpodId\": \"d601-f103-v2\", \"specAuthority\": \"preinstalled-verified-spec\", \"document\": { \"apiVersion\": \"hwlab.dev/v0alpha1\", \"kind\": \"Hwpod\", \"metadata\": { \"uid\": \"D601-F103-V2\", \"name\": \"d601-f103-v2\" }, \"spec\": { \"targetDevice\": { \"board\": \"D601-F103-V2\", \"mcu\": \"STM32F103\" }, \"workspace\": { \"path\": \"F:\\\\Work\\\\D601-HWLAB\", \"toolchain\": \"keil-mdk\", \"keilProject\": \"projects/01_baseline/Projects/MDK-ARM/atk_f103.uvprojx\", \"keilTarget\": \"USART\", \"keilCliPath\": \"C:\\\\Users\\\\liang\\\\.agent...\nexitCode=0",
          "exitCode": 0
        },
        {
          "source": "trace-row",
          "seq": 11964,
          "rowId": "tool:call_00_N8ZEBo9Uh2OIDIZyrrQK3134",
          "header": "13:21:25 total=00:02:26 ok commandExecution",
          "command": "'export PATH=\"$PWD/tools:$PATH\" && hwpod workspace insert-after '\"\\ --path \"projects/01_baseline/User/main.c\" \\ --anchor '#include \"d601_lcd.h\"' \\ --line '#include \"d601_arm2d_demo.h\"' \\ --hwpod-id d601-f103-v2 \\ --workspace-path \"F:\\Work\\HWLAB-CASE-F103\\.worktree\\caserun-d601-f103-v2-arm2d-integration-20260608131849-6756a891\" 2>&1\"",
          "normalizedCommand": "hwpod workspace insert-after '\"\\ --path \"projects/01_baseline/User/main.c\" \\ --anchor '#include \"d601_lcd.h\"' \\ --line '#include \"d601_arm2d_demo.h\"' \\ --hwpod-id d601-f103-v2 \\ --workspace-path \"F:\\Work\\HWLAB-CASE-F103\\.worktree\\caserun-d601-f103-v2-arm2d-integration-20260608131849-6756a891\" 2>&1",
          "bodyPreview": "'export PATH=\"$PWD/tools:$PATH\" && hwpod workspace insert-after '\"\\ --path \"projects/01_baseline/User/main.c\" \\ --anchor '#include \"d601_lcd.h\"' \\ --line '#include \"d601_arm2d_demo.h\"' \\ --hwpod-id d601-f103-v2 \\ --workspace-path \"F:\\Work\\HWLAB-CASE-F103\\.worktree\\caserun-d601-f103-v2-arm2d-integration-20260608131849-6756a891\" 2>&1\"\nstdout:\n{ \"ok\": true, \"action\": \"hwpod-cli.invoke\", \"status\": \"completed\", \"specPath\": \"hwpod://d601-f103-v2\", \"hwpodId\": \"d601-f103-v2\", \"specAuthority\": \"preinstalled-verified-spec\", \"intent\": \"workspace.insert-after\", \"contractVersion\": \"hwpod-node-ops-v1\", \"compilerInvocation\": { \"compiler\": \"hwpod-compiler-cli\", \"mode\": \"in-process\", \"entrypoint\": \"tools/src/hwpod-harness-lib.ts\", \"argv\": [ \"compile\", \"--hwpod-id\", \"d601-f103-v2\", \"--intent\", \"workspace.insert-after\", \"--args\", \"<json>\" ], \"exitCode\": 0, \"action\": \"hwpod-compiler.compile\", \"contractVersion\": \"hwpod-node-ops-v1\", \"planId\": \"hwp...\nexitCode=0",
          "exitCode": 0
        },
        {
          "source": "trace-row",
          "seq": 13577,
          "rowId": "tool:call_00_K5VApzVY1FforDb9DdUi0226",
          "header": "13:23:43 total=00:04:45 ok commandExecution",
          "command": "'export PATH=\"$PWD/tools:$PATH\" && hwpod build '\"\\ --hwpod-id d601-f103-v2 \\ --workspace-path \"F:\\Work\\HWLAB-CASE-F103\\.worktree\\caserun-d601-f103-v2-arm2d-integration-20260608131849-6756a891\" \\ --target USART 2>&1\"",
          "normalizedCommand": "hwpod build '\"\\ --hwpod-id d601-f103-v2 \\ --workspace-path \"F:\\Work\\HWLAB-CASE-F103\\.worktree\\caserun-d601-f103-v2-arm2d-integration-20260608131849-6756a891\" \\ --target USART 2>&1",
          "bodyPreview": "'export PATH=\"$PWD/tools:$PATH\" && hwpod build '\"\\ --hwpod-id d601-f103-v2 \\ --workspace-path \"F:\\Work\\HWLAB-CASE-F103\\.worktree\\caserun-d601-f103-v2-arm2d-integration-20260608131849-6756a891\" \\ --target USART 2>&1\"\nstdout:\n{ \"ok\": true, \"action\": \"hwpod-cli.invoke\", \"status\": \"completed\", \"specPath\": \"hwpod://d601-f103-v2\", \"hwpodId\": \"d601-f103-v2\", \"specAuthority\": \"preinstalled-verified-spec\", \"intent\": \"debug.build\", \"contractVersion\": \"hwpod-node-ops-v1\", \"compilerInvocation\": { \"compiler\": \"hwpod-compiler-cli\", \"mode\": \"in-process\", \"entrypoint\": \"tools/src/hwpod-harness-lib.ts\", \"argv\": [ \"compile\", \"--hwpod-id\", \"d601-f103-v2\", \"--intent\", \"debug.build\", \"--args\", \"<json>\" ], \"exitCode\": 0, \"action\": \"hwpod-compiler.compile\", \"contractVersion\": \"hwpod-node-ops-v1\", \"planId\": \"hwpod_plan_166b38bf-3958-...\nexitCode=0",
          "exitCode": 0
        },
        {
          "source": "trace-row",
          "seq": 11895,
          "rowId": "tool:call_01_qLmhfwfhWucUrLGfSYkf7006",
          "header": "13:20:03 total=00:01:04 ok commandExecution",
          "command": "'export PATH=\"$PWD/tools:$PATH\" && hwpod workspace ls --hwpod-id d601-f103-v2 --workspace-path \"F:'\"\\Work\\HWLAB-CASE-F103\\.worktree\\caserun-d601-f103-v2-arm2d-integration-20260608131849-6756a891\" projects/01_baseline/Middlewares/Arm-2D/Acceleration/arm-2d/ 2>&1\"",
          "normalizedCommand": "hwpod workspace ls --hwpod-id d601-f103-v2 --workspace-path \"F:'\"\\Work\\HWLAB-CASE-F103\\.worktree\\caserun-d601-f103-v2-arm2d-integration-20260608131849-6756a891\" projects/01_baseline/Middlewares/Arm-2D/Acceleration/arm-2d/ 2>&1",
          "bodyPreview": "'export PATH=\"$PWD/tools:$PATH\" && hwpod workspace ls --hwpod-id d601-f103-v2 --workspace-path \"F:'\"\\Work\\HWLAB-CASE-F103\\.worktree\\caserun-d601-f103-v2-arm2d-integration-20260608131849-6756a891\" projects/01_baseline/Middlewares/Arm-2D/Acceleration/arm-2d/ 2>&1\"\nstdout:\n{ \"ok\": false, \"action\": \"hwpod-cli.invoke\", \"status\": \"failed\", \"specPath\": \"hwpod://d601-f103-v2\", \"hwpodId\": \"d601-f103-v2\", \"specAuthority\": \"preinstalled-verified-spec\", \"intent\": \"workspace.ls\", \"contractVersion\": \"hwpod-node-ops-v1\", \"compilerInvocation\": { \"compiler\": \"hwpod-compiler-cli\", \"mode\": \"in-process\", \"entrypoint\": \"tools/src/hwpod-harness-lib.ts\", \"argv\": [ \"compile\", \"--hwpod-id\", \"d601-f103-v2\", \"--intent\", \"workspace.ls\", \"--args\", \"<json>\" ], \"exitCode\": 0, \"action\": \"hwpod-compiler.compile\", \"contractVersion\": \"hwpod-node-ops-v1\", \"planId\": \"hwpod_plan_a9b2870c-1039-...\nexitCode=1",
          "exitCode": 1
        },
        {
          "source": "trace-row",
          "seq": 11896,
          "rowId": "tool:call_00_d5Gor8AeMPezZc6wnl3p1181",
          "header": "13:20:03 total=00:01:04 ok commandExecution",
          "command": "'export PATH=\"$PWD/tools:$PATH\" && hwpod workspace ls --hwpod-id d601-f103-v2 --workspace-path \"F:'\"\\Work\\HWLAB-CASE-F103\\.worktree\\caserun-d601-f103-v2-arm2d-integration-20260608131849-6756a891\" projects/01_baseline/Middlewares/Arm-2D/Acceleration/ 2>&1\"",
          "normalizedCommand": "hwpod workspace ls --hwpod-id d601-f103-v2 --workspace-path \"F:'\"\\Work\\HWLAB-CASE-F103\\.worktree\\caserun-d601-f103-v2-arm2d-integration-20260608131849-6756a891\" projects/01_baseline/Middlewares/Arm-2D/Acceleration/ 2>&1",
          "bodyPreview": "'export PATH=\"$PWD/tools:$PATH\" && hwpod workspace ls --hwpod-id d601-f103-v2 --workspace-path \"F:'\"\\Work\\HWLAB-CASE-F103\\.worktree\\caserun-d601-f103-v2-arm2d-integration-20260608131849-6756a891\" projects/01_baseline/Middlewares/Arm-2D/Acceleration/ 2>&1\"\nstdout:\n{ \"ok\": true, \"action\": \"hwpod-cli.invoke\", \"status\": \"completed\", \"specPath\": \"hwpod://d601-f103-v2\", \"hwpodId\": \"d601-f103-v2\", \"specAuthority\": \"preinstalled-verified-spec\", \"intent\": \"workspace.ls\", \"contractVersion\": \"hwpod-node-ops-v1\", \"compilerInvocation\": { \"compiler\": \"hwpod-compiler-cli\", \"mode\": \"in-process\", \"entrypoint\": \"tools/src/hwpod-harness-lib.ts\", \"argv\": [ \"compile\", \"--hwpod-id\", \"d601-f103-v2\", \"--intent\", \"workspace.ls\", \"--args\", \"<json>\" ], \"exitCode\": 0, \"action\": \"hwpod-compiler.compile\", \"contractVersion\": \"hwpod-node-ops-v1\", \"planId\": \"hwpod_plan_4649498c-d17...\nexitCode=0",
          "exitCode": 0
        },
        {
          "source": "trace-row",
          "seq": 11899,
          "rowId": "tool:call_00_Kf1p7UbIFNopyeazdNVQ1569",
          "header": "13:20:07 total=00:01:08 ok commandExecution",
          "command": "'export PATH=\"$PWD/tools:$PATH\" && hwpod workspace ls --hwpod-id d601-f103-v2 --workspace-path \"F:'\"\\Work\\HWLAB-CASE-F103\\.worktree\\caserun-d601-f103-v2-arm2d-integration-20260608131849-6756a891\" projects/01_baseline/Middlewares/Arm-2D/Acceleration/Arm/ 2>&1\"",
          "normalizedCommand": "hwpod workspace ls --hwpod-id d601-f103-v2 --workspace-path \"F:'\"\\Work\\HWLAB-CASE-F103\\.worktree\\caserun-d601-f103-v2-arm2d-integration-20260608131849-6756a891\" projects/01_baseline/Middlewares/Arm-2D/Acceleration/Arm/ 2>&1",
          "bodyPreview": "'export PATH=\"$PWD/tools:$PATH\" && hwpod workspace ls --hwpod-id d601-f103-v2 --workspace-path \"F:'\"\\Work\\HWLAB-CASE-F103\\.worktree\\caserun-d601-f103-v2-arm2d-integration-20260608131849-6756a891\" projects/01_baseline/Middlewares/Arm-2D/Acceleration/Arm/ 2>&1\"\nstdout:\n{ \"ok\": true, \"action\": \"hwpod-cli.invoke\", \"status\": \"completed\", \"specPath\": \"hwpod://d601-f103-v2\", \"hwpodId\": \"d601-f103-v2\", \"specAuthority\": \"preinstalled-verified-spec\", \"intent\": \"workspace.ls\", \"contractVersion\": \"hwpod-node-ops-v1\", \"compilerInvocation\": { \"compiler\": \"hwpod-compiler-cli\", \"mode\": \"in-process\", \"entrypoint\": \"tools/src/hwpod-harness-lib.ts\", \"argv\": [ \"compile\", \"--hwpod-id\", \"d601-f103-v2\", \"--intent\", \"workspace.ls\", \"--args\", \"<json>\" ], \"exitCode\": 0, \"action\": \"hwpod-compiler.compile\", \"contractVersion\": \"hwpod-node-ops-v1\", \"planId\": \"hwpod_plan_96d11e5c-0d6...\nexitCode=0",
          "exitCode": 0
        },
        {
          "source": "trace-row",
          "seq": 11902,
          "rowId": "tool:call_00_UPMoD0HnBUc81eYmheW23307",
          "header": "13:20:11 total=00:01:12 ok commandExecution",
          "command": "'export PATH=\"$PWD/tools:$PATH\" && hwpod workspace ls --hwpod-id d601-f103-v2 --workspace-path \"F:'\"\\Work\\HWLAB-CASE-F103\\.worktree\\caserun-d601-f103-v2-arm2d-integration-20260608131849-6756a891\" projects/01_baseline/Middlewares/Arm-2D/Acceleration/Arm/ACI/ 2>&1\"",
          "normalizedCommand": "hwpod workspace ls --hwpod-id d601-f103-v2 --workspace-path \"F:'\"\\Work\\HWLAB-CASE-F103\\.worktree\\caserun-d601-f103-v2-arm2d-integration-20260608131849-6756a891\" projects/01_baseline/Middlewares/Arm-2D/Acceleration/Arm/ACI/ 2>&1",
          "bodyPreview": "'export PATH=\"$PWD/tools:$PATH\" && hwpod workspace ls --hwpod-id d601-f103-v2 --workspace-path \"F:'\"\\Work\\HWLAB-CASE-F103\\.worktree\\caserun-d601-f103-v2-arm2d-integration-20260608131849-6756a891\" projects/01_baseline/Middlewares/Arm-2D/Acceleration/Arm/ACI/ 2>&1\"\nstdout:\n{ \"ok\": true, \"action\": \"hwpod-cli.invoke\", \"status\": \"completed\", \"specPath\": \"hwpod://d601-f103-v2\", \"hwpodId\": \"d601-f103-v2\", \"specAuthority\": \"preinstalled-verified-spec\", \"intent\": \"workspace.ls\", \"contractVersion\": \"hwpod-node-ops-v1\", \"compilerInvocation\": { \"compiler\": \"hwpod-compiler-cli\", \"mode\": \"in-process\", \"entrypoint\": \"tools/src/hwpod-harness-lib.ts\", \"argv\": [ \"compile\", \"--hwpod-id\", \"d601-f103-v2\", \"--intent\", \"workspace.ls\", \"--args\", \"<json>\" ], \"exitCode\": 0, \"action\": \"hwpod-compiler.compile\", \"contractVersion\": \"hwpod-node-ops-v1\", \"planId\": \"hwpod_plan_7098b87d-7b5...\nexitCode=0",
          "exitCode": 0
        },
        {
          "source": "trace-row",
          "seq": 11906,
          "rowId": "tool:call_00_144plyBU10flZQraOwEx4794",
          "header": "13:20:16 total=00:01:18 ok commandExecution",
          "command": "'export PATH=\"$PWD/tools:$PATH\" && hwpod workspace rg \"arm_2d'\"\\.h\" --hwpod-id d601-f103-v2 --workspace-path \"F:\\Work\\HWLAB-CASE-F103\\.worktree\\caserun-d601-f103-v2-arm2d-integration-20260608131849-6756a891\" --context 0 --max-matches 30 projects/ 2>&1\"",
          "normalizedCommand": "hwpod workspace rg \"arm_2d'\"\\.h\" --hwpod-id d601-f103-v2 --workspace-path \"F:\\Work\\HWLAB-CASE-F103\\.worktree\\caserun-d601-f103-v2-arm2d-integration-20260608131849-6756a891\" --context 0 --max-matches 30 projects/ 2>&1",
          "bodyPreview": "'export PATH=\"$PWD/tools:$PATH\" && hwpod workspace rg \"arm_2d'\"\\.h\" --hwpod-id d601-f103-v2 --workspace-path \"F:\\Work\\HWLAB-CASE-F103\\.worktree\\caserun-d601-f103-v2-arm2d-integration-20260608131849-6756a891\" --context 0 --max-matches 30 projects/ 2>&1\"\nstdout:\n{ \"ok\": true, \"action\": \"hwpod-cli.invoke\", \"status\": \"completed\", \"specPath\": \"hwpod://d601-f103-v2\", \"hwpodId\": \"d601-f103-v2\", \"specAuthority\": \"preinstalled-verified-spec\", \"intent\": \"workspace.rg\", \"contractVersion\": \"hwpod-node-ops-v1\", \"compilerInvocation\": { \"compiler\": \"hwpod-compiler-cli\", \"mode\": \"in-process\", \"entrypoint\": \"tools/src/hwpod-harness-lib.ts\", \"argv\": [ \"compile\", \"--hwpod-id\", \"d601-f103-v2\", \"--intent\", \"workspace.rg\", \"--args\", \"<json>\" ], \"exitCode\": 0, \"action\": \"hwpod-compiler.compile\", \"contractVersion\": \"hwpod-node-ops-v1\", \"planId\": \"hwpod_plan_794e29c1-f89...\nexitCode=0",
          "exitCode": 0
        },
        {
          "source": "trace-row",
          "seq": 11913,
          "rowId": "tool:call_00_AXJ16092gUVj0urIC3NS8772",
          "header": "13:20:22 total=00:01:23 ok commandExecution",
          "command": "'export PATH=\"$PWD/tools:$PATH\" && hwpod workspace cat projects/01_baseline/Middlewares/Arm-2D/Library/Include/arm_2d.h --hwpod-id d601-f103-v2 --workspace-path \"F:'\"\\Work\\HWLAB-CASE-F103\\.worktree\\caserun-d601-f103-v2-arm2d-integration-20260608131849-6756a891\" 2>&1 | head -200\"",
          "normalizedCommand": "hwpod workspace cat projects/01_baseline/Middlewares/Arm-2D/Library/Include/arm_2d.h --hwpod-id d601-f103-v2 --workspace-path \"F:'\"\\Work\\HWLAB-CASE-F103\\.worktree\\caserun-d601-f103-v2-arm2d-integration-20260608131849-6756a891\" 2>&1 | head -200",
          "bodyPreview": "'export PATH=\"$PWD/tools:$PATH\" && hwpod workspace cat projects/01_baseline/Middlewares/Arm-2D/Library/Include/arm_2d.h --hwpod-id d601-f103-v2 --workspace-path \"F:'\"\\Work\\HWLAB-CASE-F103\\.worktree\\caserun-d601-f103-v2-arm2d-integration-20260608131849-6756a891\" 2>&1 | head -200\"\nstdout:\n{ \"ok\": true, \"action\": \"hwpod-cli.invoke\", \"status\": \"completed\", \"specPath\": \"hwpod://d601-f103-v2\", \"hwpodId\": \"d601-f103-v2\", \"specAuthority\": \"preinstalled-verified-spec\", \"intent\": \"workspace.cat\", \"contractVersion\": \"hwpod-node-ops-v1\", \"compilerInvocation\": { \"compiler\": \"hwpod-compiler-cli\", \"mode\": \"in-process\", \"entrypoint\": \"tools/src/hwpod-harness-lib.ts\", \"argv\": [ \"compile\", \"--hwpod-id\", \"d601-f103-v2\", \"--intent\", \"workspace.cat\", \"--args\", \"<json>\" ], \"exitCode\": 0, \"action\": \"hwpod-compiler.compile\", \"contractVersion\": \"hwpod-node-ops-v1\", \"planId\": \"hwpod_plan_02ff4f09-9...\nexitCode=0",
          "exitCode": 0
        },
        {
          "source": "trace-row",
          "seq": 11914,
          "rowId": "tool:call_01_KWGOgpuID0PC6TtoJjd50700",
          "header": "13:20:22 total=00:01:23 ok commandExecution",
          "command": "'export PATH=\"$PWD/tools:$PATH\" && hwpod workspace rg \"arm_2d_types'\"\\.h\" --hwpod-id d601-f103-v2 --workspace-path \"F:\\Work\\HWLAB-CASE-F103\\.worktree\\caserun-d601-f103-v2-arm2d-integration-20260608131849-6756a891\" --context 0 --max-matches 10 projects/ 2>&1 | grep -E \":(text|line)\" \"",
          "normalizedCommand": "hwpod workspace rg \"arm_2d_types'\"\\.h\" --hwpod-id d601-f103-v2 --workspace-path \"F:\\Work\\HWLAB-CASE-F103\\.worktree\\caserun-d601-f103-v2-arm2d-integration-20260608131849-6756a891\" --context 0 --max-matches 10 projects/ 2>&1 | grep -E \":(text|line)\"",
          "bodyPreview": "'export PATH=\"$PWD/tools:$PATH\" && hwpod workspace rg \"arm_2d_types'\"\\.h\" --hwpod-id d601-f103-v2 --workspace-path \"F:\\Work\\HWLAB-CASE-F103\\.worktree\\caserun-d601-f103-v2-arm2d-integration-20260608131849-6756a891\" --context 0 --max-matches 10 projects/ 2>&1 | grep -E \":(text|line)\" \"\nstdout:\ncommandExecution failed: /bin/sh -lc 'export PATH=\"$PWD/tools:$PATH\" && hwpod workspace rg \"arm_2d_types'\"\\\\.h\\\" --hwpod-id d601-f103-v2 --workspace-path \\\"F:\\\\Work\\\\HWLAB-CASE-F103\\\\.worktree\\\\caserun-d601-f103-v2-arm2d-integration-20260608131849-6756a891\\\" --context 0 --max-matches 10 projects/ 2>&1 | grep -E \\\":(text|line)\\\" \" exit=1 durationMs=604\nexitCode=1",
          "exitCode": 1
        },
        {
          "source": "trace-row",
          "seq": 11924,
          "rowId": "tool:call_00_dmGTJlNnKPeuXmhEgnCZ8031",
          "header": "13:20:27 total=00:01:28 ok commandExecution",
          "command": "'export PATH=\"$PWD/tools:$PATH\" && hwpod workspace cat projects/01_baseline/Middlewares/Arm-2D/Library/Include/arm_2d_types.h --hwpod-id d601-f103-v2 --workspace-path \"F:'\"\\Work\\HWLAB-CASE-F103\\.worktree\\caserun-d601-f103-v2-arm2d-integration-20260608131849-6756a891\" 2>&1\"",
          "normalizedCommand": "hwpod workspace cat projects/01_baseline/Middlewares/Arm-2D/Library/Include/arm_2d_types.h --hwpod-id d601-f103-v2 --workspace-path \"F:'\"\\Work\\HWLAB-CASE-F103\\.worktree\\caserun-d601-f103-v2-arm2d-integration-20260608131849-6756a891\" 2>&1",
          "bodyPreview": "'export PATH=\"$PWD/tools:$PATH\" && hwpod workspace cat projects/01_baseline/Middlewares/Arm-2D/Library/Include/arm_2d_types.h --hwpod-id d601-f103-v2 --workspace-path \"F:'\"\\Work\\HWLAB-CASE-F103\\.worktree\\caserun-d601-f103-v2-arm2d-integration-20260608131849-6756a891\" 2>&1\"\nstdout:\n{ \"ok\": true, \"action\": \"hwpod-cli.invoke\", \"status\": \"completed\", \"specPath\": \"hwpod://d601-f103-v2\", \"hwpodId\": \"d601-f103-v2\", \"specAuthority\": \"preinstalled-verified-spec\", \"intent\": \"workspace.cat\", \"contractVersion\": \"hwpod-node-ops-v1\", \"compilerInvocation\": { \"compiler\": \"hwpod-compiler-cli\", \"mode\": \"in-process\", \"entrypoint\": \"tools/src/hwpod-harness-lib.ts\", \"argv\": [ \"compile\", \"--hwpod-id\", \"d601-f103-v2\", \"--intent\", \"workspace.cat\", \"--args\", \"<json>\" ], \"exitCode\": 0, \"action\": \"hwpod-compiler.compile\", \"contractVersion\": \"hwpod-node-ops-v1\", \"planId\": \"hwpod_plan_83c0e3d6-a...\nexitCode=0",
          "exitCode": 0
        },
        {
          "source": "trace-row",
          "seq": 11932,
          "rowId": "tool:call_02_sVlm8IRnzFHTHOWuIFFV9082",
          "header": "13:20:33 total=00:01:35 ok commandExecution",
          "command": "'export PATH=\"$PWD/tools:$PATH\" && hwpod workspace rg \"arm_2d_rgb16_fill_colour\" --hwpod-id d601-f103-v2 --workspace-path \"F:'\"\\Work\\HWLAB-CASE-F103\\.worktree\\caserun-d601-f103-v2-arm2d-integration-20260608131849-6756a891\" --context 5 --max-matches 10 projects/01_baseline/Middlewares/Arm-2D/Library/Include/ 2>&1\"",
          "normalizedCommand": "hwpod workspace rg \"arm_2d_rgb16_fill_colour\" --hwpod-id d601-f103-v2 --workspace-path \"F:'\"\\Work\\HWLAB-CASE-F103\\.worktree\\caserun-d601-f103-v2-arm2d-integration-20260608131849-6756a891\" --context 5 --max-matches 10 projects/01_baseline/Middlewares/Arm-2D/Library/Include/ 2>&1",
          "bodyPreview": "'export PATH=\"$PWD/tools:$PATH\" && hwpod workspace rg \"arm_2d_rgb16_fill_colour\" --hwpod-id d601-f103-v2 --workspace-path \"F:'\"\\Work\\HWLAB-CASE-F103\\.worktree\\caserun-d601-f103-v2-arm2d-integration-20260608131849-6756a891\" --context 5 --max-matches 10 projects/01_baseline/Middlewares/Arm-2D/Library/Include/ 2>&1\"\nstdout:\n{ \"ok\": true, \"action\": \"hwpod-cli.invoke\", \"status\": \"completed\", \"specPath\": \"hwpod://d601-f103-v2\", \"hwpodId\": \"d601-f103-v2\", \"specAuthority\": \"preinstalled-verified-spec\", \"intent\": \"workspace.rg\", \"contractVersion\": \"hwpod-node-ops-v1\", \"compilerInvocation\": { \"compiler\": \"hwpod-compiler-cli\", \"mode\": \"in-process\", \"entrypoint\": \"tools/src/hwpod-harness-lib.ts\", \"argv\": [ \"compile\", \"--hwpod-id\", \"d601-f103-v2\", \"--intent\", \"workspace.rg\", \"--args\", \"<json>\" ], \"exitCode\": 0, \"action\": \"hwpod-compiler.compile\", \"contractVersion\": \"hwpod-node-ops-v1\", \"planId\": \"hwpod_plan_9e3e38f4-1ff...\nexitCode=0",
          "exitCode": 0
        },
        {
          "source": "trace-row",
          "seq": 11933,
          "rowId": "tool:call_01_hKIF1KwazG8ssBgw3wu21147",
          "header": "13:20:33 total=00:01:35 ok commandExecution",
          "command": "'export PATH=\"$PWD/tools:$PATH\" && hwpod workspace rg \"typedef struct arm_2d_region_t\" --hwpod-id d601-f103-v2 --workspace-path \"F:'\"\\Work\\HWLAB-CASE-F103\\.worktree\\caserun-d601-f103-v2-arm2d-integration-20260608131849-6756a891\" --context 10 --max-matches 5 projects/01_baseline/Middlewares/Arm-2D/Library/Include/ 2>&1\"",
          "normalizedCommand": "hwpod workspace rg \"typedef struct arm_2d_region_t\" --hwpod-id d601-f103-v2 --workspace-path \"F:'\"\\Work\\HWLAB-CASE-F103\\.worktree\\caserun-d601-f103-v2-arm2d-integration-20260608131849-6756a891\" --context 10 --max-matches 5 projects/01_baseline/Middlewares/Arm-2D/Library/Include/ 2>&1",
          "bodyPreview": "'export PATH=\"$PWD/tools:$PATH\" && hwpod workspace rg \"typedef struct arm_2d_region_t\" --hwpod-id d601-f103-v2 --workspace-path \"F:'\"\\Work\\HWLAB-CASE-F103\\.worktree\\caserun-d601-f103-v2-arm2d-integration-20260608131849-6756a891\" --context 10 --max-matches 5 projects/01_baseline/Middlewares/Arm-2D/Library/Include/ 2>&1\"\nstdout:\n{ \"ok\": true, \"action\": \"hwpod-cli.invoke\", \"status\": \"completed\", \"specPath\": \"hwpod://d601-f103-v2\", \"hwpodId\": \"d601-f103-v2\", \"specAuthority\": \"preinstalled-verified-spec\", \"intent\": \"workspace.rg\", \"contractVersion\": \"hwpod-node-ops-v1\", \"compilerInvocation\": { \"compiler\": \"hwpod-compiler-cli\", \"mode\": \"in-process\", \"entrypoint\": \"tools/src/hwpod-harness-lib.ts\", \"argv\": [ \"compile\", \"--hwpod-id\", \"d601-f103-v2\", \"--intent\", \"workspace.rg\", \"--args\", \"<json>\" ], \"exitCode\": 0, \"action\": \"hwpod-compiler.compile\", \"contractVersion\": \"hwpod-node-ops-v1\", \"planId\": \"hwpod_plan_4e56e1e5-53a...\nexitCode=0",
          "exitCode": 0
        },
        {
          "source": "trace-row",
          "seq": 12072,
          "rowId": "tool:call_00_kqvQJwzDo9G8HkNVl3Pn2420",
          "header": "13:19:48 total=00:00:49 ok commandExecution",
          "command": "'export PATH=\"$PWD/tools:$PATH\" && hwpod workspace cat projects/01_baseline/User/d601_arm2d_demo.c --hwpod-id d601-f103-v2 --workspace-path \"F:'\"\\Work\\HWLAB-CASE-F103\\.worktree\\caserun-d601-f103-v2-arm2d-integration-20260608131849-6756a891\"\"",
          "normalizedCommand": "hwpod workspace cat projects/01_baseline/User/d601_arm2d_demo.c --hwpod-id d601-f103-v2 --workspace-path \"F:'\"\\Work\\HWLAB-CASE-F103\\.worktree\\caserun-d601-f103-v2-arm2d-integration-20260608131849-6756a891\"",
          "bodyPreview": "'export PATH=\"$PWD/tools:$PATH\" && hwpod workspace cat projects/01_baseline/User/d601_arm2d_demo.c --hwpod-id d601-f103-v2 --workspace-path \"F:'\"\\Work\\HWLAB-CASE-F103\\.worktree\\caserun-d601-f103-v2-arm2d-integration-20260608131849-6756a891\"\"\nstdout:\n{ \"ok\": true, \"action\": \"hwpod-cli.invoke\", \"status\": \"completed\", \"specPath\": \"hwpod://d601-f103-v2\", \"hwpodId\": \"d601-f103-v2\", \"specAuthority\": \"preinstalled-verified-spec\", \"intent\": \"workspace.cat\", \"contractVersion\": \"hwpod-node-ops-v1\", \"compilerInvocation\": { \"compiler\": \"hwpod-compiler-cli\", \"mode\": \"in-process\", \"entrypoint\": \"tools/src/hwpod-harness-lib.ts\", \"argv\": [ \"compile\", \"--hwpod-id\", \"d601-f103-v2\", \"--intent\", \"workspace.cat\", \"--args\", \"<json>\" ], \"exitCode\": 0, \"action\": \"hwpod-compiler.compile\", \"contractVersion\": \"hwpod-node-ops-v1\", \"planId\": \"hwpod_plan_182acba2-0...\nexitCode=0",
          "exitCode": 0
        },
        {
          "source": "trace-row",
          "seq": 12075,
          "rowId": "tool:call_00_oSoWcwuaUiUxdlc8tU7V4220",
          "header": "13:19:53 total=00:00:55 ok commandExecution",
          "command": "'export PATH=\"$PWD/tools:$PATH\" && hwpod workspace ls --hwpod-id d601-f103-v2 --workspace-path \"F:'\"\\Work\\HWLAB-CASE-F103\\.worktree\\caserun-d601-f103-v2-arm2d-integration-20260608131849-6756a891\" projects/01_baseline/Middlewares/\"",
          "normalizedCommand": "hwpod workspace ls --hwpod-id d601-f103-v2 --workspace-path \"F:'\"\\Work\\HWLAB-CASE-F103\\.worktree\\caserun-d601-f103-v2-arm2d-integration-20260608131849-6756a891\" projects/01_baseline/Middlewares/",
          "bodyPreview": "'export PATH=\"$PWD/tools:$PATH\" && hwpod workspace ls --hwpod-id d601-f103-v2 --workspace-path \"F:'\"\\Work\\HWLAB-CASE-F103\\.worktree\\caserun-d601-f103-v2-arm2d-integration-20260608131849-6756a891\" projects/01_baseline/Middlewares/\"\nstdout:\n{ \"ok\": true, \"action\": \"hwpod-cli.invoke\", \"status\": \"completed\", \"specPath\": \"hwpod://d601-f103-v2\", \"hwpodId\": \"d601-f103-v2\", \"specAuthority\": \"preinstalled-verified-spec\", \"intent\": \"workspace.ls\", \"contractVersion\": \"hwpod-node-ops-v1\", \"compilerInvocation\": { \"compiler\": \"hwpod-compiler-cli\", \"mode\": \"in-process\", \"entrypoint\": \"tools/src/hwpod-harness-lib.ts\", \"argv\": [ \"compile\", \"--hwpod-id\", \"d601-f103-v2\", \"--intent\", \"workspace.ls\", \"--args\", \"<json>\" ], \"exitCode\": 0, \"action\": \"hwpod-compiler.compile\", \"contractVersion\": \"hwpod-node-ops-v1\", \"planId\": \"hwpod_plan_741b7a98-e67...\nexitCode=0",
          "exitCode": 0
        },
        {
          "source": "trace-row",
          "seq": 12078,
          "rowId": "tool:call_00_fQJTAiFfRICglgSNthSQ7968",
          "header": "13:19:58 total=00:00:59 ok commandExecution",
          "command": "'export PATH=\"$PWD/tools:$PATH\" && hwpod workspace ls --hwpod-id d601-f103-v2 --workspace-path \"F:'\"\\Work\\HWLAB-CASE-F103\\.worktree\\caserun-d601-f103-v2-arm2d-integration-20260608131849-6756a891\" projects/01_baseline/Middlewares/Arm-2D/ 2>&1 | head -80\"",
          "normalizedCommand": "hwpod workspace ls --hwpod-id d601-f103-v2 --workspace-path \"F:'\"\\Work\\HWLAB-CASE-F103\\.worktree\\caserun-d601-f103-v2-arm2d-integration-20260608131849-6756a891\" projects/01_baseline/Middlewares/Arm-2D/ 2>&1 | head -80",
          "bodyPreview": "'export PATH=\"$PWD/tools:$PATH\" && hwpod workspace ls --hwpod-id d601-f103-v2 --workspace-path \"F:'\"\\Work\\HWLAB-CASE-F103\\.worktree\\caserun-d601-f103-v2-arm2d-integration-20260608131849-6756a891\" projects/01_baseline/Middlewares/Arm-2D/ 2>&1 | head -80\"\nstdout:\n{ \"ok\": true, \"action\": \"hwpod-cli.invoke\", \"status\": \"completed\", \"specPath\": \"hwpod://d601-f103-v2\", \"hwpodId\": \"d601-f103-v2\", \"specAuthority\": \"preinstalled-verified-spec\", \"intent\": \"workspace.ls\", \"contractVersion\": \"hwpod-node-ops-v1\", \"compilerInvocation\": { \"compiler\": \"hwpod-compiler-cli\", \"mode\": \"in-process\", \"entrypoint\": \"tools/src/hwpod-harness-lib.ts\", \"argv\": [ \"compile\", \"--hwpod-id\", \"d601-f103-v2\", \"--intent\", \"workspace.ls\", \"--args\", \"<json>\" ], \"exitCode\": 0, \"action\": \"hwpod-compiler.compile\", \"contractVersion\": \"hwpod-node-ops-v1\", \"planId\": \"hwpod_plan_07add02c-842...\nexitCode=0",
          "exitCode": 0
        },
        {
          "source": "trace-row",
          "seq": 12189,
          "rowId": "tool:call_00_6w01hVCBE2aoDgDIL5z96542",
          "header": "13:23:22 total=00:04:23 ok commandExecution",
          "command": "'export PATH=\"$PWD/tools:$PATH\" && cat > /tmp/new_demo.c << '\"'ENDCODE' #include \"d601_arm2d_demo.h\" #include \"d601_lcd.h\" #include \"stm32f1xx_hal.h\" #include \"arm_2d.h\" #include <stdint.h> #include <string.h> #include <stdio.h> #define D601_ARM2D_PFB_WIDTH 240U #define D601_ARM2D_PFB_LINES 32U #define D601_RGB565(__R, __G, __B) \\ (uint16_t)((((uint16_t)(__R) & 0xF8U) << 8) | \\ (((uint16_t)(__G) & 0xFCU) << 3) | \\ ((uint16_t)(__B) >> 3)) #define D601_C_BG D601_RGB565( 2, 12, 28) #define D601_C_BANNER D601_RGB565( 6, 76, 118) #define D601_C_CARD D601_RGB565( 8, 36, 54) #define D601_C_PANEL D601_RGB565( 18, 34, 40) #define D601_C_FOOT D601_RGB565( 4, 22, 34) #define D601_C_AMBER D601_RGB565(248, 188, 54) #define D601_C_GREEN D601_RGB565( 44, 184, 118) #define D601_C_CYAN D601_RGB565( 42, 198, 216) #define D601_C_ORANGE D601_RGB565(238, 96, 54) #define D601_FPS_WIN...",
          "normalizedCommand": "export PATH=\"$PWD/tools:$PATH\" && cat > /tmp/new_demo.c << '\"'ENDCODE' #include \"d601_arm2d_demo.h\" #include \"d601_lcd.h\" #include \"stm32f1xx_hal.h\" #include \"arm_2d.h\" #include <stdint.h> #include <string.h> #include <stdio.h> #define D601_ARM2D_PFB_WIDTH 240U #define D601_ARM2D_PFB_LINES 32U #define D601_RGB565(__R, __G, __B) \\ (uint16_t)((((uint16_t)(__R) & 0xF8U) << 8) | \\ (((uint16_t)(__G) & 0xFCU) << 3) | \\ ((uint16_t)(__B) >> 3)) #define D601_C_BG D601_RGB565( 2, 12, 28) #define D601_C_BANNER D601_RGB565( 6, 76, 118) #define D601_C_CARD D601_RGB565( 8, 36, 54) #define D601_C_PANEL D601_RGB565( 18, 34, 40) #define D601_C_FOOT D601_RGB565( 4, 22, 34) #define D601_C_AMBER D601_RGB565(248, 188, 54) #define D601_C_GREEN D601_RGB565( 44, 184, 118) #define D601_C_CYAN D601_RGB565( 42, 198, 216) #define D601_C_ORANGE D601_RGB565(238, 96, 54) #define D601_FPS_WIN...",
          "bodyPreview": "'export PATH=\"$PWD/tools:$PATH\" && cat > /tmp/new_demo.c << '\"'ENDCODE' #include \"d601_arm2d_demo.h\" #include \"d601_lcd.h\" #include \"stm32f1xx_hal.h\" #include \"arm_2d.h\" #include <stdint.h> #include <string.h> #include <stdio.h> #define D601_ARM2D_PFB_WIDTH 240U #define D601_ARM2D_PFB_LINES 32U #define D601_RGB565(__R, __G, __B) \\ (uint16_t)((((uint16_t)(__R) & 0xF8U) << 8) | \\ (((uint16_t)(__G) & 0xFCU) << 3) | \\ ((uint16_t)(__B) >> 3)) #define D601_C_BG D601_RGB565( 2, 12, 28) #define D601_C_BANNER D601_RGB565( 6, 76, 118) #define D601_C_CARD D601_RGB565( 8, 36, 54) #define D601_C_PANEL D601_RGB565( 18, 34, 40) #define D601_C_FOOT D601_RGB565( 4, 22, 34) #define D601_C_AMBER D601_RGB565(248, 188, 54) #define D601_C_GREEN D601_RGB565( 44, 184, 118) #define D601_C_CYAN D601_RGB565( 42, 198, 216) #define D601_C_ORANGE D601_RGB565(238, 96, 54) #define D601_FPS_WIN...\nstdout:\nFile written: 6500 bytes\nexitCode=0",
          "exitCode": 0
        },
        {
          "source": "trace-row",
          "seq": 12383,
          "rowId": "tool:call_00_MTajHkjuB8ixh9WSF5qu6577",
          "header": "13:23:27 total=00:04:29 ok commandExecution",
          "command": "'export PATH=\"$PWD/tools:$PATH\" && hwpod workspace write '\"\\ --path \"projects/01_baseline/User/d601_arm2d_demo.c\" \\ --content \"\"'$(cat /tmp/new_demo.c)\" '\"\\ --hwpod-id d601-f103-v2 \\ --workspace-path \"F:\\Work\\HWLAB-CASE-F103\\.worktree\\caserun-d601-f103-v2-arm2d-integration-20260608131849-6756a891\" 2>&1\"",
          "normalizedCommand": "hwpod workspace write '\"\\ --path \"projects/01_baseline/User/d601_arm2d_demo.c\" \\ --content \"\"'$(cat /tmp/new_demo.c)\" '\"\\ --hwpod-id d601-f103-v2 \\ --workspace-path \"F:\\Work\\HWLAB-CASE-F103\\.worktree\\caserun-d601-f103-v2-arm2d-integration-20260608131849-6756a891\" 2>&1",
          "bodyPreview": "'export PATH=\"$PWD/tools:$PATH\" && hwpod workspace write '\"\\ --path \"projects/01_baseline/User/d601_arm2d_demo.c\" \\ --content \"\"'$(cat /tmp/new_demo.c)\" '\"\\ --hwpod-id d601-f103-v2 \\ --workspace-path \"F:\\Work\\HWLAB-CASE-F103\\.worktree\\caserun-d601-f103-v2-arm2d-integration-20260608131849-6756a891\" 2>&1\"\nstdout:\n{ \"ok\": true, \"action\": \"hwpod-cli.invoke\", \"status\": \"completed\", \"specPath\": \"hwpod://d601-f103-v2\", \"hwpodId\": \"d601-f103-v2\", \"specAuthority\": \"preinstalled-verified-spec\", \"intent\": \"workspace.write\", \"contractVersion\": \"hwpod-node-ops-v1\", \"compilerInvocation\": { \"compiler\": \"hwpod-compiler-cli\", \"mode\": \"in-process\", \"entrypoint\": \"tools/src/hwpod-harness-lib.ts\", \"argv\": [ \"compile\", \"--hwpod-id\", \"d601-f103-v2\", \"--intent\", \"workspace.write\", \"--args\", \"<json>\" ], \"exitCode\": 0, \"action\": \"hwpod-compiler.compile\", \"contractVersion\": \"hwpod-node-ops-v1\", \"planId\": \"hwpod_plan_1cd05d...\nexitCode=0",
          "exitCode": 0
        },
        {
          "source": "trace-row",
          "seq": 12775,
          "rowId": "tool:call_00_bEb2KBLd0k2QpDBxN1UX3869",
          "header": "13:23:33 total=00:04:34 ok commandExecution",
          "command": "'export PATH=\"$PWD/tools:$PATH\" && hwpod workspace rg \"''^void d601_arm2d_demo_task|''^static void arm2d_wait|''^static void arm2d_tile_bind|''^static void arm2d_fill_local\" --hwpod-id d601-f103-v2 --workspace-path \"F:'\"\\Work\\HWLAB-CASE-F103\\.worktree\\caserun-d601-f103-v2-arm2d-integration-20260608131849-6756a891\" --context 1 --max-matches 20 projects/01_baseline/User/d601_arm2d_demo.c 2>&1\"",
          "normalizedCommand": "hwpod workspace rg \"''^void d601_arm2d_demo_task|''^static void arm2d_wait|''^static void arm2d_tile_bind|''^static void arm2d_fill_local\" --hwpod-id d601-f103-v2 --workspace-path \"F:'\"\\Work\\HWLAB-CASE-F103\\.worktree\\caserun-d601-f103-v2-arm2d-integration-20260608131849-6756a891\" --context 1 --max-matches 20 projects/01_baseline/User/d601_arm2d_demo.c 2>&1",
          "bodyPreview": "'export PATH=\"$PWD/tools:$PATH\" && hwpod workspace rg \"''^void d601_arm2d_demo_task|''^static void arm2d_wait|''^static void arm2d_tile_bind|''^static void arm2d_fill_local\" --hwpod-id d601-f103-v2 --workspace-path \"F:'\"\\Work\\HWLAB-CASE-F103\\.worktree\\caserun-d601-f103-v2-arm2d-integration-20260608131849-6756a891\" --context 1 --max-matches 20 projects/01_baseline/User/d601_arm2d_demo.c 2>&1\"\nstdout:\n{ \"ok\": true, \"action\": \"hwpod-cli.invoke\", \"status\": \"completed\", \"specPath\": \"hwpod://d601-f103-v2\", \"hwpodId\": \"d601-f103-v2\", \"specAuthority\": \"preinstalled-verified-spec\", \"intent\": \"workspace.rg\", \"contractVersion\": \"hwpod-node-ops-v1\", \"compilerInvocation\": { \"compiler\": \"hwpod-compiler-cli\", \"mode\": \"in-process\", \"entrypoint\": \"tools/src/hwpod-harness-lib.ts\", \"argv\": [ \"compile\", \"--hwpod-id\", \"d601-f103-v2\", \"--intent\", \"workspace.rg\", \"--args\", \"<json>\" ], \"exitCode\": 0, \"action\": \"hwpod-compiler.compile\", \"contractVersion\": \"hwpod-node-ops-v1\", \"planId\": \"hwpod_plan_6d6e5dc9-e88...\nexitCode=0",
          "exitCode": 0
        },
        {
          "source": "trace-row",
          "seq": 14604,
          "rowId": "tool:call_00_BPtw23Oz5d9VH6WKWhm08753",
          "header": "13:23:59 total=00:05:01 ok commandExecution",
          "command": "'export PATH=\"$PWD/tools:$PATH\" && sleep 10 && hwpod job status 20260608_212341_709bfd89 --hwpod-id d601-f103-v2 --workspace-path \"F:'\"\\Work\\HWLAB-CASE-F103\\.worktree\\caserun-d601-f103-v2-arm2d-integration-20260608131849-6756a891\" 2>&1\"",
          "normalizedCommand": "hwpod job status 20260608_212341_709bfd89 --hwpod-id d601-f103-v2 --workspace-path \"F:'\"\\Work\\HWLAB-CASE-F103\\.worktree\\caserun-d601-f103-v2-arm2d-integration-20260608131849-6756a891\" 2>&1",
          "bodyPreview": "'export PATH=\"$PWD/tools:$PATH\" && sleep 10 && hwpod job status 20260608_212341_709bfd89 --hwpod-id d601-f103-v2 --workspace-path \"F:'\"\\Work\\HWLAB-CASE-F103\\.worktree\\caserun-d601-f103-v2-arm2d-integration-20260608131849-6756a891\" 2>&1\"\nstdout:\n{ \"ok\": true, \"action\": \"hwpod-cli.invoke\", \"status\": \"completed\", \"specPath\": \"hwpod://d601-f103-v2\", \"hwpodId\": \"d601-f103-v2\", \"specAuthority\": \"preinstalled-verified-spec\", \"intent\": \"debug.job-status\", \"contractVersion\": \"hwpod-node-ops-v1\", \"compilerInvocation\": { \"compiler\": \"hwpod-compiler-cli\", \"mode\": \"in-process\", \"entrypoint\": \"tools/src/hwpod-harness-lib.ts\", \"argv\": [ \"compile\", \"--hwpod-id\", \"d601-f103-v2\", \"--intent\", \"debug.job-status\", \"--args\", \"<json>\" ], \"exitCode\": 0, \"action\": \"hwpod-compiler.compile\", \"contractVersion\": \"hwpod-node-ops-v1\", \"planId\": \"hwpod_plan_1a60...\nexitCode=0",
          "exitCode": 0
        },
        {
          "source": "trace-row",
          "seq": 15229,
          "rowId": "tool:call_00_R3mV3icKJgapr2ekGT420187",
          "header": "13:24:09 total=00:05:10 ok commandExecution",
          "command": "'export PATH=\"$PWD/tools:$PATH\" && hwpod workspace rg \"Program Size:|Error|Warning\" --hwpod-id d601-f103-v2 --workspace-path \"F:'\"\\Work\\HWLAB-CASE-F103\\.worktree\\caserun-d601-f103-v2-arm2d-integration-20260608131849-6756a891\" --context 2 --max-matches 50 projects/01_baseline/Projects/MDK-ARM/output/ 2>&1\"",
          "normalizedCommand": "hwpod workspace rg \"Program Size:|Error|Warning\" --hwpod-id d601-f103-v2 --workspace-path \"F:'\"\\Work\\HWLAB-CASE-F103\\.worktree\\caserun-d601-f103-v2-arm2d-integration-20260608131849-6756a891\" --context 2 --max-matches 50 projects/01_baseline/Projects/MDK-ARM/output/ 2>&1",
          "bodyPreview": "'export PATH=\"$PWD/tools:$PATH\" && hwpod workspace rg \"Program Size:|Error|Warning\" --hwpod-id d601-f103-v2 --workspace-path \"F:'\"\\Work\\HWLAB-CASE-F103\\.worktree\\caserun-d601-f103-v2-arm2d-integration-20260608131849-6756a891\" --context 2 --max-matches 50 projects/01_baseline/Projects/MDK-ARM/output/ 2>&1\"\nstdout:\n{ \"ok\": true, \"action\": \"hwpod-cli.invoke\", \"status\": \"completed\", \"specPath\": \"hwpod://d601-f103-v2\", \"hwpodId\": \"d601-f103-v2\", \"specAuthority\": \"preinstalled-verified-spec\", \"intent\": \"workspace.rg\", \"contractVersion\": \"hwpod-node-ops-v1\", \"compilerInvocation\": { \"compiler\": \"hwpod-compiler-cli\", \"mode\": \"in-process\", \"entrypoint\": \"tools/src/hwpod-harness-lib.ts\", \"argv\": [ \"compile\", \"--hwpod-id\", \"d601-f103-v2\", \"--intent\", \"workspace.rg\", \"--args\", \"<json>\" ], \"exitCode\": 0, \"action\": \"hwpod-compiler.compile\", \"contractVersion\": \"hwpod-node-ops-v1\", \"planId\": \"hwpod_plan_44e09056-af9...\nexitCode=0",
          "exitCode": 0
        },
        {
          "source": "trace-row",
          "seq": 16083,
          "rowId": "tool:call_00_ET_AoWOAnE9XULDZLxg8Xuq5462",
          "header": "13:24:20 total=00:05:21 ok commandExecution",
          "command": "'export PATH=\"$PWD/tools:$PATH\" && echo \"=== main.c diff ===\" && hwpod workspace rg \"''^#include|d601_arm2d_demo_show|d601_arm2d_demo_task\" --hwpod-id d601-f103-v2 --workspace-path \"F:'\"\\Work\\HWLAB-CASE-F103\\.worktree\\caserun-d601-f103-v2-arm2d-integration-20260608131849-6756a891\" --context 1 --max-matches 20 projects/01_baseline/User/main.c 2>&1\"",
          "normalizedCommand": "hwpod workspace rg \"''^#include|d601_arm2d_demo_show|d601_arm2d_demo_task\" --hwpod-id d601-f103-v2 --workspace-path \"F:'\"\\Work\\HWLAB-CASE-F103\\.worktree\\caserun-d601-f103-v2-arm2d-integration-20260608131849-6756a891\" --context 1 --max-matches 20 projects/01_baseline/User/main.c 2>&1",
          "bodyPreview": "'export PATH=\"$PWD/tools:$PATH\" && echo \"=== main.c diff ===\" && hwpod workspace rg \"''^#include|d601_arm2d_demo_show|d601_arm2d_demo_task\" --hwpod-id d601-f103-v2 --workspace-path \"F:'\"\\Work\\HWLAB-CASE-F103\\.worktree\\caserun-d601-f103-v2-arm2d-integration-20260608131849-6756a891\" --context 1 --max-matches 20 projects/01_baseline/User/main.c 2>&1\"\nstdout:\n{ \"ok\": true, \"action\": \"hwpod-cli.invoke\", \"status\": \"completed\", \"specPath\": \"hwpod://d601-f103-v2\", \"hwpodId\": \"d601-f103-v2\", \"specAuthority\": \"preinstalled-verified-spec\", \"intent\": \"workspace.rg\", \"contractVersion\": \"hwpod-node-ops-v1\", \"compilerInvocation\": { \"compiler\": \"hwpod-compiler-cli\", \"mode\": \"in-process\", \"entrypoint\": \"tools/src/hwpod-harness-lib.ts\", \"argv\": [ \"compile\", \"--hwpod-id\", \"d601-f103-v2\", \"--intent\", \"workspace.rg\", \"--args\", \"<json>\" ], \"exitCode\": 0, \"action\": \"hwpod-compiler.compile\", \"contractVersion\": \"hwpod-node-ops-v1\", \"planId\": \"hwpod_plan_895d1daf-8fb...\nexitCode=0",
          "exitCode": 0
        },
        {
          "source": "trace-row",
          "seq": 11934,
          "rowId": "tool:call_00_oONzpa3nKzmOxf9BHQYV7013",
          "header": "13:20:33 total=00:01:35 ok commandExecution",
          "command": "'export PATH=\"$PWD/tools:$PATH\" && hwpod workspace rg \"typedef struct arm_2d_tile_t\" --hwpod-id d601-f103-v2 --workspace-path \"F:'\"\\Work\\HWLAB-CASE-F103\\.worktree\\caserun-d601-f103-v2-arm2d-integration-20260608131849-6756a891\" --context 20 --max-matches 5 projects/01_baseline/Middlewares/Arm-2D/Library/Include/ 2>&1\"",
          "normalizedCommand": "hwpod workspace rg \"typedef struct arm_2d_tile_t\" --hwpod-id d601-f103-v2 --workspace-path \"F:'\"\\Work\\HWLAB-CASE-F103\\.worktree\\caserun-d601-f103-v2-arm2d-integration-20260608131849-6756a891\" --context 20 --max-matches 5 projects/01_baseline/Middlewares/Arm-2D/Library/Include/ 2>&1",
          "bodyPreview": "'export PATH=\"$PWD/tools:$PATH\" && hwpod workspace rg \"typedef struct arm_2d_tile_t\" --hwpod-id d601-f103-v2 --workspace-path \"F:'\"\\Work\\HWLAB-CASE-F103\\.worktree\\caserun-d601-f103-v2-arm2d-integration-20260608131849-6756a891\" --context 20 --max-matches 5 projects/01_baseline/Middlewares/Arm-2D/Library/Include/ 2>&1\"\nstdout:\n{ \"ok\": true, \"action\": \"hwpod-cli.invoke\", \"status\": \"completed\", \"specPath\": \"hwpod://d601-f103-v2\", \"hwpodId\": \"d601-f103-v2\", \"specAuthority\": \"preinstalled-verified-spec\", \"intent\": \"workspace.rg\", \"contractVersion\": \"hwpod-node-ops-v1\", \"compilerInvocation\": { \"compiler\": \"hwpod-compiler-cli\", \"mode\": \"in-process\", \"entrypoint\": \"tools/src/hwpod-harness-lib.ts\", \"argv\": [ \"compile\", \"--hwpod-id\", \"d601-f103-v2\", \"--intent\", \"workspace.rg\", \"--args\", \"<json>\" ], \"exitCode\": 0, \"action\": \"hwpod-compiler.compile\", \"contractVersion\": \"hwpod-node-ops-v1\", \"planId\": \"hwpod_plan_ac7f7d6a-03a...\nexitCode=0",
          "exitCode": 0
        },
        {
          "source": "trace-row",
          "seq": 11942,
          "rowId": "tool:call_01_pjAPQHyjqcrgDbSWyCcb5144",
          "header": "13:20:39 total=00:01:40 ok commandExecution",
          "command": "'export PATH=\"$PWD/tools:$PATH\" && hwpod workspace rg \"struct arm_2d_tile_t\" --hwpod-id d601-f103-v2 --workspace-path \"F:'\"\\Work\\HWLAB-CASE-F103\\.worktree\\caserun-d601-f103-v2-arm2d-integration-20260608131849-6756a891\" --context 30 --max-matches 5 projects/01_baseline/Middlewares/Arm-2D/Library/Include/arm_2d_types.h 2>&1\"",
          "normalizedCommand": "hwpod workspace rg \"struct arm_2d_tile_t\" --hwpod-id d601-f103-v2 --workspace-path \"F:'\"\\Work\\HWLAB-CASE-F103\\.worktree\\caserun-d601-f103-v2-arm2d-integration-20260608131849-6756a891\" --context 30 --max-matches 5 projects/01_baseline/Middlewares/Arm-2D/Library/Include/arm_2d_types.h 2>&1",
          "bodyPreview": "'export PATH=\"$PWD/tools:$PATH\" && hwpod workspace rg \"struct arm_2d_tile_t\" --hwpod-id d601-f103-v2 --workspace-path \"F:'\"\\Work\\HWLAB-CASE-F103\\.worktree\\caserun-d601-f103-v2-arm2d-integration-20260608131849-6756a891\" --context 30 --max-matches 5 projects/01_baseline/Middlewares/Arm-2D/Library/Include/arm_2d_types.h 2>&1\"\nstdout:\n{ \"ok\": true, \"action\": \"hwpod-cli.invoke\", \"status\": \"completed\", \"specPath\": \"hwpod://d601-f103-v2\", \"hwpodId\": \"d601-f103-v2\", \"specAuthority\": \"preinstalled-verified-spec\", \"intent\": \"workspace.rg\", \"contractVersion\": \"hwpod-node-ops-v1\", \"compilerInvocation\": { \"compiler\": \"hwpod-compiler-cli\", \"mode\": \"in-process\", \"entrypoint\": \"tools/src/hwpod-harness-lib.ts\", \"argv\": [ \"compile\", \"--hwpod-id\", \"d601-f103-v2\", \"--intent\", \"workspace.rg\", \"--args\", \"<json>\" ], \"exitCode\": 0, \"action\": \"hwpod-compiler.compile\", \"contractVersion\": \"hwpod-node-ops-v1\", \"planId\": \"hwpod_plan_b20e4744-b76...\nexitCode=0",
          "exitCode": 0
        },
        {
          "source": "trace-row",
          "seq": 11945,
          "rowId": "tool:call_00_uWzdxa7v9uWguf0GMgVB4527",
          "header": "13:20:40 total=00:01:41 ok commandExecution",
          "command": "'export PATH=\"$PWD/tools:$PATH\" && hwpod workspace rg \"arm_2dp_rgb16_fill_colour\" --hwpod-id d601-f103-v2 --workspace-path \"F:'\"\\Work\\HWLAB-CASE-F103\\.worktree\\caserun-d601-f103-v2-arm2d-integration-20260608131849-6756a891\" --context 10 --max-matches 5 projects/01_baseline/Middlewares/Arm-2D/Library/Include/arm_2d_draw.h 2>&1\"",
          "normalizedCommand": "hwpod workspace rg \"arm_2dp_rgb16_fill_colour\" --hwpod-id d601-f103-v2 --workspace-path \"F:'\"\\Work\\HWLAB-CASE-F103\\.worktree\\caserun-d601-f103-v2-arm2d-integration-20260608131849-6756a891\" --context 10 --max-matches 5 projects/01_baseline/Middlewares/Arm-2D/Library/Include/arm_2d_draw.h 2>&1",
          "bodyPreview": "'export PATH=\"$PWD/tools:$PATH\" && hwpod workspace rg \"arm_2dp_rgb16_fill_colour\" --hwpod-id d601-f103-v2 --workspace-path \"F:'\"\\Work\\HWLAB-CASE-F103\\.worktree\\caserun-d601-f103-v2-arm2d-integration-20260608131849-6756a891\" --context 10 --max-matches 5 projects/01_baseline/Middlewares/Arm-2D/Library/Include/arm_2d_draw.h 2>&1\"\nstdout:\n{ \"ok\": true, \"action\": \"hwpod-cli.invoke\", \"status\": \"completed\", \"specPath\": \"hwpod://d601-f103-v2\", \"hwpodId\": \"d601-f103-v2\", \"specAuthority\": \"preinstalled-verified-spec\", \"intent\": \"workspace.rg\", \"contractVersion\": \"hwpod-node-ops-v1\", \"compilerInvocation\": { \"compiler\": \"hwpod-compiler-cli\", \"mode\": \"in-process\", \"entrypoint\": \"tools/src/hwpod-harness-lib.ts\", \"argv\": [ \"compile\", \"--hwpod-id\", \"d601-f103-v2\", \"--intent\", \"workspace.rg\", \"--args\", \"<json>\" ], \"exitCode\": 0, \"action\": \"hwpod-compiler.compile\", \"contractVersion\": \"hwpod-node-ops-v1\", \"planId\": \"hwpod_plan_3447d9c5-f8d...\nexitCode=0",
          "exitCode": 0
        },
        {
          "source": "trace-row",
          "seq": 11949,
          "rowId": "tool:call_00_hdfmamfDEfPOKHmhDcX54379",
          "header": "13:20:50 total=00:01:51 ok commandExecution",
          "command": "'export PATH=\"$PWD/tools:$PATH\" && hwpod workspace ls --hwpod-id d601-f103-v2 --workspace-path \"F:'\"\\Work\\HWLAB-CASE-F103\\.worktree\\caserun-d601-f103-v2-arm2d-integration-20260608131849-6756a891\" projects/01_baseline/Projects/ 2>&1\"",
          "normalizedCommand": "hwpod workspace ls --hwpod-id d601-f103-v2 --workspace-path \"F:'\"\\Work\\HWLAB-CASE-F103\\.worktree\\caserun-d601-f103-v2-arm2d-integration-20260608131849-6756a891\" projects/01_baseline/Projects/ 2>&1",
          "bodyPreview": "'export PATH=\"$PWD/tools:$PATH\" && hwpod workspace ls --hwpod-id d601-f103-v2 --workspace-path \"F:'\"\\Work\\HWLAB-CASE-F103\\.worktree\\caserun-d601-f103-v2-arm2d-integration-20260608131849-6756a891\" projects/01_baseline/Projects/ 2>&1\"\nstdout:\n{ \"ok\": true, \"action\": \"hwpod-cli.invoke\", \"status\": \"completed\", \"specPath\": \"hwpod://d601-f103-v2\", \"hwpodId\": \"d601-f103-v2\", \"specAuthority\": \"preinstalled-verified-spec\", \"intent\": \"workspace.ls\", \"contractVersion\": \"hwpod-node-ops-v1\", \"compilerInvocation\": { \"compiler\": \"hwpod-compiler-cli\", \"mode\": \"in-process\", \"entrypoint\": \"tools/src/hwpod-harness-lib.ts\", \"argv\": [ \"compile\", \"--hwpod-id\", \"d601-f103-v2\", \"--intent\", \"workspace.ls\", \"--args\", \"<json>\" ], \"exitCode\": 0, \"action\": \"hwpod-compiler.compile\", \"contractVersion\": \"hwpod-node-ops-v1\", \"planId\": \"hwpod_plan_a9ff89f3-022...\nexitCode=0",
          "exitCode": 0
        },
        {
          "source": "trace-row",
          "seq": 11957,
          "rowId": "tool:call_00_GG0mg53P3pOcaUGsiF4L1502",
          "header": "13:21:00 total=00:02:02 ok commandExecution",
          "command": "'export PATH=\"$PWD/tools:$PATH\" && hwpod workspace rg \"arm_2d_location_t\" --hwpod-id d601-f103-v2 --workspace-path \"F:'\"\\Work\\HWLAB-CASE-F103\\.worktree\\caserun-d601-f103-v2-arm2d-integration-20260608131849-6756a891\" --context 5 --max-matches 5 projects/01_baseline/Middlewares/Arm-2D/Library/Include/arm_2d_types.h 2>&1\"",
          "normalizedCommand": "hwpod workspace rg \"arm_2d_location_t\" --hwpod-id d601-f103-v2 --workspace-path \"F:'\"\\Work\\HWLAB-CASE-F103\\.worktree\\caserun-d601-f103-v2-arm2d-integration-20260608131849-6756a891\" --context 5 --max-matches 5 projects/01_baseline/Middlewares/Arm-2D/Library/Include/arm_2d_types.h 2>&1",
          "bodyPreview": "'export PATH=\"$PWD/tools:$PATH\" && hwpod workspace rg \"arm_2d_location_t\" --hwpod-id d601-f103-v2 --workspace-path \"F:'\"\\Work\\HWLAB-CASE-F103\\.worktree\\caserun-d601-f103-v2-arm2d-integration-20260608131849-6756a891\" --context 5 --max-matches 5 projects/01_baseline/Middlewares/Arm-2D/Library/Include/arm_2d_types.h 2>&1\"\nstdout:\n{ \"ok\": true, \"action\": \"hwpod-cli.invoke\", \"status\": \"completed\", \"specPath\": \"hwpod://d601-f103-v2\", \"hwpodId\": \"d601-f103-v2\", \"specAuthority\": \"preinstalled-verified-spec\", \"intent\": \"workspace.rg\", \"contractVersion\": \"hwpod-node-ops-v1\", \"compilerInvocation\": { \"compiler\": \"hwpod-compiler-cli\", \"mode\": \"in-process\", \"entrypoint\": \"tools/src/hwpod-harness-lib.ts\", \"argv\": [ \"compile\", \"--hwpod-id\", \"d601-f103-v2\", \"--intent\", \"workspace.rg\", \"--args\", \"<json>\" ], \"exitCode\": 0, \"action\": \"hwpod-compiler.compile\", \"contractVersion\": \"hwpod-node-ops-v1\", \"planId\": \"hwpod_plan_75b263c1-55c...\nexitCode=0",
          "exitCode": 0
        },
        {
          "source": "trace-row",
          "seq": 11958,
          "rowId": "tool:call_01_4QzCuqhI2TSv8wGwofBl2891",
          "header": "13:21:00 total=00:02:02 ok commandExecution",
          "command": "'export PATH=\"$PWD/tools:$PATH\" && hwpod workspace rg \"arm_2d_op_fill_cl_t\" --hwpod-id d601-f103-v2 --workspace-path \"F:'\"\\Work\\HWLAB-CASE-F103\\.worktree\\caserun-d601-f103-v2-arm2d-integration-20260608131849-6756a891\" --context 5 --max-matches 5 projects/01_baseline/Middlewares/Arm-2D/Library/Include/ 2>&1\"",
          "normalizedCommand": "hwpod workspace rg \"arm_2d_op_fill_cl_t\" --hwpod-id d601-f103-v2 --workspace-path \"F:'\"\\Work\\HWLAB-CASE-F103\\.worktree\\caserun-d601-f103-v2-arm2d-integration-20260608131849-6756a891\" --context 5 --max-matches 5 projects/01_baseline/Middlewares/Arm-2D/Library/Include/ 2>&1",
          "bodyPreview": "'export PATH=\"$PWD/tools:$PATH\" && hwpod workspace rg \"arm_2d_op_fill_cl_t\" --hwpod-id d601-f103-v2 --workspace-path \"F:'\"\\Work\\HWLAB-CASE-F103\\.worktree\\caserun-d601-f103-v2-arm2d-integration-20260608131849-6756a891\" --context 5 --max-matches 5 projects/01_baseline/Middlewares/Arm-2D/Library/Include/ 2>&1\"\nstdout:\n{ \"ok\": true, \"action\": \"hwpod-cli.invoke\", \"status\": \"completed\", \"specPath\": \"hwpod://d601-f103-v2\", \"hwpodId\": \"d601-f103-v2\", \"specAuthority\": \"preinstalled-verified-spec\", \"intent\": \"workspace.rg\", \"contractVersion\": \"hwpod-node-ops-v1\", \"compilerInvocation\": { \"compiler\": \"hwpod-compiler-cli\", \"mode\": \"in-process\", \"entrypoint\": \"tools/src/hwpod-harness-lib.ts\", \"argv\": [ \"compile\", \"--hwpod-id\", \"d601-f103-v2\", \"--intent\", \"workspace.rg\", \"--args\", \"<json>\" ], \"exitCode\": 0, \"action\": \"hwpod-compiler.compile\", \"contractVersion\": \"hwpod-node-ops-v1\", \"planId\": \"hwpod_plan_2133ad5c-955...\nexitCode=0",
          "exitCode": 0
        },
        {
          "source": "trace-row",
          "seq": 11969,
          "rowId": "tool:call_00_LlRJepjXNasOsruuVhP03520",
          "header": "13:21:33 total=00:02:34 ok commandExecution",
          "command": "'export PATH=\"$PWD/tools:$PATH\" && hwpod workspace insert-after '\"\\ --path \"projects/01_baseline/User/main.c\" \\ --anchor ' d601_gpio_init();' \\ --line ' d601_arm2d_demo_show();' \\ --hwpod-id d601-f103-v2 \\ --workspace-path \"F:\\Work\\HWLAB-CASE-F103\\.worktree\\caserun-d601-f103-v2-arm2d-integration-20260608131849-6756a891\" 2>&1\"",
          "normalizedCommand": "hwpod workspace insert-after '\"\\ --path \"projects/01_baseline/User/main.c\" \\ --anchor ' d601_gpio_init();' \\ --line ' d601_arm2d_demo_show();' \\ --hwpod-id d601-f103-v2 \\ --workspace-path \"F:\\Work\\HWLAB-CASE-F103\\.worktree\\caserun-d601-f103-v2-arm2d-integration-20260608131849-6756a891\" 2>&1",
          "bodyPreview": "'export PATH=\"$PWD/tools:$PATH\" && hwpod workspace insert-after '\"\\ --path \"projects/01_baseline/User/main.c\" \\ --anchor ' d601_gpio_init();' \\ --line ' d601_arm2d_demo_show();' \\ --hwpod-id d601-f103-v2 \\ --workspace-path \"F:\\Work\\HWLAB-CASE-F103\\.worktree\\caserun-d601-f103-v2-arm2d-integration-20260608131849-6756a891\" 2>&1\"\nstdout:\n{ \"ok\": true, \"action\": \"hwpod-cli.invoke\", \"status\": \"completed\", \"specPath\": \"hwpod://d601-f103-v2\", \"hwpodId\": \"d601-f103-v2\", \"specAuthority\": \"preinstalled-verified-spec\", \"intent\": \"workspace.insert-after\", \"contractVersion\": \"hwpod-node-ops-v1\", \"compilerInvocation\": { \"compiler\": \"hwpod-compiler-cli\", \"mode\": \"in-process\", \"entrypoint\": \"tools/src/hwpod-harness-lib.ts\", \"argv\": [ \"compile\", \"--hwpod-id\", \"d601-f103-v2\", \"--intent\", \"workspace.insert-after\", \"--args\", \"<json>\" ], \"exitCode\": 0, \"action\": \"hwpod-compiler.compile\", \"contractVersion\": \"hwpod-node-ops-v1\", \"planId\": \"hwp...\nexitCode=0",
          "exitCode": 0
        },
        {
          "source": "trace-row",
          "seq": 11972,
          "rowId": "tool:call_00_VDQXXrub2JslvCrMgONU2239",
          "header": "13:21:38 total=00:02:39 ok commandExecution",
          "command": "'export PATH=\"$PWD/tools:$PATH\" && hwpod workspace cat projects/01_baseline/User/main.c --hwpod-id d601-f103-v2 --workspace-path \"F:'\"\\Work\\HWLAB-CASE-F103\\.worktree\\caserun-d601-f103-v2-arm2d-integration-20260608131849-6756a891\" 2>&1\"",
          "normalizedCommand": "hwpod workspace cat projects/01_baseline/User/main.c --hwpod-id d601-f103-v2 --workspace-path \"F:'\"\\Work\\HWLAB-CASE-F103\\.worktree\\caserun-d601-f103-v2-arm2d-integration-20260608131849-6756a891\" 2>&1",
          "bodyPreview": "'export PATH=\"$PWD/tools:$PATH\" && hwpod workspace cat projects/01_baseline/User/main.c --hwpod-id d601-f103-v2 --workspace-path \"F:'\"\\Work\\HWLAB-CASE-F103\\.worktree\\caserun-d601-f103-v2-arm2d-integration-20260608131849-6756a891\" 2>&1\"\nstdout:\n{ \"ok\": true, \"action\": \"hwpod-cli.invoke\", \"status\": \"completed\", \"specPath\": \"hwpod://d601-f103-v2\", \"hwpodId\": \"d601-f103-v2\", \"specAuthority\": \"preinstalled-verified-spec\", \"intent\": \"workspace.cat\", \"contractVersion\": \"hwpod-node-ops-v1\", \"compilerInvocation\": { \"compiler\": \"hwpod-compiler-cli\", \"mode\": \"in-process\", \"entrypoint\": \"tools/src/hwpod-harness-lib.ts\", \"argv\": [ \"compile\", \"--hwpod-id\", \"d601-f103-v2\", \"--intent\", \"workspace.cat\", \"--args\", \"<json>\" ], \"exitCode\": 0, \"action\": \"hwpod-compiler.compile\", \"contractVersion\": \"hwpod-node-ops-v1\", \"planId\": \"hwpod_plan_02405a7e-1...\nexitCode=0",
          "exitCode": 0
        }
      ]
    },
    "agentDiff": {
      "statusShort": "M projects/01_baseline/User/d601_arm2d_demo.c\n M projects/01_baseline/User/main.c",
      "diffStat": "projects/01_baseline/User/d601_arm2d_demo.c | 219 ++++++++++++++++++++++------\n projects/01_baseline/User/main.c            |   3 +\n 2 files changed, 174 insertions(+), 48 deletions(-)",
      "diffPatchPath": "/root/hwlab-v02/.state/hwlab-cli/caserun/d601-f103-v2-arm2d-integration-20260608131849-6756a891/agent-diff.patch",
      "diffPatchSha256": "635ea9a0af5837a00eab885ed4bd1ce82d0f821f018465a29db1209a0e32d43c",
      "sourceRootStatusShort": "M projects/01_baseline/Projects/MDK-ARM/atk_f103.uvprojx",
      "sourceRootBaseline": {
        "label": "before-prepare",
        "statusShort": "M projects/01_baseline/Projects/MDK-ARM/atk_f103.uvprojx",
        "diffStat": ".../01_baseline/Projects/MDK-ARM/atk_f103.uvprojx   | 21 ++++++++++++++-------\n 1 file changed, 14 insertions(+), 7 deletions(-)",
        "diffSha256": "a847e886c801a597d96f40017f41c70262b024d5b6208bcc7ae343824c3c8d99",
        "diffBytes": 2029,
        "commands": {
          "status": {
            "label": "source-root-status",
            "httpStatus": 200,
            "exitCode": 0,
            "stdoutBytes": 56,
            "stderr": ""
          },
          "diffStat": {
            "label": "source-root-diff-stat",
            "httpStatus": 200,
            "exitCode": 0,
            "stdoutBytes": 128,
            "stderr": "warning: in the working copy of 'projects/01_baseline/Projects/MDK-ARM/atk_f103.uvprojx', LF will be replaced by CRLF the next time Git touches it"
          },
          "diffPatch": {
            "label": "source-root-diff-patch",
            "httpStatus": 200,
            "exitCode": 0,
            "stdoutBytes": 2029,
            "stderr": "warning: in the working copy of 'projects/01_baseline/Projects/MDK-ARM/atk_f103.uvprojx', LF will be replaced by CRLF the next time Git touches it"
          }
        }
      },
      "sourceRootAfterPrepare": {
        "label": "after-prepare",
        "statusShort": "M projects/01_baseline/Projects/MDK-ARM/atk_f103.uvprojx",
        "diffStat": ".../01_baseline/Projects/MDK-ARM/atk_f103.uvprojx   | 21 ++++++++++++++-------\n 1 file changed, 14 insertions(+), 7 deletions(-)",
        "diffSha256": "a847e886c801a597d96f40017f41c70262b024d5b6208bcc7ae343824c3c8d99",
        "diffBytes": 2029,
        "commands": {
          "status": {
            "label": "source-root-status",
            "httpStatus": 200,
            "exitCode": 0,
            "stdoutBytes": 56,
            "stderr": ""
          },
          "diffStat": {
            "label": "source-root-diff-stat",
            "httpStatus": 200,
            "exitCode": 0,
            "stdoutBytes": 128,
            "stderr": "warning: in the working copy of 'projects/01_baseline/Projects/MDK-ARM/atk_f103.uvprojx', LF will be replaced by CRLF the next time Git touches it"
          },
          "diffPatch": {
            "label": "source-root-diff-patch",
            "httpStatus": 200,
            "exitCode": 0,
            "stdoutBytes": 2029,
            "stderr": "warning: in the working copy of 'projects/01_baseline/Projects/MDK-ARM/atk_f103.uvprojx', LF will be replaced by CRLF the next time Git touches it"
          }
        }
      },
      "sourceRootAfterAgent": {
        "label": "after-agent",
        "statusShort": "M projects/01_baseline/Projects/MDK-ARM/atk_f103.uvprojx",
        "diffStat": ".../01_baseline/Projects/MDK-ARM/atk_f103.uvprojx   | 21 ++++++++++++++-------\n 1 file changed, 14 insertions(+), 7 deletions(-)",
        "diffSha256": "a847e886c801a597d96f40017f41c70262b024d5b6208bcc7ae343824c3c8d99",
        "diffBytes": 2029,
        "commands": {
          "status": {
            "label": "source-root-status",
            "httpStatus": 200,
            "exitCode": 0,
            "stdoutBytes": 56,
            "stderr": ""
          },
          "diffStat": {
            "label": "source-root-diff-stat",
            "httpStatus": 200,
            "exitCode": 0,
            "stdoutBytes": 128,
            "stderr": "warning: in the working copy of 'projects/01_baseline/Projects/MDK-ARM/atk_f103.uvprojx', LF will be replaced by CRLF the next time Git touches it"
          },
          "diffPatch": {
            "label": "source-root-diff-patch",
            "httpStatus": 200,
            "exitCode": 0,
            "stdoutBytes": 2029,
            "stderr": "warning: in the working copy of 'projects/01_baseline/Projects/MDK-ARM/atk_f103.uvprojx', LF will be replaced by CRLF the next time Git touches it"
          }
        }
      },
      "sourceRootChangedAfterPrepare": false,
      "sourceRootChangedAfterAgent": false,
      "requests": [
        {
          "label": "status",
          "httpStatus": 200,
          "exitCode": 0,
          "stdoutBytes": 81,
          "stderr": ""
        },
        {
          "label": "diff-stat",
          "httpStatus": 200,
          "exitCode": 0,
          "stdoutBytes": 184,
          "stderr": ""
        },
        {
          "label": "diff-patch",
          "httpStatus": 200,
          "exitCode": 0,
          "stdoutBytes": 9642,
          "stderr": ""
        },
        {
          "label": "source-root-baseline",
          "statusShort": "M projects/01_baseline/Projects/MDK-ARM/atk_f103.uvprojx",
          "diffSha256": "a847e886c801a597d96f40017f41c70262b024d5b6208bcc7ae343824c3c8d99"
        },
        {
          "label": "source-root-after-prepare",
          "statusShort": "M projects/01_baseline/Projects/MDK-ARM/atk_f103.uvprojx",
          "diffSha256": "a847e886c801a597d96f40017f41c70262b024d5b6208bcc7ae343824c3c8d99"
        },
        {
          "label": "source-root-after-agent",
          "statusShort": "M projects/01_baseline/Projects/MDK-ARM/atk_f103.uvprojx",
          "diffSha256": "a847e886c801a597d96f40017f41c70262b024d5b6208bcc7ae343824c3c8d99"
        }
      ]
    },
    "hwpod": {
      "source": "case-run-runner-post-agent-compile-check",
      "command": [
        "bun",
        "hwpod-cli.ts",
        "build",
        "--spec",
        "hwpod-spec.yaml",
        "--reason",
        "case-run d601-f103-v2-arm2d-integration d601-f103-v2-arm2d-integration-20260608131849-6756a891 compile-only"
      ],
      "exitCode": 0,
      "stdoutJson": {
        "ok": true,
        "action": "hwpod-cli.invoke",
        "status": "completed",
        "results": [
          {
            "opId": "op_01_cmd_run",
            "op": "cmd.run",
            "ok": true,
            "status": "completed",
            "output": {
              "cwd": "F:\\Work\\HWLAB-CASE-F103\\.worktree\\caserun-d601-f103-v2-arm2d-integration-20260608131849-6756a891",
              "command": [
                "py",
                "-3",
                "C:\\Users\\liang\\.agents\\skills\\keil\\keil-cli.py",
                "build",
                "-p",
                "F:\\Work\\HWLAB-CASE-F103\\.worktree\\caserun-d601-f103-v2-arm2d-integration-20260608131849-6756a891\\projects\\01_baseline\\Projects\\MDK-ARM\\atk_f103.uvprojx",
                "-t",
                "USART"
              ],
              "exitCode": 0,
              "stdout": "{\r\n  \"accepted\": true,\r\n  \"command\": \"build\",\r\n  \"mode\": \"async\",\r\n  \"job_id\": \"20260608_212444_9b5e910a\",\r\n  \"status\": \"queued\",\r\n  \"state_file\": \"C:\\\\Users\\\\liang\\\\.agents\\\\skills\\\\keil\\\\.state\\\\jobs\\\\20260608_212444_9b5e910a.json\",\r\n  \"check_command\": \"py -3 keil-cli.py job-status 20260608_212444_9b5e910a\",\r\n  \"hex_file_preview\": \"F:\\\\Work\\\\HWLAB-CASE-F103\\\\.worktree\\\\caserun-d601-f103-v2-arm2d-integration-20260608131849-6756a891\\\\projects\\\\01_baseline\\\\Output\\\\atk_f103.hex\",\r\n  \"axf_file_preview\": \"F:\\\\Work\\\\HWLAB-CASE-F103\\\\.worktree\\\\caserun-d601-f103-v2-arm2d-integration-20260608131849-6756a891\\\\projects\\\\01_baseline\\\\Output\\\\atk_f103.axf\"\r\n}\r\n",
              "stderr": "",
              "ok": true,
              "commandResolution": {
                "requested": "py",
                "command": "py",
                "resolved": false,
                "source": "process-path",
                "candidates": []
              }
            }
          }
        ]
      }
    },
    "keilJob": {
      "status": "completed",
      "returnCode": 0,
      "warningCount": 0,
      "success": true,
      "artifacts": [
        "F:\\Work\\HWLAB-CASE-F103\\.worktree\\caserun-d601-f103-v2-arm2d-integration-20260608131849-6756a891\\projects\\01_baseline\\Output\\atk_f103.hex",
        "F:\\Work\\HWLAB-CASE-F103\\.worktree\\caserun-d601-f103-v2-arm2d-integration-20260608131849-6756a891\\projects\\01_baseline\\Output\\atk_f103.axf"
      ],
      "raw": {
        "job_id": "20260608_212444_9b5e910a",
        "command": "build",
        "status": "completed",
        "created_at": "2026-06-08T21:24:44.152147",
        "started_at": "2026-06-08T21:24:44.376239",
        "finished_at": "2026-06-08T21:24:46.733853",
        "return_code": 0,
        "success": true,
        "params": {
          "project": "F:\\Work\\HWLAB-CASE-F103\\.worktree\\caserun-d601-f103-v2-arm2d-integration-20260608131849-6756a891\\projects\\01_baseline\\Projects\\MDK-ARM\\atk_f103.uvprojx",
          "programmer": null,
          "probe": null,
          "target": "USART",
          "program_backend": null,
          "erase_mode": null
        },
        "result": {
          "return_code": 0,
          "success": true,
          "message": "Build completed successfully",
          "hex_file": "F:\\Work\\HWLAB-CASE-F103\\.worktree\\caserun-d601-f103-v2-arm2d-integration-20260608131849-6756a891\\projects\\01_baseline\\Output\\atk_f103.hex",
          "axf_file": "F:\\Work\\HWLAB-CASE-F103\\.worktree\\caserun-d601-f103-v2-arm2d-integration-20260608131849-6756a891\\projects\\01_baseline\\Output\\atk_f103.axf",
          "warning_count": 0,
          "target": "USART",
          "shared_output_cleanup": {
            "performed": false,
            "patterns": [],
            "removed_count": 0,
            "removed_files": []
          },
          "cleared_build_state_file": null,
          "build_state_file": "F:\\Work\\HWLAB-CASE-F103\\.worktree\\caserun-d601-f103-v2-arm2d-integration-20260608131849-6756a891\\projects\\01_baseline\\Projects\\MDK-ARM\\output\\.keil_target_build_state.json",
          "_log_file": "C:\\Users\\liang\\.agents\\skills\\keil\\logs\\20260608\\keil_build_20260608_212444.jsonl"
        },
        "log_file": "C:\\Users\\liang\\.agents\\skills\\keil\\logs\\20260608\\keil_build_20260608_212444.jsonl",
        "runner": {
          "argv": [
            "C:\\Users\\liang\\AppData\\Local\\Microsoft\\WindowsApps\\PythonSoftwareFoundation.Python.3.13_qbz5n2kfra8p0\\python.exe",
            "C:\\Users\\liang\\.agents\\skills\\keil\\keil-cli.py",
            "__job-runner",
            "--job-id",
            "20260608_212444_9b5e910a",
            "--target-command",
            "build",
            "--project",
            "F:\\Work\\HWLAB-CASE-F103\\.worktree\\caserun-d601-f103-v2-arm2d-integration-20260608131849-6756a891\\projects\\01_baseline\\Projects\\MDK-ARM\\atk_f103.uvprojx",
            "--target",
            "USART"
          ],
          "cwd": "C:\\Users\\liang\\.agents\\skills\\keil",
          "stdout_file": "C:\\Users\\liang\\.agents\\skills\\keil\\.state\\job-logs\\20260608_212444_9b5e910a.stdout.txt",
          "stderr_file": "C:\\Users\\liang\\.agents\\skills\\keil\\.state\\job-logs\\20260608_212444_9b5e910a.stderr.txt",
          "launched_at": "2026-06-08T21:24:44.156134",
          "pid": 74352
        },
        "state_file": "C:\\Users\\liang\\.agents\\skills\\keil\\.state\\jobs\\20260608_212444_9b5e910a.json",
        "runner_pid": 74352,
        "heartbeat_at": "2026-06-08T21:24:46.733856",
        "phase": "completed"
      },
      "jobId": "20260608_212444_9b5e910a",
      "polls": 2,
      "timedOut": false
    },
    "artifacts": [
      "F:\\Work\\HWLAB-CASE-F103\\.worktree\\caserun-d601-f103-v2-arm2d-integration-20260608131849-6756a891\\projects\\01_baseline\\Output\\atk_f103.hex",
      "F:\\Work\\HWLAB-CASE-F103\\.worktree\\caserun-d601-f103-v2-arm2d-integration-20260608131849-6756a891\\projects\\01_baseline\\Output\\atk_f103.axf"
    ],
    "decisions": {
      "autoEvaluation": false,
      "runnerPostAgentCompileCheck": "recorded",
      "reason": "flow-only run: CaseRun records agent, diff and compile evidence without auto-grading them",
      "buildJobRelationship": "agent-build-observed-plus-runner-post-agent-check"
    },
    "buildJobs": {
      "agentBuildJobIds": [
        "20260608_212341_709bfd89"
      ],
      "postAgentCompileJobId": "20260608_212444_9b5e910a",
      "relationship": "agent-build-observed-plus-runner-post-agent-check",
      "runnerPostAgentCompileCheck": "recorded"
    }
  }
}
